datetime_utc,open,high,low,close,volume
2026-09-20 22:04:00,4379.935,4380.105,4379.66,4379.95,20.0
2026-09-20 22:05:00,4379.97,4382.425,4379.235,4379.355,584.0
2026-09-20 22:06:00,4379.375,4379.375,4378.425,4378.845,185.0
2026-09-20 22:07:00,4378.705,4379.225,4377.44,4378.135,279.0
2026-09-20 22:08:00,4378.125,4378.29,4374.55,4375.855,249.0
2026-09-20 22:09:00,4375.83,4377.51,4375.82,4376.955,273.0
2026-09-20 22:10:00,4376.875,4378.085,4376.875,4378.085,267.0
2026-09-20 22:11:00,4377.89,4378.265,4377.575,4377.935,275.0
2026-09-20 22:12:00,4377.975,4378.5,4377.725,4378.225,336.0
2026-09-20 22:13:00,4378.23,4378.675,4378.06,4378.44,276.0
2026-09-20 22:14:00,4378.435,4379.76,4378.43,4379.725,284.0
2026-09-20 22:15:00,4379.485,4379.485,4378.34,4378.915,468.0
2026-09-20 22:16:00,4378.865,4379.59,4378.74,4379.33,338.0
2026-09-20 22:17:00,4379.315,4379.54,4378.725,4378.725,214.0
2026-09-20 22:18:00,4378.83,4378.9,4377.745,4378.745,259.0
2026-09-20 22:19:00,4378.74,4379.435,4378.105,4378.215,284.0
2026-09-20 22:20:00,4378.22,4378.385,4376.26,4376.31,299.0
2026-09-20 22:21:00,4376.29,4376.345,4375.27,4375.365,232.0
2026-09-20 22:22:00,4375.36,4375.79,4374.965,4375.605,272.0
2026-09-20 22:23:00,4375.52,4376.575,4374.895,4375.17,285.0
2026-09-20 22:24:00,4375.22,4375.425,4374.72,4375.055,219.0
2026-09-20 22:25:00,4375.04,4377.22,4374.84,4376.805,289.0
2026-09-20 22:26:00,4376.815,4376.87,4376.145,4376.315,247.0
2026-09-20 22:27:00,4376.36,4377.125,4375.155,4375.235,188.0
2026-09-20 22:28:00,4375.23,4375.32,4374.825,4375.015,128.0
2026-09-20 22:29:00,4375.02,4376.08,4374.915,4375.995,131.0
2026-09-20 22:30:00,4375.84,4376.825,4375.775,4376.455,255.0
2026-09-20 22:31:00,4376.435,4377.285,4375.71,4376.32,417.0
2026-09-20 22:32:00,4376.325,4377.24,4376.095,4376.56,304.0
2026-09-20 22:33:00,4376.615,4376.775,4376.195,4376.33,150.0
2026-09-20 22:34:00,4376.28,4376.28,4375.81,4376.08,182.0
2026-09-20 22:35:00,4376.085,4376.205,4375.695,4375.92,286.0
2026-09-20 22:36:00,4375.945,4377.46,4375.825,4377.38,369.0
2026-09-20 22:37:00,4377.43,4377.86,4377.075,4377.22,186.0
2026-09-20 22:38:00,4377.23,4377.615,4376.905,4377.455,235.0
2026-09-20 22:39:00,4377.36,4377.655,4376.16,4376.525,402.0
2026-09-20 22:40:00,4376.57,4377.47,4375.83,4376.065,297.0
2026-09-20 22:41:00,4376.095,4377.125,4376.025,4376.935,158.0
2026-09-20 22:42:00,4376.945,4377.34,4375.94,4375.94,157.0
2026-09-20 22:43:00,4375.93,4376.1,4374.83,4375.155,257.0
2026-09-20 22:44:00,4375.2,4375.415,4374.44,4374.495,204.0
2026-09-20 22:45:00,4374.58,4375.11,4374.27,4374.585,284.0
2026-09-20 22:46:00,4374.6,4375.14,4374.42,4374.76,157.0
2026-09-20 22:47:00,4374.75,4375.46,4374.72,4375.435,204.0
2026-09-20 22:48:00,4375.48,4375.575,4374.37,4374.57,362.0
2026-09-20 22:49:00,4374.545,4374.6,4373.975,4374.365,414.0
2026-09-20 22:50:00,4374.405,4374.745,4374.26,4374.705,259.0
2026-09-20 22:51:00,4374.695,4375.17,4374.085,4374.28,298.0
2026-09-20 22:52:00,4374.285,4374.485,4374.01,4374.36,324.0
2026-09-20 22:53:00,4374.355,4375.185,4374.24,4374.58,276.0
2026-09-20 22:54:00,4374.565,4375.55,4374.565,4375.425,204.0
2026-09-20 22:55:00,4375.405,4375.645,4375.055,4375.47,203.0
2026-09-20 22:56:00,4375.465,4376.75,4375.435,4376.67,335.0
2026-09-20 22:57:00,4376.68,4376.855,4375.155,4375.165,231.0
2026-09-20 22:58:00,4375.18,4375.425,4374.08,4374.155,276.0
2026-09-20 22:59:00,4374.14,4374.68,4373.655,4373.795,360.0
2026-09-20 23:00:00,4373.805,4374.485,4373.505,4374.155,314.0
2026-09-20 23:01:00,4374.16,4374.875,4373.71,4374.095,223.0
2026-09-20 23:02:00,4374.105,4374.24,4373.83,4374.205,390.0
2026-09-20 23:03:00,4374.2,4374.25,4373.985,4374.1,203.0
2026-09-20 23:04:00,4374.095,4374.26,4373.795,4374.11,207.0
2026-09-20 23:05:00,4374.115,4374.275,4373.355,4373.87,283.0
2026-09-20 23:06:00,4373.845,4374.07,4373.09,4373.09,191.0
2026-09-20 23:07:00,4373.08,4373.975,4373.075,4373.67,220.0
2026-09-20 23:08:00,4373.69,4373.99,4372.31,4372.52,150.0
2026-09-20 23:09:00,4372.545,4373.415,4371.61,4373.34,194.0
2026-09-20 23:10:00,4373.315,4373.62,4373.01,4373.135,176.0
2026-09-20 23:11:00,4373.15,4373.275,4371.66,4371.88,183.0
2026-09-20 23:12:00,4371.885,4371.925,4370.95,4371.08,289.0
2026-09-20 23:13:00,4371.125,4373.4,4371.075,4373.2,229.0
2026-09-20 23:14:00,4373.185,4373.225,4372.64,4372.965,173.0
2026-09-20 23:15:00,4372.96,4373.3,4371.825,4371.825,219.0
2026-09-20 23:16:00,4371.83,4372.285,4371.705,4372.125,165.0
2026-09-20 23:17:00,4372.15,4373.09,4371.995,4373.085,95.0
2026-09-20 23:18:00,4373.07,4373.7,4372.455,4372.595,182.0
2026-09-20 23:19:00,4372.585,4373.695,4372.545,4373.455,135.0
2026-09-20 23:20:00,4373.47,4374.45,4373.39,4374.35,150.0
2026-09-20 23:21:00,4374.375,4374.77,4373.98,4374.77,136.0
2026-09-20 23:22:00,4374.57,4374.805,4374.075,4374.365,147.0
2026-09-20 23:23:00,4374.375,4374.61,4372.71,4373.305,163.0
2026-09-20 23:24:00,4373.32,4373.53,4372.56,4372.915,119.0
2026-09-20 23:25:00,4372.875,4372.875,4372.335,4372.7,116.0
2026-09-20 23:26:00,4372.67,4372.855,4371.695,4372.565,172.0
2026-09-20 23:27:00,4372.555,4373.14,4372.43,4373.085,239.0
2026-09-20 23:28:00,4373.07,4373.985,4372.945,4373.985,198.0
2026-09-20 23:29:00,4374.01,4374.38,4373.915,4374.135,206.0
2026-09-20 23:30:00,4374.14,4374.485,4373.285,4374.295,296.0
2026-09-20 23:31:00,4374.3,4375.875,4374.3,4375.23,329.0
2026-09-20 23:32:00,4375.22,4375.575,4374.485,4374.605,253.0
2026-09-20 23:33:00,4374.6,4375.64,4374.545,4375.32,207.0
2026-09-20 23:34:00,4375.315,4375.335,4374.915,4375.155,141.0
2026-09-20 23:35:00,4375.165,4375.78,4374.965,4375.385,217.0
2026-09-20 23:36:00,4375.38,4375.5,4374.01,4374.195,274.0
2026-09-20 23:37:00,4374.215,4375.12,4373.36,4375.08,292.0
2026-09-20 23:38:00,4375.065,4375.51,4374.585,4375.37,127.0
2026-09-20 23:39:00,4375.35,4376.185,4374.775,4374.8,278.0
2026-09-20 23:40:00,4374.805,4374.805,4373.77,4374.105,274.0
2026-09-20 23:41:00,4374.115,4374.115,4373.5,4373.61,122.0
2026-09-20 23:42:00,4373.64,4373.95,4373.23,4373.56,196.0
2026-09-20 23:43:00,4373.725,4373.795,4372.25,4372.595,154.0
2026-09-20 23:44:00,4372.625,4372.73,4370.89,4370.975,438.0
2026-09-20 23:45:00,4370.975,4371.665,4370.095,4370.535,405.0
2026-09-20 23:46:00,4370.55,4370.865,4369.33,4369.335,456.0
2026-09-20 23:47:00,4369.32,4370.03,4368.855,4369.535,346.0
2026-09-20 23:48:00,4369.53,4370.945,4369.525,4370.845,203.0
2026-09-20 23:49:00,4370.85,4372.19,4370.635,4371.875,199.0
2026-09-20 23:50:00,4371.865,4372.17,4371.0,4371.145,366.0
2026-09-20 23:51:00,4371.08,4371.08,4369.565,4370.385,281.0
2026-09-20 23:52:00,4370.38,4373.345,4370.38,4372.815,359.0
2026-09-20 23:53:00,4372.81,4373.345,4371.165,4371.37,468.0
2026-09-20 23:54:00,4371.365,4371.825,4370.5,4370.865,390.0
2026-09-20 23:55:00,4370.86,4371.625,4370.495,4370.605,295.0
2026-09-20 23:56:00,4370.59,4372.44,4370.59,4371.875,225.0
2026-09-20 23:57:00,4371.87,4372.785,4371.235,4372.135,373.0
2026-09-20 23:58:00,4372.15,4372.545,4371.495,4371.535,249.0
2026-09-20 23:59:00,4371.515,4373.145,4371.315,4372.785,303.0
2026-09-21 00:00:00,4372.735,4373.105,4368.305,4368.315,859.0
2026-09-21 00:01:00,4368.29,4369.045,4367.09,4367.715,652.0
2026-09-21 00:02:00,4367.71,4368.45,4366.855,4368.16,661.0
2026-09-21 00:03:00,4368.19,4369.63,4367.945,4369.15,397.0
2026-09-21 00:04:00,4369.095,4369.855,4367.5,4368.385,434.0
2026-09-21 00:05:00,4368.41,4369.945,4368.4,4369.84,448.0
2026-09-21 00:06:00,4369.865,4371.37,4369.655,4370.73,384.0
2026-09-21 00:07:00,4370.795,4372.415,4370.195,4370.685,452.0
2026-09-21 00:08:00,4370.7,4371.74,4368.465,4368.51,369.0
2026-09-21 00:09:00,4368.515,4368.515,4366.52,4366.84,477.0
2026-09-21 00:10:00,4366.895,4367.245,4365.875,4365.93,389.0
2026-09-21 00:11:00,4365.895,4366.095,4364.995,4365.725,396.0
2026-09-21 00:12:00,4365.755,4366.31,4365.405,4366.17,259.0
2026-09-21 00:13:00,4366.11,4366.345,4363.86,4363.985,419.0
2026-09-21 00:14:00,4364.035,4365.01,4363.66,4364.27,156.0
2026-09-21 00:15:00,4364.37,4364.71,4361.345,4362.8,594.0
2026-09-21 00:16:00,4362.75,4364.435,4361.585,4362.145,292.0
2026-09-21 00:17:00,4361.855,4361.855,4360.23,4360.23,411.0
2026-09-21 00:18:00,4360.28,4361.545,4359.79,4361.25,348.0
2026-09-21 00:19:00,4361.255,4361.935,4360.64,4361.205,419.0
2026-09-21 00:20:00,4361.1,4361.38,4359.39,4359.9,551.0
2026-09-21 00:21:00,4359.905,4361.305,4359.465,4360.78,473.0
2026-09-21 00:22:00,4360.8,4360.81,4358.405,4360.545,446.0
2026-09-21 00:23:00,4360.56,4364.27,4360.56,4363.875,583.0
2026-09-21 00:24:00,4363.84,4366.675,4363.82,4366.055,412.0
2026-09-21 00:25:00,4366.005,4367.335,4365.91,4367.245,277.0
2026-09-21 00:26:00,4367.255,4368.14,4365.895,4367.595,396.0
2026-09-21 00:27:00,4367.6,4369.455,4367.515,4369.455,362.0
2026-09-21 00:28:00,4369.46,4369.735,4368.465,4369.335,250.0
2026-09-21 00:29:00,4369.215,4369.675,4367.75,4368.105,362.0
2026-09-21 00:30:00,4368.18,4369.745,4367.55,4369.68,286.0
2026-09-21 00:31:00,4369.43,4369.45,4366.67,4366.915,245.0
2026-09-21 00:32:00,4367.015,4368.94,4366.08,4368.795,273.0
2026-09-21 00:33:00,4368.745,4370.485,4368.37,4368.98,309.0
2026-09-21 00:34:00,4368.99,4370.33,4368.89,4370.035,208.0
2026-09-21 00:35:00,4370.055,4371.41,4369.87,4371.23,256.0
2026-09-21 00:36:00,4371.215,4371.27,4369.58,4370.54,160.0
2026-09-21 00:37:00,4370.59,4371.47,4370.49,4370.615,182.0
2026-09-21 00:38:00,4370.665,4371.665,4370.025,4370.99,218.0
2026-09-21 00:39:00,4370.89,4374.465,4370.55,4373.805,621.0
2026-09-21 00:40:00,4373.81,4376.12,4372.14,4372.425,1038.0
2026-09-21 00:41:00,4372.415,4372.425,4369.75,4370.43,524.0
2026-09-21 00:42:00,4370.48,4371.21,4369.425,4370.275,410.0
2026-09-21 00:43:00,4370.31,4371.55,4370.18,4370.515,390.0
2026-09-21 00:44:00,4370.455,4370.8,4368.385,4369.37,381.0
2026-09-21 00:45:00,4369.33,4370.555,4369.12,4370.3,486.0
2026-09-21 00:46:00,4370.33,4370.765,4369.665,4370.57,392.0
2026-09-21 00:47:00,4370.585,4370.87,4369.48,4369.715,365.0
2026-09-21 00:48:00,4369.69,4370.58,4368.935,4369.18,490.0
2026-09-21 00:49:00,4369.185,4369.185,4364.915,4364.915,587.0
2026-09-21 00:50:00,4364.95,4365.18,4364.02,4364.39,407.0
2026-09-21 00:51:00,4364.395,4366.045,4362.295,4365.905,614.0
2026-09-21 00:52:00,4365.855,4367.205,4365.385,4366.27,540.0
2026-09-21 00:53:00,4366.27,4367.215,4366.06,4367.095,254.0
2026-09-21 00:54:00,4367.105,4367.905,4365.78,4365.95,352.0
2026-09-21 00:55:00,4365.98,4367.465,4365.48,4365.645,472.0
2026-09-21 00:56:00,4365.655,4366.48,4364.51,4366.445,450.0
2026-09-21 00:57:00,4366.45,4366.61,4365.4,4365.665,418.0
2026-09-21 00:58:00,4365.67,4366.735,4365.345,4366.09,451.0
2026-09-21 00:59:00,4366.1,4369.545,4366.0,4366.885,1119.0
2026-09-21 01:00:00,4366.9,4375.43,4366.605,4375.125,1636.0
2026-09-21 01:01:00,4375.195,4375.935,4373.18,4374.66,1202.0
2026-09-21 01:02:00,4374.665,4375.305,4370.995,4373.155,1133.0
2026-09-21 01:03:00,4373.355,4374.2,4371.335,4372.03,593.0
2026-09-21 01:04:00,4371.93,4372.55,4369.605,4371.745,637.0
2026-09-21 01:05:00,4371.595,4374.625,4370.91,4374.445,548.0
2026-09-21 01:06:00,4374.375,4375.67,4373.465,4375.48,715.0
2026-09-21 01:07:00,4375.475,4379.005,4374.945,4378.26,736.0
2026-09-21 01:08:00,4378.22,4378.9,4377.375,4378.195,688.0
2026-09-21 01:09:00,4378.11,4380.485,4377.905,4380.26,619.0
2026-09-21 01:10:00,4380.24,4380.295,4378.59,4378.875,736.0
2026-09-21 01:11:00,4378.825,4378.87,4376.41,4377.52,852.0
2026-09-21 01:12:00,4377.515,4379.18,4376.385,4378.96,503.0
2026-09-21 01:13:00,4378.985,4380.445,4378.265,4379.13,570.0
2026-09-21 01:14:00,4379.125,4380.64,4377.23,4380.63,756.0
2026-09-21 01:15:00,4380.64,4383.385,4380.295,4383.335,1007.0
2026-09-21 01:16:00,4383.35,4383.35,4379.965,4381.855,991.0
2026-09-21 01:17:00,4381.845,4382.91,4380.3,4382.89,727.0
2026-09-21 01:18:00,4382.87,4382.88,4379.415,4379.415,679.0
2026-09-21 01:19:00,4379.4,4379.4,4376.48,4377.69,840.0
2026-09-21 01:20:00,4377.685,4379.065,4376.35,4376.35,855.0
2026-09-21 01:21:00,4376.345,4378.235,4375.44,4377.95,651.0
2026-09-21 01:22:00,4377.945,4378.595,4375.94,4378.45,597.0
2026-09-21 01:23:00,4378.43,4378.43,4375.15,4376.615,457.0
2026-09-21 01:24:00,4376.595,4378.85,4376.495,4378.14,552.0
2026-09-21 01:25:00,4378.17,4380.515,4377.77,4379.665,631.0
2026-09-21 01:26:00,4379.735,4380.09,4376.605,4376.72,534.0
2026-09-21 01:27:00,4376.8,4377.205,4374.54,4376.095,651.0
2026-09-21 01:28:00,4376.185,4378.05,4375.605,4377.585,726.0
2026-09-21 01:29:00,4377.59,4378.09,4374.79,4375.14,830.0
2026-09-21 01:30:00,4375.145,4377.115,4373.855,4376.455,1063.0
2026-09-21 01:31:00,4376.46,4376.815,4374.635,4374.725,722.0
2026-09-21 01:32:00,4374.705,4376.9,4374.565,4376.6,809.0
2026-09-21 01:33:00,4376.59,4378.27,4375.58,4377.885,807.0
2026-09-21 01:34:00,4377.875,4379.87,4377.875,4378.41,614.0
2026-09-21 01:35:00,4378.4,4378.51,4376.735,4377.405,534.0
2026-09-21 01:36:00,4377.5,4378.205,4376.49,4377.51,417.0
2026-09-21 01:37:00,4377.61,4379.47,4377.35,4379.225,514.0
2026-09-21 01:38:00,4379.07,4379.1,4375.735,4376.4,512.0
2026-09-21 01:39:00,4376.39,4377.935,4375.91,4377.49,610.0
2026-09-21 01:40:00,4377.53,4379.125,4377.355,4378.965,627.0
2026-09-21 01:41:00,4378.95,4380.69,4378.425,4379.305,636.0
2026-09-21 01:42:00,4379.29,4379.895,4376.365,4377.39,764.0
2026-09-21 01:43:00,4377.425,4379.22,4377.075,4377.22,788.0
2026-09-21 01:44:00,4377.175,4379.855,4376.975,4379.405,624.0
2026-09-21 01:45:00,4379.39,4380.35,4379.115,4379.12,511.0
2026-09-21 01:46:00,4379.115,4381.675,4379.115,4381.525,569.0
2026-09-21 01:47:00,4381.525,4383.03,4380.35,4382.89,556.0
2026-09-21 01:48:00,4382.885,4383.015,4379.955,4380.935,437.0
2026-09-21 01:49:00,4380.915,4382.71,4379.295,4379.295,636.0
2026-09-21 01:50:00,4379.365,4380.96,4376.66,4377.095,922.0
2026-09-21 01:51:00,4377.09,4379.34,4376.045,4379.105,549.0
2026-09-21 01:52:00,4379.125,4380.065,4377.89,4378.16,660.0
2026-09-21 01:53:00,4378.125,4379.905,4377.675,4378.505,589.0
2026-09-21 01:54:00,4378.485,4379.94,4377.71,4378.505,548.0
2026-09-21 01:55:00,4378.555,4378.93,4377.36,4378.785,478.0
2026-09-21 01:56:00,4378.66,4378.715,4375.585,4376.575,620.0
2026-09-21 01:57:00,4376.59,4377.89,4376.45,4377.43,461.0
2026-09-21 01:58:00,4377.725,4378.17,4375.475,4376.88,396.0
2026-09-21 01:59:00,4376.895,4377.955,4376.675,4377.44,307.0
2026-09-21 02:00:00,4377.54,4377.8,4375.645,4376.445,369.0
2026-09-21 02:01:00,4376.5,4377.025,4373.2,4373.3,451.0
2026-09-21 02:02:00,4373.455,4374.58,4373.375,4374.34,487.0
2026-09-21 02:03:00,4374.39,4375.64,4374.315,4374.93,324.0
2026-09-21 02:04:00,4375.12,4376.8,4375.07,4376.465,238.0
2026-09-21 02:05:00,4376.435,4376.6,4372.94,4373.52,467.0
2026-09-21 02:06:00,4373.495,4375.13,4372.6,4374.94,733.0
2026-09-21 02:07:00,4374.945,4374.945,4373.09,4373.765,400.0
2026-09-21 02:08:00,4373.815,4375.075,4373.69,4374.845,175.0
2026-09-21 02:09:00,4374.895,4375.765,4374.535,4375.715,222.0
2026-09-21 02:10:00,4375.73,4375.735,4372.18,4372.45,331.0
2026-09-21 02:11:00,4372.42,4372.42,4370.2,4370.87,413.0
2026-09-21 02:12:00,4370.905,4371.945,4369.785,4370.835,370.0
2026-09-21 02:13:00,4370.885,4372.165,4370.865,4371.71,263.0
2026-09-21 02:14:00,4371.75,4371.99,4368.57,4369.03,511.0
2026-09-21 02:15:00,4369.015,4369.745,4368.11,4368.11,284.0
2026-09-21 02:16:00,4368.165,4368.38,4366.505,4367.31,410.0
2026-09-21 02:17:00,4367.26,4367.455,4366.395,4367.11,302.0
2026-09-21 02:18:00,4367.12,4367.3,4365.8,4366.48,342.0
2026-09-21 02:19:00,4366.55,4366.905,4366.255,4366.395,191.0
2026-09-21 02:20:00,4366.385,4366.725,4364.495,4364.505,434.0
2026-09-21 02:21:00,4364.54,4365.24,4364.28,4364.355,520.0
2026-09-21 02:22:00,4364.37,4365.32,4363.185,4364.63,534.0
2026-09-21 02:23:00,4364.605,4364.95,4363.215,4363.64,490.0
2026-09-21 02:24:00,4363.615,4363.85,4361.28,4363.835,670.0
2026-09-21 02:25:00,4363.85,4364.845,4363.535,4364.44,544.0
2026-09-21 02:26:00,4364.455,4366.605,4364.455,4366.605,536.0
2026-09-21 02:27:00,4366.54,4366.67,4365.92,4365.96,487.0
2026-09-21 02:28:00,4365.97,4368.685,4365.58,4368.67,721.0
2026-09-21 02:29:00,4368.565,4370.085,4368.415,4369.785,411.0
2026-09-21 02:30:00,4369.78,4372.64,4369.03,4371.875,1131.0
2026-09-21 02:31:00,4371.805,4371.955,4366.82,4367.86,985.0
2026-09-21 02:32:00,4367.84,4368.995,4367.12,4367.21,654.0
2026-09-21 02:33:00,4367.15,4368.635,4366.755,4368.41,577.0
2026-09-21 02:34:00,4368.395,4369.13,4367.585,4367.745,595.0
2026-09-21 02:35:00,4367.735,4369.48,4367.01,4367.59,619.0
2026-09-21 02:36:00,4367.64,4369.59,4367.64,4368.505,517.0
2026-09-21 02:37:00,4368.545,4370.77,4368.405,4369.375,578.0
2026-09-21 02:38:00,4369.375,4370.785,4368.99,4368.995,484.0
2026-09-21 02:39:00,4369.0,4369.72,4367.42,4368.645,491.0
2026-09-21 02:40:00,4368.65,4368.925,4365.015,4365.375,654.0
2026-09-21 02:41:00,4365.28,4367.365,4364.22,4366.845,636.0
2026-09-21 02:42:00,4366.855,4367.0,4364.99,4366.41,459.0
2026-09-21 02:43:00,4366.47,4370.0,4366.355,4369.565,633.0
2026-09-21 02:44:00,4369.535,4369.575,4366.48,4366.605,452.0
2026-09-21 02:45:00,4366.625,4368.585,4366.585,4368.11,482.0
2026-09-21 02:46:00,4368.04,4370.33,4367.72,4370.33,431.0
2026-09-21 02:47:00,4370.31,4370.38,4368.115,4368.605,463.0
2026-09-21 02:48:00,4368.61,4368.695,4367.15,4367.505,411.0
2026-09-21 02:49:00,4367.5,4368.925,4367.47,4368.685,417.0
2026-09-21 02:50:00,4368.695,4369.03,4368.11,4368.455,410.0
2026-09-21 02:51:00,4368.44,4369.51,4366.73,4366.815,496.0
2026-09-21 02:52:00,4366.805,4368.21,4366.74,4368.195,447.0
2026-09-21 02:53:00,4368.2,4368.595,4367.08,4367.345,381.0
2026-09-21 02:54:00,4367.34,4367.795,4365.385,4365.385,494.0
2026-09-21 02:55:00,4365.335,4366.395,4364.52,4365.095,553.0
2026-09-21 02:56:00,4365.0,4366.705,4364.875,4365.735,429.0
2026-09-21 02:57:00,4365.76,4367.29,4365.2,4365.89,467.0
2026-09-21 02:58:00,4365.915,4365.915,4363.06,4364.13,464.0
2026-09-21 02:59:00,4364.135,4364.35,4363.06,4363.91,412.0
2026-09-21 03:00:00,4363.815,4364.365,4363.46,4363.5,361.0
2026-09-21 03:01:00,4363.51,4363.835,4361.195,4361.615,511.0
2026-09-21 03:02:00,4361.7,4362.35,4359.15,4361.205,695.0
2026-09-21 03:03:00,4361.155,4365.9,4361.155,4365.035,407.0
2026-09-21 03:04:00,4365.0,4366.97,4364.785,4366.97,531.0
2026-09-21 03:05:00,4367.02,4367.02,4365.59,4366.325,490.0
2026-09-21 03:06:00,4366.335,4366.67,4365.25,4365.78,478.0
2026-09-21 03:07:00,4365.79,4366.9,4360.735,4360.97,554.0
2026-09-21 03:08:00,4360.92,4362.04,4360.52,4360.875,572.0
2026-09-21 03:09:00,4360.865,4361.06,4359.23,4360.82,546.0
2026-09-21 03:10:00,4360.72,4362.805,4360.72,4362.685,493.0
2026-09-21 03:11:00,4362.69,4363.065,4361.56,4361.67,409.0
2026-09-21 03:12:00,4361.735,4362.97,4361.735,4362.335,446.0
2026-09-21 03:13:00,4362.345,4363.37,4362.015,4363.22,519.0
2026-09-21 03:14:00,4363.225,4363.79,4362.945,4363.42,426.0
2026-09-21 03:15:00,4363.43,4363.61,4362.455,4363.58,404.0
2026-09-21 03:16:00,4363.575,4364.76,4362.835,4364.1,480.0
2026-09-21 03:17:00,4364.085,4364.085,4362.06,4362.21,349.0
2026-09-21 03:18:00,4362.185,4365.32,4361.52,4364.84,600.0
2026-09-21 03:19:00,4364.82,4365.465,4363.555,4363.99,447.0
2026-09-21 03:20:00,4363.985,4364.09,4362.98,4362.98,407.0
2026-09-21 03:21:00,4362.975,4362.975,4360.85,4361.93,421.0
2026-09-21 03:22:00,4361.905,4362.61,4361.905,4362.425,193.0
2026-09-21 03:23:00,4362.445,4363.08,4362.015,4362.12,255.0
2026-09-21 03:24:00,4362.17,4362.52,4361.8,4362.175,243.0
2026-09-21 03:25:00,4362.15,4363.04,4361.855,4361.9,328.0
2026-09-21 03:26:00,4361.97,4362.15,4360.535,4360.535,342.0
2026-09-21 03:27:00,4360.53,4361.44,4359.17,4359.69,595.0
2026-09-21 03:28:00,4359.685,4360.8,4359.62,4360.29,419.0
2026-09-21 03:29:00,4360.24,4360.56,4359.865,4360.145,401.0
2026-09-21 03:30:00,4360.13,4361.36,4359.605,4361.215,649.0
2026-09-21 03:31:00,4361.21,4362.11,4361.01,4361.295,274.0
2026-09-21 03:32:00,4361.31,4362.72,4361.2,4362.355,293.0
2026-09-21 03:33:00,4362.375,4363.925,4362.08,4363.22,421.0
2026-09-21 03:34:00,4363.215,4365.48,4363.12,4365.455,377.0
2026-09-21 03:35:00,4365.48,4367.975,4364.595,4364.715,553.0
2026-09-21 03:36:00,4364.695,4365.385,4364.105,4365.27,365.0
2026-09-21 03:37:00,4365.29,4367.16,4364.965,4365.295,320.0
2026-09-21 03:38:00,4365.23,4367.525,4365.04,4367.4,300.0
2026-09-21 03:39:00,4367.1,4367.275,4365.895,4365.9,180.0
2026-09-21 03:40:00,4365.885,4366.2,4365.385,4365.92,149.0
2026-09-21 03:41:00,4365.98,4367.42,4365.955,4366.905,197.0
2026-09-21 03:42:00,4366.91,4368.17,4366.805,4367.625,303.0
2026-09-21 03:43:00,4367.57,4368.27,4367.055,4368.035,270.0
2026-09-21 03:44:00,4368.03,4368.14,4367.29,4367.44,109.0
2026-09-21 03:45:00,4367.495,4368.235,4367.215,4367.845,399.0
2026-09-21 03:46:00,4367.915,4367.95,4366.085,4366.555,281.0
2026-09-21 03:47:00,4366.545,4366.545,4364.735,4365.375,413.0
2026-09-21 03:48:00,4365.39,4365.48,4364.08,4364.43,411.0
2026-09-21 03:49:00,4364.56,4364.56,4363.125,4363.125,397.0
2026-09-21 03:50:00,4363.07,4363.07,4361.68,4362.065,514.0
2026-09-21 03:51:00,4362.04,4362.74,4361.68,4362.275,444.0
2026-09-21 03:52:00,4362.27,4363.69,4362.265,4363.22,386.0
2026-09-21 03:53:00,4363.185,4363.44,4360.65,4360.845,498.0
2026-09-21 03:54:00,4360.865,4360.985,4358.5,4359.44,494.0
2026-09-21 03:55:00,4359.52,4359.57,4358.445,4358.69,272.0
2026-09-21 03:56:00,4358.695,4359.935,4358.34,4358.745,372.0
2026-09-21 03:57:00,4358.75,4359.305,4358.405,4358.75,281.0
2026-09-21 03:58:00,4358.755,4358.89,4358.03,4358.78,348.0
2026-09-21 03:59:00,4358.775,4359.44,4358.17,4359.115,355.0
2026-09-21 04:00:00,4359.125,4360.815,4359.125,4360.725,592.0
2026-09-21 04:01:00,4360.74,4361.39,4359.535,4361.3,390.0
2026-09-21 04:02:00,4361.3,4361.385,4360.495,4360.75,301.0
2026-09-21 04:03:00,4360.73,4360.73,4359.755,4359.84,316.0
2026-09-21 04:04:00,4359.81,4359.85,4358.015,4358.37,511.0
2026-09-21 04:05:00,4358.375,4358.895,4357.7,4358.645,463.0
2026-09-21 04:06:00,4358.665,4358.665,4357.375,4357.875,316.0
2026-09-21 04:07:00,4357.89,4358.09,4356.22,4356.735,279.0
2026-09-21 04:08:00,4356.73,4358.445,4356.46,4358.38,596.0
2026-09-21 04:09:00,4358.38,4359.03,4357.705,4358.485,311.0
2026-09-21 04:10:00,4358.54,4359.28,4358.515,4358.615,197.0
2026-09-21 04:11:00,4358.62,4360.22,4358.345,4359.235,345.0
2026-09-21 04:12:00,4359.255,4361.2,4359.255,4361.2,345.0
2026-09-21 04:13:00,4361.205,4361.395,4360.62,4360.65,192.0
2026-09-21 04:14:00,4360.715,4360.95,4360.085,4360.3,276.0
2026-09-21 04:15:00,4360.31,4360.645,4359.565,4359.595,305.0
2026-09-21 04:16:00,4359.57,4362.635,4359.57,4362.56,458.0
2026-09-21 04:17:00,4362.57,4363.47,4361.76,4361.91,452.0
2026-09-21 04:18:00,4361.92,4363.645,4361.92,4363.315,373.0
2026-09-21 04:19:00,4363.41,4364.425,4362.95,4364.42,470.0
2026-09-21 04:20:00,4364.405,4365.585,4364.4,4364.58,383.0
2026-09-21 04:21:00,4364.56,4364.72,4364.275,4364.32,243.0
2026-09-21 04:22:00,4364.325,4364.45,4363.88,4364.22,229.0
2026-09-21 04:23:00,4364.21,4364.475,4363.81,4363.985,260.0
2026-09-21 04:24:00,4363.99,4364.24,4363.685,4364.155,333.0
2026-09-21 04:25:00,4364.19,4364.52,4363.645,4363.985,409.0
2026-09-21 04:26:00,4363.965,4364.72,4363.48,4364.545,462.0
2026-09-21 04:27:00,4364.55,4365.46,4364.275,4365.065,286.0
2026-09-21 04:28:00,4365.04,4365.04,4362.725,4362.955,360.0
2026-09-21 04:29:00,4362.97,4362.97,4361.25,4361.495,256.0
2026-09-21 04:30:00,4361.51,4361.86,4358.03,4359.36,465.0
2026-09-21 04:31:00,4359.355,4361.775,4358.67,4360.875,414.0
2026-09-21 04:32:00,4360.885,4360.89,4358.725,4360.27,447.0
2026-09-21 04:33:00,4360.285,4360.525,4359.16,4360.105,387.0
2026-09-21 04:34:00,4360.105,4361.845,4360.085,4361.77,335.0
2026-09-21 04:35:00,4361.79,4363.15,4361.66,4363.065,389.0
2026-09-21 04:36:00,4363.07,4363.105,4361.635,4362.08,154.0
2026-09-21 04:37:00,4361.98,4362.28,4361.425,4361.775,77.0
2026-09-21 04:38:00,4361.84,4361.875,4361.01,4361.605,115.0
2026-09-21 04:39:00,4361.615,4361.615,4361.085,4361.395,128.0
2026-09-21 04:40:00,4361.435,4361.93,4361.285,4361.815,135.0
2026-09-21 04:41:00,4361.795,4362.19,4361.35,4361.67,148.0
2026-09-21 04:42:00,4361.77,4362.68,4361.43,4361.86,180.0
2026-09-21 04:43:00,4361.96,4363.385,4361.87,4363.145,162.0
2026-09-21 04:44:00,4363.17,4363.17,4361.725,4361.96,137.0
2026-09-21 04:45:00,4361.97,4362.495,4361.815,4362.46,180.0
2026-09-21 04:46:00,4362.465,4362.465,4361.27,4361.355,242.0
2026-09-21 04:47:00,4361.36,4362.055,4360.72,4360.93,210.0
2026-09-21 04:48:00,4360.88,4362.3,4360.655,4361.565,200.0
2026-09-21 04:49:00,4361.505,4361.97,4359.875,4360.595,305.0
2026-09-21 04:50:00,4360.485,4360.5,4359.565,4359.615,111.0
2026-09-21 04:51:00,4359.6,4359.8,4358.98,4359.38,250.0
2026-09-21 04:52:00,4359.385,4360.07,4359.075,4359.3,230.0
2026-09-21 04:53:00,4359.29,4359.325,4358.36,4358.505,143.0
2026-09-21 04:54:00,4358.635,4358.635,4357.265,4357.365,281.0
2026-09-21 04:55:00,4357.54,4358.43,4357.28,4357.675,328.0
2026-09-21 04:56:00,4357.865,4359.44,4357.76,4359.44,198.0
2026-09-21 04:57:00,4359.475,4359.91,4357.405,4357.505,192.0
2026-09-21 04:58:00,4357.465,4357.9,4355.315,4355.315,344.0
2026-09-21 04:59:00,4355.355,4356.26,4355.28,4355.975,207.0
2026-09-21 05:00:00,4355.955,4356.495,4354.295,4354.88,447.0
2026-09-21 05:01:00,4355.025,4357.29,4355.025,4357.045,307.0
2026-09-21 05:02:00,4357.035,4357.325,4356.285,4357.245,143.0
2026-09-21 05:03:00,4357.07,4357.455,4356.54,4357.21,195.0
2026-09-21 05:04:00,4357.195,4357.455,4355.62,4355.75,190.0
2026-09-21 05:05:00,4355.61,4355.995,4355.39,4355.48,153.0
2026-09-21 05:06:00,4355.52,4356.435,4354.58,4355.69,308.0
2026-09-21 05:07:00,4355.67,4355.83,4354.56,4354.83,281.0
2026-09-21 05:08:00,4354.78,4355.83,4354.635,4355.21,265.0
2026-09-21 05:09:00,4355.225,4356.23,4354.95,4355.045,187.0
2026-09-21 05:10:00,4355.06,4355.65,4353.53,4353.66,303.0
2026-09-21 05:11:00,4353.675,4355.225,4352.855,4355.16,309.0
2026-09-21 05:12:00,4355.175,4355.845,4354.79,4355.645,191.0
2026-09-21 05:13:00,4355.545,4355.665,4354.605,4355.41,160.0
2026-09-21 05:14:00,4355.335,4356.215,4355.285,4356.01,109.0
2026-09-21 05:15:00,4356.045,4356.675,4354.49,4354.775,232.0
2026-09-21 05:16:00,4354.54,4355.105,4354.335,4354.495,149.0
2026-09-21 05:17:00,4354.575,4355.005,4354.115,4354.195,184.0
2026-09-21 05:18:00,4354.265,4355.925,4354.085,4355.285,259.0
2026-09-21 05:19:00,4355.33,4356.025,4354.015,4355.065,158.0
2026-09-21 05:20:00,4355.115,4356.585,4355.115,4356.535,108.0
2026-09-21 05:21:00,4356.635,4358.25,4356.635,4357.935,190.0
2026-09-21 05:22:00,4357.905,4359.31,4357.75,4359.04,253.0
2026-09-21 05:23:00,4359.045,4361.115,4358.945,4360.425,246.0
2026-09-21 05:24:00,4360.37,4360.87,4359.765,4359.92,187.0
2026-09-21 05:25:00,4359.82,4360.86,4357.725,4359.185,501.0
2026-09-21 05:26:00,4359.175,4360.825,4359.175,4360.73,236.0
2026-09-21 05:27:00,4360.82,4361.27,4358.9,4359.01,251.0
2026-09-21 05:28:00,4359.015,4359.1,4357.4,4357.645,178.0
2026-09-21 05:29:00,4357.65,4358.615,4357.36,4357.635,207.0
2026-09-21 05:30:00,4357.69,4362.145,4356.36,4361.0,794.0
2026-09-21 05:31:00,4361.26,4361.995,4360.205,4361.995,449.0
2026-09-21 05:32:00,4361.895,4361.915,4356.66,4356.85,351.0
2026-09-21 05:33:00,4356.79,4357.12,4354.17,4356.31,484.0
2026-09-21 05:34:00,4356.28,4356.56,4354.22,4355.435,565.0
2026-09-21 05:35:00,4355.475,4355.5,4352.045,4353.555,756.0
2026-09-21 05:36:00,4353.65,4356.545,4353.41,4355.84,411.0
2026-09-21 05:37:00,4355.74,4356.52,4354.97,4356.35,331.0
2026-09-21 05:38:00,4356.4,4357.415,4355.83,4357.265,478.0
2026-09-21 05:39:00,4357.27,4357.575,4356.32,4356.805,451.0
2026-09-21 05:40:00,4356.855,4358.255,4356.855,4357.615,376.0
2026-09-21 05:41:00,4357.495,4357.84,4355.005,4355.105,350.0
2026-09-21 05:42:00,4355.05,4355.765,4354.175,4354.77,358.0
2026-09-21 05:43:00,4354.805,4356.08,4354.2,4355.31,410.0
2026-09-21 05:44:00,4355.225,4355.39,4354.64,4354.64,189.0
2026-09-21 05:45:00,4354.68,4354.78,4350.705,4352.33,613.0
2026-09-21 05:46:00,4352.43,4353.975,4352.09,4352.885,521.0
2026-09-21 05:47:00,4352.905,4353.27,4352.295,4352.645,393.0
2026-09-21 05:48:00,4352.725,4352.825,4351.21,4351.62,434.0
2026-09-21 05:49:00,4351.675,4352.735,4350.46,4350.59,470.0
2026-09-21 05:50:00,4350.635,4352.715,4350.535,4352.175,467.0
2026-09-21 05:51:00,4352.18,4352.415,4349.205,4351.32,666.0
2026-09-21 05:52:00,4351.315,4354.07,4351.22,4353.735,434.0
2026-09-21 05:53:00,4353.76,4356.11,4353.685,4355.65,328.0
2026-09-21 05:54:00,4355.63,4355.63,4353.66,4354.265,397.0
2026-09-21 05:55:00,4354.25,4354.405,4353.215,4353.975,309.0
2026-09-21 05:56:00,4353.995,4355.23,4352.7,4353.51,447.0
2026-09-21 05:57:00,4353.53,4354.495,4353.195,4353.785,568.0
2026-09-21 05:58:00,4353.79,4354.175,4352.945,4353.275,458.0
2026-09-21 05:59:00,4353.27,4353.515,4350.83,4350.845,587.0
2026-09-21 06:00:00,4350.84,4353.045,4350.66,4353.01,1143.0
2026-09-21 06:01:00,4353.0,4353.93,4351.665,4353.145,678.0
2026-09-21 06:02:00,4353.14,4353.695,4351.76,4352.3,707.0
2026-09-21 06:03:00,4352.285,4352.755,4351.645,4351.985,523.0
2026-09-21 06:04:00,4351.945,4352.43,4349.405,4352.3,620.0
2026-09-21 06:05:00,4352.24,4354.465,4351.57,4354.19,864.0
2026-09-21 06:06:00,4354.225,4355.465,4352.495,4354.87,750.0
2026-09-21 06:07:00,4355.05,4355.075,4353.66,4354.065,599.0
2026-09-21 06:08:00,4354.06,4354.565,4351.89,4354.565,642.0
2026-09-21 06:09:00,4354.51,4355.325,4353.87,4354.64,459.0
2026-09-21 06:10:00,4354.57,4355.225,4354.06,4354.77,505.0
2026-09-21 06:11:00,4354.76,4355.865,4353.685,4354.845,614.0
2026-09-21 06:12:00,4354.84,4355.0,4352.425,4352.975,788.0
2026-09-21 06:13:00,4352.92,4353.34,4351.28,4353.245,511.0
2026-09-21 06:14:00,4353.305,4354.47,4352.76,4353.28,632.0
2026-09-21 06:15:00,4353.285,4353.785,4352.625,4353.6,479.0
2026-09-21 06:16:00,4353.585,4353.97,4352.735,4353.09,608.0
2026-09-21 06:17:00,4353.075,4354.655,4350.26,4351.355,845.0
2026-09-21 06:18:00,4351.35,4352.635,4349.795,4352.445,673.0
2026-09-21 06:19:00,4352.55,4352.705,4348.565,4348.695,641.0
2026-09-21 06:20:00,4348.715,4351.15,4348.005,4350.38,731.0
2026-09-21 06:21:00,4350.375,4350.785,4348.015,4350.245,733.0
2026-09-21 06:22:00,4350.215,4350.335,4348.32,4348.835,565.0
2026-09-21 06:23:00,4348.84,4349.555,4348.655,4348.84,430.0
2026-09-21 06:24:00,4348.85,4349.625,4347.125,4347.36,471.0
2026-09-21 06:25:00,4347.31,4348.18,4346.29,4348.18,479.0
2026-09-21 06:26:00,4348.05,4348.275,4346.32,4346.885,546.0
2026-09-21 06:27:00,4346.89,4349.225,4346.835,4348.82,500.0
2026-09-21 06:28:00,4348.795,4348.795,4347.735,4347.945,362.0
2026-09-21 06:29:00,4347.94,4348.375,4346.815,4347.385,414.0
2026-09-21 06:30:00,4347.36,4348.555,4347.335,4347.96,665.0
2026-09-21 06:31:00,4347.995,4349.57,4347.405,4348.63,474.0
2026-09-21 06:32:00,4348.645,4349.185,4347.845,4348.325,476.0
2026-09-21 06:33:00,4348.33,4349.065,4347.69,4348.785,694.0
2026-09-21 06:34:00,4348.79,4350.405,4348.79,4349.84,595.0
2026-09-21 06:35:00,4349.845,4350.605,4349.47,4350.065,683.0
2026-09-21 06:36:00,4350.04,4351.64,4349.99,4351.025,489.0
2026-09-21 06:37:00,4351.05,4351.49,4350.005,4351.025,399.0
2026-09-21 06:38:00,4350.975,4351.72,4350.745,4350.925,346.0
2026-09-21 06:39:00,4350.94,4351.965,4350.42,4351.535,361.0
2026-09-21 06:40:00,4351.49,4354.12,4351.085,4353.805,431.0
2026-09-21 06:41:00,4353.815,4353.95,4352.57,4353.435,289.0
2026-09-21 06:42:00,4353.415,4353.815,4351.615,4351.955,350.0
2026-09-21 06:43:00,4351.98,4352.27,4351.185,4351.645,321.0
2026-09-21 06:44:00,4351.565,4352.37,4350.85,4351.915,345.0
2026-09-21 06:45:00,4351.905,4353.875,4351.905,4353.73,313.0
2026-09-21 06:46:00,4353.71,4354.845,4353.21,4353.21,553.0
2026-09-21 06:47:00,4353.16,4353.98,4352.1,4353.885,557.0
2026-09-21 06:48:00,4353.905,4354.825,4353.59,4353.945,522.0
2026-09-21 06:49:00,4353.935,4354.495,4353.035,4354.135,424.0
2026-09-21 06:50:00,4354.14,4354.315,4351.28,4351.295,359.0
2026-09-21 06:51:00,4351.325,4352.83,4350.335,4352.5,561.0
2026-09-21 06:52:00,4352.535,4353.18,4352.105,4353.17,328.0
2026-09-21 06:53:00,4353.195,4353.935,4351.22,4352.79,467.0
2026-09-21 06:54:00,4352.765,4353.035,4351.965,4352.185,541.0
2026-09-21 06:55:00,4352.165,4352.795,4351.44,4352.785,312.0
2026-09-21 06:56:00,4352.815,4354.385,4352.035,4353.9,453.0
2026-09-21 06:57:00,4353.82,4354.315,4353.01,4353.1,494.0
2026-09-21 06:58:00,4353.125,4353.815,4352.885,4353.65,455.0
2026-09-21 06:59:00,4353.645,4354.0,4353.135,4353.39,521.0
2026-09-21 07:00:00,4353.395,4353.395,4346.41,4347.215,1194.0
2026-09-21 07:01:00,4347.2,4347.725,4345.775,4347.585,937.0
2026-09-21 07:02:00,4347.58,4350.95,4347.485,4350.335,806.0
2026-09-21 07:03:00,4350.345,4355.525,4350.345,4355.315,633.0
2026-09-21 07:04:00,4355.36,4355.495,4353.065,4355.265,755.0
2026-09-21 07:05:00,4355.185,4355.53,4352.7,4354.415,552.0
2026-09-21 07:06:00,4354.42,4356.175,4354.15,4354.93,619.0
2026-09-21 07:07:00,4354.88,4355.465,4354.055,4355.05,566.0
2026-09-21 07:08:00,4355.08,4355.33,4351.635,4351.895,522.0
2026-09-21 07:09:00,4351.85,4353.35,4351.04,4352.645,460.0
2026-09-21 07:10:00,4352.56,4352.74,4350.575,4351.145,608.0
2026-09-21 07:11:00,4351.065,4351.145,4349.01,4349.085,849.0
2026-09-21 07:12:00,4349.095,4350.085,4346.285,4347.04,752.0
2026-09-21 07:13:00,4347.025,4349.665,4346.795,4349.545,845.0
2026-09-21 07:14:00,4349.55,4354.03,4349.55,4353.14,732.0
2026-09-21 07:15:00,4353.135,4354.985,4350.95,4351.275,590.0
2026-09-21 07:16:00,4351.225,4354.54,4351.225,4354.465,506.0
2026-09-21 07:17:00,4354.47,4355.835,4352.92,4353.07,414.0
2026-09-21 07:18:00,4352.935,4354.395,4352.105,4354.14,624.0
2026-09-21 07:19:00,4354.135,4354.855,4353.695,4353.75,521.0
2026-09-21 07:20:00,4353.745,4354.225,4352.63,4354.05,708.0
2026-09-21 07:21:00,4354.035,4354.035,4351.815,4352.04,445.0
2026-09-21 07:22:00,4352.035,4352.275,4350.385,4351.96,582.0
2026-09-21 07:23:00,4351.955,4352.56,4351.26,4351.725,494.0
2026-09-21 07:24:00,4351.685,4352.33,4350.84,4351.595,372.0
2026-09-21 07:25:00,4351.645,4352.28,4349.13,4349.515,400.0
2026-09-21 07:26:00,4349.51,4349.805,4347.11,4347.64,476.0
2026-09-21 07:27:00,4347.62,4350.625,4347.5,4350.545,316.0
2026-09-21 07:28:00,4350.455,4351.11,4349.865,4350.59,204.0
2026-09-21 07:29:00,4350.54,4352.17,4350.17,4350.675,330.0
2026-09-21 07:30:00,4350.685,4351.28,4349.02,4349.61,228.0
2026-09-21 07:31:00,4349.56,4351.53,4349.385,4351.4,281.0
2026-09-21 07:32:00,4351.415,4352.075,4349.42,4349.96,298.0
2026-09-21 07:33:00,4350.01,4352.71,4349.505,4352.35,369.0
2026-09-21 07:34:00,4352.315,4352.87,4351.8,4352.38,527.0
2026-09-21 07:35:00,4352.375,4353.39,4351.205,4352.62,638.0
2026-09-21 07:36:00,4352.615,4353.13,4350.94,4352.055,566.0
2026-09-21 07:37:00,4352.115,4354.075,4352.08,4353.915,559.0
2026-09-21 07:38:00,4354.005,4355.11,4351.31,4351.425,767.0
2026-09-21 07:39:00,4351.38,4351.38,4349.72,4350.04,601.0
2026-09-21 07:40:00,4350.01,4350.39,4347.345,4347.43,654.0
2026-09-21 07:41:00,4347.425,4347.75,4345.83,4346.895,689.0
2026-09-21 07:42:00,4346.805,4349.325,4346.525,4347.045,336.0
2026-09-21 07:43:00,4347.01,4347.6,4342.04,4342.51,562.0
2026-09-21 07:44:00,4342.56,4348.34,4342.56,4347.26,565.0
2026-09-21 07:45:00,4347.23,4350.015,4345.565,4350.015,561.0
2026-09-21 07:46:00,4349.96,4349.96,4346.565,4347.035,523.0
2026-09-21 07:47:00,4346.985,4348.495,4346.91,4346.925,255.0
2026-09-21 07:48:00,4346.655,4348.88,4346.655,4348.595,383.0
2026-09-21 07:49:00,4348.545,4348.61,4346.4,4346.765,344.0
2026-09-21 07:50:00,4346.815,4347.945,4346.445,4347.93,304.0
2026-09-21 07:51:00,4347.925,4349.025,4347.925,4348.57,228.0
2026-09-21 07:52:00,4348.66,4349.255,4348.52,4349.065,183.0
2026-09-21 07:53:00,4349.03,4349.445,4346.69,4347.275,312.0
2026-09-21 07:54:00,4347.195,4348.495,4346.305,4348.43,351.0
2026-09-21 07:55:00,4348.44,4348.94,4347.91,4348.375,403.0
2026-09-21 07:56:00,4348.47,4348.97,4347.245,4348.055,249.0
2026-09-21 07:57:00,4348.005,4348.25,4346.1,4346.25,379.0
2026-09-21 07:58:00,4346.23,4346.665,4344.505,4345.045,408.0
2026-09-21 07:59:00,4345.145,4345.53,4344.13,4344.28,367.0
2026-09-21 08:00:00,4344.21,4345.545,4343.495,4344.955,670.0
2026-09-21 08:01:00,4344.975,4346.785,4344.415,4346.385,461.0
2026-09-21 08:02:00,4346.405,4347.455,4345.725,4345.81,448.0
2026-09-21 08:03:00,4345.87,4346.85,4344.685,4346.255,359.0
2026-09-21 08:04:00,4346.285,4348.785,4346.215,4348.665,297.0
2026-09-21 08:05:00,4348.715,4349.56,4348.19,4348.66,336.0
2026-09-21 08:06:00,4348.56,4351.44,4348.56,4350.905,382.0
2026-09-21 08:07:00,4350.895,4350.9,4347.705,4347.955,581.0
2026-09-21 08:08:00,4348.085,4350.06,4348.07,4349.605,376.0
2026-09-21 08:09:00,4349.61,4349.65,4345.82,4346.775,390.0
2026-09-21 08:10:00,4346.87,4349.055,4346.62,4349.055,609.0
2026-09-21 08:11:00,4349.05,4351.49,4348.83,4351.335,481.0
2026-09-21 08:12:00,4351.32,4353.345,4350.77,4352.55,339.0
2026-09-21 08:13:00,4352.54,4352.54,4350.035,4350.4,462.0
2026-09-21 08:14:00,4350.41,4351.845,4350.17,4350.455,405.0
2026-09-21 08:15:00,4350.555,4351.3,4349.945,4350.74,262.0
2026-09-21 08:16:00,4350.82,4353.915,4350.405,4353.325,447.0
2026-09-21 08:17:00,4353.27,4354.1,4352.855,4353.435,501.0
2026-09-21 08:18:00,4353.495,4353.62,4352.765,4353.29,469.0
2026-09-21 08:19:00,4353.26,4354.945,4352.75,4353.99,589.0
2026-09-21 08:20:00,4353.98,4353.995,4352.625,4352.965,431.0
2026-09-21 08:21:00,4352.985,4353.615,4352.55,4353.3,450.0
2026-09-21 08:22:00,4353.32,4353.59,4352.92,4353.53,433.0
2026-09-21 08:23:00,4353.475,4355.13,4353.465,4354.825,559.0
2026-09-21 08:24:00,4354.815,4355.435,4353.98,4354.98,554.0
2026-09-21 08:25:00,4354.975,4355.37,4354.485,4355.23,458.0
2026-09-21 08:26:00,4355.215,4355.295,4353.66,4354.285,506.0
2026-09-21 08:27:00,4354.275,4355.13,4353.67,4353.995,396.0
2026-09-21 08:28:00,4354.025,4354.595,4353.71,4354.365,438.0
2026-09-21 08:29:00,4354.35,4354.35,4353.095,4353.095,582.0
2026-09-21 08:30:00,4353.09,4353.91,4350.895,4353.87,816.0
2026-09-21 08:31:00,4353.865,4355.175,4353.675,4354.895,617.0
2026-09-21 08:32:00,4354.885,4355.845,4354.245,4354.765,591.0
2026-09-21 08:33:00,4354.745,4356.05,4354.74,4354.93,312.0
2026-09-21 08:34:00,4354.92,4355.36,4354.36,4354.885,246.0
2026-09-21 08:35:00,4354.88,4356.56,4354.27,4355.495,483.0
2026-09-21 08:36:00,4355.48,4355.88,4355.09,4355.655,283.0
2026-09-21 08:37:00,4355.71,4356.09,4353.615,4354.49,337.0
2026-09-21 08:38:00,4354.5,4356.395,4353.84,4355.16,178.0
2026-09-21 08:39:00,4355.195,4357.025,4355.195,4355.56,234.0
2026-09-21 08:40:00,4355.59,4355.59,4353.295,4354.14,317.0
2026-09-21 08:41:00,4354.07,4356.655,4354.065,4356.38,396.0
2026-09-21 08:42:00,4356.375,4356.62,4355.58,4356.12,382.0
2026-09-21 08:43:00,4356.185,4356.945,4355.51,4355.685,224.0
2026-09-21 08:44:00,4355.73,4357.655,4355.73,4357.465,329.0
2026-09-21 08:45:00,4357.455,4357.51,4355.58,4356.215,422.0
2026-09-21 08:46:00,4356.235,4356.4,4355.465,4355.68,382.0
2026-09-21 08:47:00,4355.675,4355.83,4353.72,4354.27,654.0
2026-09-21 08:48:00,4354.29,4356.055,4354.29,4355.765,552.0
2026-09-21 08:49:00,4355.775,4356.385,4355.085,4355.915,351.0
2026-09-21 08:50:00,4355.89,4355.89,4353.9,4353.985,561.0
2026-09-21 08:51:00,4353.965,4355.065,4353.85,4354.585,406.0
2026-09-21 08:52:00,4354.575,4354.9,4353.86,4353.965,176.0
2026-09-21 08:53:00,4353.93,4354.26,4353.175,4353.47,212.0
2026-09-21 08:54:00,4353.52,4353.53,4351.085,4351.39,207.0
2026-09-21 08:55:00,4351.29,4351.91,4349.84,4351.735,373.0
2026-09-21 08:56:00,4351.73,4352.135,4350.855,4351.23,318.0
2026-09-21 08:57:00,4351.09,4352.775,4351.04,4352.72,194.0
2026-09-21 08:58:00,4352.66,4353.005,4352.54,4352.64,248.0
2026-09-21 08:59:00,4352.735,4353.61,4352.735,4353.285,263.0
2026-09-21 09:00:00,4353.255,4353.91,4352.61,4353.15,459.0
2026-09-21 09:01:00,4353.145,4353.69,4351.685,4351.915,348.0
2026-09-21 09:02:00,4351.965,4352.43,4351.29,4351.875,187.0
2026-09-21 09:03:00,4351.625,4353.33,4350.935,4352.96,434.0
2026-09-21 09:04:00,4352.955,4353.575,4349.555,4350.3,489.0
2026-09-21 09:05:00,4350.285,4351.245,4350.28,4350.915,214.0
2026-09-21 09:06:00,4350.81,4352.79,4350.81,4352.63,276.0
2026-09-21 09:07:00,4352.535,4353.085,4352.225,4352.91,164.0
2026-09-21 09:08:00,4352.86,4353.935,4352.655,4353.46,164.0
2026-09-21 09:09:00,4353.41,4353.77,4352.53,4353.075,197.0
2026-09-21 09:10:00,4353.165,4353.77,4352.395,4352.57,176.0
2026-09-21 09:11:00,4352.485,4353.665,4352.335,4353.455,189.0
2026-09-21 09:12:00,4353.295,4353.665,4352.45,4352.705,160.0
2026-09-21 09:13:00,4352.625,4353.62,4352.41,4353.62,129.0
2026-09-21 09:14:00,4353.72,4354.015,4352.855,4353.92,203.0
2026-09-21 09:15:00,4353.87,4354.515,4353.46,4354.24,214.0
2026-09-21 09:16:00,4354.13,4354.925,4353.6,4353.815,211.0
2026-09-21 09:17:00,4353.865,4354.9,4353.105,4354.24,196.0
2026-09-21 09:18:00,4354.105,4354.105,4352.9,4352.905,207.0
2026-09-21 09:19:00,4352.88,4352.975,4351.715,4351.745,426.0
2026-09-21 09:20:00,4351.75,4354.095,4351.735,4352.22,424.0
2026-09-21 09:21:00,4352.23,4354.215,4352.225,4353.455,363.0
2026-09-21 09:22:00,4353.44,4354.22,4352.765,4354.205,403.0
2026-09-21 09:23:00,4354.225,4354.23,4352.345,4352.545,240.0
2026-09-21 09:24:00,4352.56,4352.56,4350.4,4351.03,336.0
2026-09-21 09:25:00,4351.015,4351.015,4349.65,4349.79,459.0
2026-09-21 09:26:00,4349.475,4350.195,4349.36,4349.77,249.0
2026-09-21 09:27:00,4349.82,4350.685,4349.765,4350.0,205.0
2026-09-21 09:28:00,4350.005,4350.635,4348.85,4348.85,239.0
2026-09-21 09:29:00,4348.8,4349.1,4346.645,4346.655,418.0
2026-09-21 09:30:00,4346.625,4346.625,4344.335,4346.255,651.0
2026-09-21 09:31:00,4346.265,4346.335,4343.645,4344.29,611.0
2026-09-21 09:32:00,4344.24,4344.67,4340.58,4342.09,824.0
2026-09-21 09:33:00,4342.04,4344.0,4340.965,4343.34,448.0
2026-09-21 09:34:00,4343.16,4343.175,4341.715,4342.275,381.0
2026-09-21 09:35:00,4342.285,4342.54,4340.1,4341.23,563.0
2026-09-21 09:36:00,4341.28,4343.605,4341.13,4342.935,313.0
2026-09-21 09:37:00,4343.035,4344.95,4342.535,4343.39,463.0
2026-09-21 09:38:00,4343.415,4344.405,4342.65,4343.98,495.0
2026-09-21 09:39:00,4343.96,4344.465,4341.74,4344.265,394.0
2026-09-21 09:40:00,4344.215,4344.665,4342.675,4344.54,407.0
2026-09-21 09:41:00,4344.53,4345.8,4344.48,4345.275,460.0
2026-09-21 09:42:00,4345.28,4345.815,4344.62,4344.72,197.0
2026-09-21 09:43:00,4344.785,4346.085,4344.535,4345.035,274.0
2026-09-21 09:44:00,4345.085,4347.985,4344.97,4347.745,524.0
2026-09-21 09:45:00,4347.71,4348.61,4347.595,4347.935,450.0
2026-09-21 09:46:00,4348.015,4348.13,4346.885,4347.19,400.0
2026-09-21 09:47:00,4347.22,4347.345,4346.41,4346.49,186.0
2026-09-21 09:48:00,4346.455,4346.63,4345.945,4346.4,198.0
2026-09-21 09:49:00,4346.41,4346.415,4343.775,4344.06,319.0
2026-09-21 09:50:00,4343.9,4345.8,4343.845,4345.035,284.0
2026-09-21 09:51:00,4345.1,4346.225,4344.55,4345.97,262.0
2026-09-21 09:52:00,4345.835,4346.615,4344.145,4344.145,213.0
2026-09-21 09:53:00,4344.18,4345.245,4344.0,4345.15,181.0
2026-09-21 09:54:00,4345.195,4347.48,4345.045,4347.105,228.0
2026-09-21 09:55:00,4347.155,4347.155,4345.6,4346.565,222.0
2026-09-21 09:56:00,4346.54,4347.04,4345.12,4345.375,222.0
2026-09-21 09:57:00,4345.38,4345.565,4343.42,4344.74,180.0
2026-09-21 09:58:00,4344.735,4345.68,4344.035,4345.52,169.0
2026-09-21 09:59:00,4345.67,4346.315,4345.565,4345.695,164.0
2026-09-21 10:00:00,4345.725,4346.31,4345.245,4346.03,290.0
2026-09-21 10:01:00,4346.0,4347.065,4345.35,4346.94,219.0
2026-09-21 10:02:00,4346.945,4348.775,4346.945,4348.355,227.0
2026-09-21 10:03:00,4348.505,4349.7,4348.39,4348.625,187.0
2026-09-21 10:04:00,4348.7,4349.55,4348.5,4349.53,154.0
2026-09-21 10:05:00,4349.51,4350.42,4348.54,4348.84,254.0
2026-09-21 10:06:00,4348.94,4351.765,4348.89,4351.64,219.0
2026-09-21 10:07:00,4351.715,4352.23,4351.1,4351.1,264.0
2026-09-21 10:08:00,4351.12,4351.48,4350.765,4351.155,207.0
2026-09-21 10:09:00,4351.195,4351.34,4350.23,4350.845,236.0
2026-09-21 10:10:00,4350.88,4351.21,4349.94,4351.125,176.0
2026-09-21 10:11:00,4351.175,4352.28,4350.685,4351.95,222.0
2026-09-21 10:12:00,4351.925,4352.535,4351.435,4352.135,208.0
2026-09-21 10:13:00,4352.09,4353.0,4351.18,4352.495,241.0
2026-09-21 10:14:00,4352.32,4353.62,4351.705,4353.62,262.0
2026-09-21 10:15:00,4353.635,4356.62,4353.635,4355.98,611.0
2026-09-21 10:16:00,4356.03,4356.765,4355.39,4356.07,577.0
2026-09-21 10:17:00,4356.055,4356.245,4355.105,4355.13,375.0
2026-09-21 10:18:00,4355.12,4355.325,4354.01,4354.42,412.0
2026-09-21 10:19:00,4354.435,4354.615,4352.66,4352.875,487.0
2026-09-21 10:20:00,4352.88,4352.99,4351.64,4352.515,491.0
2026-09-21 10:21:00,4352.51,4352.51,4351.615,4351.95,460.0
2026-09-21 10:22:00,4351.96,4351.96,4351.135,4351.475,306.0
2026-09-21 10:23:00,4351.48,4351.725,4350.51,4351.61,348.0
2026-09-21 10:24:00,4351.605,4351.78,4351.015,4351.19,291.0
2026-09-21 10:25:00,4351.17,4352.61,4351.145,4351.51,487.0
2026-09-21 10:26:00,4351.46,4351.47,4350.455,4351.26,465.0
2026-09-21 10:27:00,4351.265,4352.195,4350.675,4351.39,409.0
2026-09-21 10:28:00,4351.46,4352.175,4350.885,4351.175,402.0
2026-09-21 10:29:00,4351.16,4351.235,4350.095,4350.87,408.0
2026-09-21 10:30:00,4350.86,4351.385,4350.23,4350.695,573.0
2026-09-21 10:31:00,4350.72,4351.255,4349.76,4351.205,399.0
2026-09-21 10:32:00,4351.2,4351.735,4350.755,4350.835,398.0
2026-09-21 10:33:00,4350.825,4351.395,4350.495,4350.675,422.0
2026-09-21 10:34:00,4350.68,4351.29,4350.37,4350.685,323.0
2026-09-21 10:35:00,4350.665,4352.245,4349.425,4349.5,528.0
2026-09-21 10:36:00,4349.53,4350.44,4348.795,4349.36,406.0
2026-09-21 10:37:00,4349.605,4349.84,4348.185,4348.185,422.0
2026-09-21 10:38:00,4348.18,4349.15,4348.15,4349.03,273.0
2026-09-21 10:39:00,4348.93,4349.385,4348.445,4348.525,210.0
2026-09-21 10:40:00,4348.53,4349.195,4347.895,4348.86,216.0
2026-09-21 10:41:00,4348.89,4349.33,4348.44,4348.565,145.0
2026-09-21 10:42:00,4348.5,4349.56,4348.45,4349.27,148.0
2026-09-21 10:43:00,4349.23,4349.445,4348.78,4348.885,176.0
2026-09-21 10:44:00,4348.945,4349.3,4348.145,4348.49,254.0
2026-09-21 10:45:00,4348.525,4348.825,4347.895,4348.505,189.0
2026-09-21 10:46:00,4348.51,4350.745,4348.495,4349.605,327.0
2026-09-21 10:47:00,4349.595,4350.185,4349.125,4349.875,302.0
2026-09-21 10:48:00,4349.835,4349.835,4348.39,4348.395,340.0
2026-09-21 10:49:00,4348.49,4349.21,4347.995,4348.045,295.0
2026-09-21 10:50:00,4348.115,4349.8,4348.115,4348.81,314.0
2026-09-21 10:51:00,4348.83,4349.025,4347.93,4348.265,325.0
2026-09-21 10:52:00,4348.215,4348.515,4347.54,4347.54,327.0
2026-09-21 10:53:00,4347.535,4348.065,4347.445,4347.685,251.0
2026-09-21 10:54:00,4347.7,4347.755,4347.165,4347.515,213.0
2026-09-21 10:55:00,4347.51,4347.645,4346.99,4347.52,219.0
2026-09-21 10:56:00,4347.72,4348.47,4347.0,4347.81,98.0
2026-09-21 10:57:00,4347.86,4347.86,4347.025,4347.085,108.0
2026-09-21 10:58:00,4347.04,4347.04,4344.77,4345.045,246.0
2026-09-21 10:59:00,4345.015,4345.43,4342.63,4342.81,296.0
2026-09-21 11:00:00,4342.785,4344.395,4342.05,4343.455,495.0
2026-09-21 11:01:00,4343.45,4344.15,4342.93,4343.675,500.0
2026-09-21 11:02:00,4343.67,4344.005,4342.265,4342.415,399.0
2026-09-21 11:03:00,4342.385,4344.505,4342.055,4344.505,362.0
2026-09-21 11:04:00,4344.49,4345.035,4343.96,4344.955,217.0
2026-09-21 11:05:00,4344.86,4346.335,4344.86,4345.69,378.0
2026-09-21 11:06:00,4345.66,4345.8,4343.815,4344.14,434.0
2026-09-21 11:07:00,4344.165,4344.99,4343.89,4343.99,331.0
2026-09-21 11:08:00,4343.985,4344.78,4343.495,4344.585,356.0
2026-09-21 11:09:00,4344.535,4345.945,4344.35,4345.935,469.0
2026-09-21 11:10:00,4345.895,4346.725,4344.61,4346.3,517.0
2026-09-21 11:11:00,4346.295,4347.035,4345.675,4345.795,424.0
2026-09-21 11:12:00,4345.865,4347.11,4345.765,4346.835,455.0
2026-09-21 11:13:00,4346.86,4347.49,4346.695,4347.195,306.0
2026-09-21 11:14:00,4347.165,4348.465,4347.08,4348.325,393.0
2026-09-21 11:15:00,4348.35,4351.26,4348.35,4351.195,542.0
2026-09-21 11:16:00,4351.18,4351.235,4350.19,4350.875,431.0
2026-09-21 11:17:00,4350.915,4352.565,4350.805,4352.565,440.0
2026-09-21 11:18:00,4352.54,4353.605,4352.185,4353.35,277.0
2026-09-21 11:19:00,4353.53,4355.21,4353.525,4355.125,199.0
2026-09-21 11:20:00,4355.135,4355.48,4353.14,4353.605,260.0
2026-09-21 11:21:00,4353.645,4354.715,4353.505,4354.335,180.0
2026-09-21 11:22:00,4354.285,4355.06,4353.68,4354.735,263.0
2026-09-21 11:23:00,4354.76,4354.87,4352.935,4352.935,244.0
2026-09-21 11:24:00,4352.93,4353.28,4352.345,4352.655,324.0
2026-09-21 11:25:00,4352.755,4353.41,4352.245,4352.55,243.0
2026-09-21 11:26:00,4352.575,4353.6,4352.575,4352.725,218.0
2026-09-21 11:27:00,4352.78,4353.415,4352.655,4353.18,153.0
2026-09-21 11:28:00,4353.13,4354.0,4353.13,4353.955,202.0
2026-09-21 11:29:00,4353.94,4354.05,4353.455,4353.735,215.0
2026-09-21 11:30:00,4353.71,4353.815,4352.285,4353.45,255.0
2026-09-21 11:31:00,4353.445,4356.705,4353.355,4356.68,214.0
2026-09-21 11:32:00,4356.685,4357.16,4355.845,4355.85,444.0
2026-09-21 11:33:00,4355.875,4356.49,4355.55,4356.3,435.0
2026-09-21 11:34:00,4356.295,4358.735,4356.045,4357.96,452.0
2026-09-21 11:35:00,4357.955,4359.85,4357.545,4359.85,353.0
2026-09-21 11:36:00,4359.9,4360.7,4359.37,4359.615,287.0
2026-09-21 11:37:00,4359.625,4360.7,4359.405,4360.53,227.0
2026-09-21 11:38:00,4360.61,4360.965,4359.735,4360.895,411.0
2026-09-21 11:39:00,4360.9,4362.55,4359.985,4361.315,714.0
2026-09-21 11:40:00,4361.325,4361.815,4360.015,4361.67,623.0
2026-09-21 11:41:00,4361.645,4362.67,4360.625,4362.62,556.0
2026-09-21 11:42:00,4362.69,4364.07,4362.37,4363.125,666.0
2026-09-21 11:43:00,4363.12,4363.9,4362.855,4363.89,227.0
2026-09-21 11:44:00,4363.945,4367.35,4363.945,4366.625,434.0
2026-09-21 11:45:00,4366.65,4367.29,4365.145,4365.745,510.0
2026-09-21 11:46:00,4365.74,4367.88,4365.59,4366.875,428.0
2026-09-21 11:47:00,4366.845,4367.075,4365.8,4366.055,239.0
2026-09-21 11:48:00,4366.07,4366.26,4364.79,4365.285,442.0
2026-09-21 11:49:00,4365.315,4367.495,4365.29,4367.13,367.0
2026-09-21 11:50:00,4367.215,4368.2,4366.25,4367.22,732.0
2026-09-21 11:51:00,4367.32,4367.67,4365.335,4366.955,383.0
2026-09-21 11:52:00,4367.025,4369.315,4366.76,4368.78,633.0
2026-09-21 11:53:00,4368.725,4369.18,4367.955,4368.29,328.0
2026-09-21 11:54:00,4368.295,4370.88,4368.295,4370.77,536.0
2026-09-21 11:55:00,4370.815,4371.115,4370.085,4370.68,330.0
2026-09-21 11:56:00,4370.73,4370.91,4367.145,4368.05,403.0
2026-09-21 11:57:00,4368.0,4368.185,4366.37,4367.355,523.0
2026-09-21 11:58:00,4367.37,4368.245,4367.045,4367.28,286.0
2026-09-21 11:59:00,4367.265,4369.53,4367.265,4369.15,279.0
2026-09-21 12:00:00,4369.185,4369.185,4366.42,4366.475,438.0
2026-09-21 12:01:00,4366.515,4367.1,4364.71,4364.995,395.0
2026-09-21 12:02:00,4364.945,4365.925,4362.85,4365.145,693.0
2026-09-21 12:03:00,4365.16,4368.36,4364.775,4367.635,743.0
2026-09-21 12:04:00,4367.58,4370.44,4367.395,4370.4,502.0
2026-09-21 12:05:00,4370.44,4374.94,4370.39,4373.02,613.0
2026-09-21 12:06:00,4372.97,4373.035,4370.615,4371.64,587.0
2026-09-21 12:07:00,4371.54,4371.54,4368.225,4368.585,460.0
2026-09-21 12:08:00,4368.565,4369.66,4368.095,4369.66,374.0
2026-09-21 12:09:00,4369.63,4369.765,4367.285,4367.315,373.0
2026-09-21 12:10:00,4367.295,4367.965,4366.685,4367.965,346.0
2026-09-21 12:11:00,4367.995,4369.12,4367.155,4368.345,297.0
2026-09-21 12:12:00,4368.355,4368.99,4367.53,4368.46,252.0
2026-09-21 12:13:00,4368.45,4369.24,4368.11,4369.05,308.0
2026-09-21 12:14:00,4369.1,4369.95,4368.625,4369.275,418.0
2026-09-21 12:15:00,4369.3,4369.585,4367.555,4367.785,339.0
2026-09-21 12:16:00,4367.675,4371.03,4367.35,4368.785,414.0
2026-09-21 12:17:00,4368.705,4370.035,4368.02,4369.945,420.0
2026-09-21 12:18:00,4370.02,4370.405,4368.02,4368.535,352.0
2026-09-21 12:19:00,4368.565,4368.8,4367.16,4367.385,311.0
2026-09-21 12:20:00,4367.42,4367.635,4360.705,4360.93,814.0
2026-09-21 12:21:00,4360.945,4361.405,4358.71,4359.01,747.0
2026-09-21 12:22:00,4359.035,4360.98,4358.4,4360.2,916.0
2026-09-21 12:23:00,4360.175,4360.84,4358.32,4358.64,797.0
2026-09-21 12:24:00,4358.645,4358.72,4355.025,4355.025,610.0
2026-09-21 12:25:00,4354.91,4356.855,4354.55,4356.645,505.0
2026-09-21 12:26:00,4356.665,4356.665,4354.615,4355.345,363.0
2026-09-21 12:27:00,4355.315,4356.155,4351.62,4352.51,507.0
2026-09-21 12:28:00,4352.49,4353.77,4351.595,4352.795,537.0
2026-09-21 12:29:00,4352.805,4355.645,4352.605,4355.61,482.0
2026-09-21 12:30:00,4355.615,4358.64,4354.14,4356.535,1245.0
2026-09-21 12:31:00,4356.485,4358.38,4355.815,4358.38,442.0
2026-09-21 12:32:00,4358.425,4359.505,4356.685,4357.71,778.0
2026-09-21 12:33:00,4357.7,4358.28,4356.69,4358.025,664.0
2026-09-21 12:34:00,4358.125,4358.13,4355.88,4357.53,780.0
2026-09-21 12:35:00,4357.525,4358.13,4355.305,4355.305,495.0
2026-09-21 12:36:00,4355.455,4355.76,4351.765,4351.815,724.0
2026-09-21 12:37:00,4351.81,4353.185,4351.31,4353.06,750.0
2026-09-21 12:38:00,4353.04,4354.4,4352.72,4354.015,354.0
2026-09-21 12:39:00,4354.105,4357.045,4354.04,4356.925,461.0
2026-09-21 12:40:00,4356.91,4358.41,4355.475,4356.31,537.0
2026-09-21 12:41:00,4356.26,4359.335,4356.25,4359.05,623.0
2026-09-21 12:42:00,4359.045,4360.025,4358.305,4359.935,456.0
2026-09-21 12:43:00,4359.95,4360.94,4358.565,4359.235,593.0
2026-09-21 12:44:00,4359.3,4363.575,4356.855,4363.205,1405.0
2026-09-21 12:45:00,4363.19,4363.855,4359.025,4359.185,1057.0
2026-09-21 12:46:00,4359.19,4359.88,4355.71,4355.755,764.0
2026-09-21 12:47:00,4355.71,4356.83,4355.33,4356.495,674.0
2026-09-21 12:48:00,4356.395,4358.76,4356.29,4358.255,552.0
2026-09-21 12:49:00,4358.335,4358.49,4356.83,4357.845,388.0
2026-09-21 12:50:00,4357.84,4358.565,4357.155,4357.575,696.0
2026-09-21 12:51:00,4357.645,4359.16,4357.625,4358.425,283.0
2026-09-21 12:52:00,4358.475,4359.385,4357.49,4359.08,243.0
2026-09-21 12:53:00,4359.13,4359.355,4356.395,4356.75,210.0
2026-09-21 12:54:00,4356.75,4358.17,4356.22,4356.985,266.0
2026-09-21 12:55:00,4356.99,4356.99,4354.205,4354.91,482.0
2026-09-21 12:56:00,4354.99,4355.705,4353.87,4354.92,388.0
2026-09-21 12:57:00,4355.06,4359.06,4354.965,4358.385,436.0
2026-09-21 12:58:00,4358.36,4361.655,4358.11,4360.89,478.0
2026-09-21 12:59:00,4360.895,4360.895,4359.175,4359.58,343.0
2026-09-21 13:00:00,4359.565,4361.045,4357.99,4360.395,1363.0
2026-09-21 13:01:00,4360.445,4360.55,4358.38,4359.015,731.0
2026-09-21 13:02:00,4358.99,4360.28,4358.04,4358.955,664.0
2026-09-21 13:03:00,4358.965,4359.24,4356.84,4357.215,638.0
2026-09-21 13:04:00,4357.245,4357.815,4355.935,4357.545,587.0
2026-09-21 13:05:00,4357.685,4360.195,4356.675,4359.705,483.0
2026-09-21 13:06:00,4359.67,4360.335,4358.655,4358.84,379.0
2026-09-21 13:07:00,4358.89,4361.42,4358.72,4360.815,461.0
2026-09-21 13:08:00,4361.015,4362.585,4359.875,4362.315,434.0
2026-09-21 13:09:00,4362.285,4364.2,4361.785,4361.975,488.0
2026-09-21 13:10:00,4361.965,4363.25,4361.575,4361.59,401.0
2026-09-21 13:11:00,4361.65,4363.345,4361.065,4362.42,490.0
2026-09-21 13:12:00,4362.47,4363.62,4362.115,4363.26,408.0
2026-09-21 13:13:00,4363.265,4364.345,4362.755,4363.235,397.0
2026-09-21 13:14:00,4363.235,4363.825,4362.645,4363.15,388.0
2026-09-21 13:15:00,4363.28,4363.72,4362.59,4363.14,305.0
2026-09-21 13:16:00,4363.27,4363.57,4361.475,4362.065,328.0
2026-09-21 13:17:00,4362.125,4363.57,4360.855,4363.57,539.0
2026-09-21 13:18:00,4363.625,4363.66,4361.895,4362.295,562.0
2026-09-21 13:19:00,4362.34,4364.35,4362.12,4362.66,729.0
2026-09-21 13:20:00,4362.67,4362.98,4361.03,4361.555,521.0
2026-09-21 13:21:00,4361.61,4363.74,4361.345,4362.93,496.0
2026-09-21 13:22:00,4362.925,4364.245,4361.61,4362.235,491.0
2026-09-21 13:23:00,4362.31,4365.095,4362.31,4364.12,486.0
2026-09-21 13:24:00,4364.205,4366.32,4363.88,4365.49,542.0
2026-09-21 13:25:00,4365.605,4366.515,4365.175,4365.885,490.0
2026-09-21 13:26:00,4365.89,4369.855,4363.96,4363.98,965.0
2026-09-21 13:27:00,4364.005,4365.22,4363.12,4365.22,548.0
2026-09-21 13:28:00,4365.13,4365.225,4363.42,4363.5,548.0
2026-09-21 13:29:00,4363.49,4364.625,4363.47,4364.395,703.0
2026-09-21 13:30:00,4364.38,4364.74,4358.84,4360.485,1872.0
2026-09-21 13:31:00,4360.465,4363.09,4359.2,4361.195,908.0
2026-09-21 13:32:00,4361.32,4361.545,4355.02,4355.31,923.0
2026-09-21 13:33:00,4355.295,4355.485,4352.61,4353.04,1069.0
2026-09-21 13:34:00,4353.085,4354.155,4352.545,4353.425,780.0
2026-09-21 13:35:00,4353.415,4356.04,4352.82,4353.775,1221.0
2026-09-21 13:36:00,4353.825,4355.95,4352.05,4355.545,805.0
2026-09-21 13:37:00,4355.555,4356.715,4354.455,4354.875,798.0
2026-09-21 13:38:00,4354.85,4355.525,4352.83,4353.09,913.0
2026-09-21 13:39:00,4352.94,4354.415,4351.65,4354.075,603.0
2026-09-21 13:40:00,4353.9,4355.525,4353.1,4355.355,545.0
2026-09-21 13:41:00,4355.43,4356.335,4350.91,4351.615,962.0
2026-09-21 13:42:00,4351.575,4352.455,4349.81,4349.865,591.0
2026-09-21 13:43:00,4349.915,4351.185,4349.28,4350.87,828.0
2026-09-21 13:44:00,4350.89,4353.885,4350.87,4352.975,761.0
2026-09-21 13:45:00,4353.03,4353.125,4349.615,4351.79,1006.0
2026-09-21 13:46:00,4351.685,4354.9,4350.38,4354.68,835.0
2026-09-21 13:47:00,4354.65,4355.005,4352.19,4352.585,644.0
2026-09-21 13:48:00,4352.375,4353.515,4349.425,4350.53,798.0
2026-09-21 13:49:00,4350.525,4356.04,4350.52,4355.845,1012.0
2026-09-21 13:50:00,4355.855,4356.265,4352.425,4353.315,975.0
2026-09-21 13:51:00,4353.305,4353.905,4352.16,4353.09,959.0
2026-09-21 13:52:00,4353.085,4354.57,4350.72,4350.725,1173.0
2026-09-21 13:53:00,4350.635,4351.165,4349.55,4350.22,682.0
2026-09-21 13:54:00,4350.295,4350.4,4348.435,4348.455,876.0
2026-09-21 13:55:00,4348.45,4349.22,4346.965,4348.485,883.0
2026-09-21 13:56:00,4348.455,4349.115,4346.735,4348.8,762.0
2026-09-21 13:57:00,4348.84,4350.325,4348.61,4349.46,876.0
2026-09-21 13:58:00,4349.42,4350.085,4347.66,4348.45,813.0
2026-09-21 13:59:00,4348.405,4348.68,4346.02,4346.105,889.0
2026-09-21 14:00:00,4346.11,4347.215,4343.495,4344.065,1288.0
2026-09-21 14:01:00,4344.03,4345.3,4342.805,4344.09,1075.0
2026-09-21 14:02:00,4344.07,4344.44,4337.39,4339.85,1247.0
2026-09-21 14:03:00,4339.8,4340.83,4326.055,4326.055,1669.0
2026-09-21 14:04:00,4326.065,4333.48,4325.98,4327.19,2366.0
2026-09-21 14:05:00,4327.35,4328.735,4322.89,4324.29,2181.0
2026-09-21 14:06:00,4324.285,4328.655,4322.81,4328.41,1714.0
2026-09-21 14:07:00,4328.585,4333.875,4326.64,4332.62,1274.0
2026-09-21 14:08:00,4332.5,4333.805,4330.63,4332.97,991.0
2026-09-21 14:09:00,4333.035,4337.24,4332.775,4337.14,1271.0
2026-09-21 14:10:00,4337.185,4338.245,4334.725,4335.555,1134.0
2026-09-21 14:11:00,4335.56,4339.24,4335.135,4338.34,1159.0
2026-09-21 14:12:00,4338.22,4339.765,4337.215,4338.47,858.0
2026-09-21 14:13:00,4338.415,4340.685,4337.93,4339.13,1063.0
2026-09-21 14:14:00,4339.12,4340.96,4338.68,4340.305,717.0
2026-09-21 14:15:00,4340.28,4341.305,4337.73,4338.145,930.0
2026-09-21 14:16:00,4338.155,4339.45,4337.75,4338.23,1161.0
2026-09-21 14:17:00,4338.29,4338.665,4336.475,4336.74,976.0
2026-09-21 14:18:00,4336.69,4338.07,4336.085,4336.71,475.0
2026-09-21 14:19:00,4336.66,4338.235,4336.24,4337.75,678.0
2026-09-21 14:20:00,4337.77,4338.645,4334.425,4334.85,1032.0
2026-09-21 14:21:00,4334.84,4338.07,4334.285,4336.595,1308.0
2026-09-21 14:22:00,4336.58,4338.735,4336.345,4337.83,1070.0
2026-09-21 14:23:00,4337.63,4337.68,4335.555,4337.18,652.0
2026-09-21 14:24:00,4337.16,4338.4,4335.945,4337.6,856.0
2026-09-21 14:25:00,4337.6,4339.94,4336.31,4339.77,1001.0
2026-09-21 14:26:00,4339.785,4340.67,4337.09,4338.605,558.0
2026-09-21 14:27:00,4338.655,4341.84,4338.165,4340.645,567.0
2026-09-21 14:28:00,4340.64,4341.625,4339.34,4339.85,855.0
2026-09-21 14:29:00,4339.75,4343.015,4339.65,4341.55,723.0
2026-09-21 14:30:00,4341.455,4343.68,4340.06,4341.965,870.0
2026-09-21 14:31:00,4341.96,4342.555,4339.29,4339.515,827.0
2026-09-21 14:32:00,4339.44,4339.825,4338.245,4339.39,1137.0
2026-09-21 14:33:00,4339.395,4342.785,4339.275,4342.09,1145.0
2026-09-21 14:34:00,4342.095,4342.1,4335.875,4336.145,1191.0
2026-09-21 14:35:00,4336.12,4339.915,4335.96,4339.905,1095.0
2026-09-21 14:36:00,4339.92,4340.175,4336.19,4336.225,834.0
2026-09-21 14:37:00,4336.23,4337.92,4335.37,4336.1,1122.0
2026-09-21 14:38:00,4336.115,4337.665,4335.81,4336.085,995.0
2026-09-21 14:39:00,4336.07,4336.85,4335.075,4335.145,967.0
2026-09-21 14:40:00,4335.15,4337.455,4335.105,4336.89,1132.0
2026-09-21 14:41:00,4336.88,4340.815,4336.455,4337.495,1468.0
2026-09-21 14:42:00,4337.505,4338.15,4335.825,4337.155,1106.0
2026-09-21 14:43:00,4337.16,4338.155,4334.405,4334.92,964.0
2026-09-21 14:44:00,4334.97,4335.195,4332.095,4332.32,1093.0
2026-09-21 14:45:00,4332.305,4336.83,4332.305,4335.75,1003.0
2026-09-21 14:46:00,4335.755,4336.865,4334.39,4336.76,939.0
2026-09-21 14:47:00,4336.8,4339.39,4335.94,4338.965,1070.0
2026-09-21 14:48:00,4338.97,4341.195,4336.71,4337.005,685.0
2026-09-21 14:49:00,4337.01,4337.12,4335.42,4336.625,932.0
2026-09-21 14:50:00,4336.61,4338.23,4336.115,4337.79,573.0
2026-09-21 14:51:00,4337.93,4341.085,4337.93,4340.305,969.0
2026-09-21 14:52:00,4340.32,4341.3,4339.025,4341.08,991.0
2026-09-21 14:53:00,4340.825,4342.675,4340.47,4340.555,384.0
2026-09-21 14:54:00,4340.605,4342.78,4340.605,4341.945,460.0
2026-09-21 14:55:00,4341.975,4342.22,4338.755,4339.335,808.0
2026-09-21 14:56:00,4339.24,4339.855,4338.18,4338.675,660.0
2026-09-21 14:57:00,4338.69,4338.98,4336.775,4336.865,627.0
2026-09-21 14:58:00,4336.845,4338.72,4335.7,4337.67,317.0
2026-09-21 14:59:00,4337.715,4339.285,4336.8,4338.89,338.0
2026-09-21 15:00:00,4339.09,4341.645,4338.97,4340.92,583.0
2026-09-21 15:01:00,4340.91,4342.655,4340.36,4341.905,511.0
2026-09-21 15:02:00,4341.855,4344.28,4341.665,4344.02,414.0
2026-09-21 15:03:00,4344.12,4345.68,4343.35,4344.05,934.0
2026-09-21 15:04:00,4344.095,4346.615,4343.855,4346.615,778.0
2026-09-21 15:05:00,4346.595,4347.4,4345.47,4346.855,509.0
2026-09-21 15:06:00,4346.92,4348.815,4346.355,4346.98,527.0
2026-09-21 15:07:00,4347.035,4348.475,4346.83,4348.365,432.0
2026-09-21 15:08:00,4348.465,4348.675,4347.175,4348.335,293.0
2026-09-21 15:09:00,4348.285,4350.215,4347.385,4350.215,329.0
2026-09-21 15:10:00,4350.285,4350.515,4348.3,4349.195,548.0
2026-09-21 15:11:00,4349.205,4350.015,4347.475,4347.955,520.0
2026-09-21 15:12:00,4347.985,4349.085,4346.975,4348.885,327.0
2026-09-21 15:13:00,4348.935,4350.24,4347.84,4349.575,405.0
2026-09-21 15:14:00,4349.615,4349.865,4348.58,4349.445,448.0
2026-09-21 15:15:00,4349.45,4350.16,4348.415,4348.67,554.0
2026-09-21 15:16:00,4348.66,4350.515,4348.57,4350.465,975.0
2026-09-21 15:17:00,4350.47,4351.37,4349.18,4350.485,1069.0
2026-09-21 15:18:00,4350.48,4351.465,4349.205,4350.17,819.0
2026-09-21 15:19:00,4350.18,4351.165,4349.69,4349.91,674.0
2026-09-21 15:20:00,4349.9,4350.845,4348.75,4349.195,610.0
2026-09-21 15:21:00,4349.15,4350.98,4348.475,4350.125,442.0
2026-09-21 15:22:00,4350.135,4350.75,4349.305,4350.74,473.0
2026-09-21 15:23:00,4350.75,4351.185,4349.575,4351.13,683.0
2026-09-21 15:24:00,4351.11,4352.095,4350.18,4351.35,1036.0
2026-09-21 15:25:00,4351.375,4353.845,4351.27,4351.535,1130.0
2026-09-21 15:26:00,4351.53,4352.245,4350.41,4351.13,697.0
2026-09-21 15:27:00,4351.135,4351.47,4349.955,4350.165,577.0
2026-09-21 15:28:00,4350.22,4352.04,4349.94,4351.5,463.0
2026-09-21 15:29:00,4351.6,4352.185,4350.805,4350.915,338.0
2026-09-21 15:30:00,4351.04,4352.42,4350.735,4350.745,517.0
2026-09-21 15:31:00,4350.83,4351.57,4349.94,4351.415,574.0
2026-09-21 15:32:00,4351.29,4352.77,4351.035,4351.675,660.0
2026-09-21 15:33:00,4351.67,4354.195,4351.51,4353.725,680.0
2026-09-21 15:34:00,4353.745,4354.4,4353.15,4354.025,620.0
2026-09-21 15:35:00,4353.99,4354.665,4352.735,4352.735,490.0
2026-09-21 15:36:00,4352.74,4356.105,4352.62,4354.395,1128.0
2026-09-21 15:37:00,4354.4,4354.82,4351.585,4351.815,733.0
2026-09-21 15:38:00,4351.81,4351.81,4350.555,4350.89,508.0
2026-09-21 15:39:00,4350.905,4351.05,4349.785,4349.87,421.0
2026-09-21 15:40:00,4349.82,4350.84,4348.65,4348.65,591.0
2026-09-21 15:41:00,4348.645,4349.98,4348.445,4349.325,566.0
2026-09-21 15:42:00,4349.385,4350.445,4348.13,4349.765,553.0
2026-09-21 15:43:00,4349.77,4349.82,4348.5,4348.5,533.0
2026-09-21 15:44:00,4348.515,4350.155,4348.39,4349.83,420.0
2026-09-21 15:45:00,4349.9,4350.82,4348.94,4349.54,809.0
2026-09-21 15:46:00,4349.49,4350.47,4348.965,4350.09,599.0
2026-09-21 15:47:00,4350.075,4350.63,4349.695,4350.37,755.0
2026-09-21 15:48:00,4350.355,4350.725,4348.37,4348.565,677.0
2026-09-21 15:49:00,4348.56,4348.655,4347.36,4348.12,680.0
2026-09-21 15:50:00,4348.125,4354.41,4347.935,4350.42,1077.0
2026-09-21 15:51:00,4350.405,4350.895,4348.09,4348.2,1142.0
2026-09-21 15:52:00,4348.22,4348.665,4347.165,4347.175,428.0
2026-09-21 15:53:00,4347.18,4347.445,4346.41,4347.35,648.0
2026-09-21 15:54:00,4347.34,4349.015,4347.255,4347.95,764.0
2026-09-21 15:55:00,4347.93,4348.87,4346.94,4348.765,630.0
2026-09-21 15:56:00,4348.755,4349.88,4348.335,4349.165,614.0
2026-09-21 15:57:00,4349.245,4349.525,4346.88,4347.875,676.0
2026-09-21 15:58:00,4347.84,4348.315,4347.075,4347.89,785.0
2026-09-21 15:59:00,4347.825,4348.16,4346.97,4348.085,774.0
2026-09-21 16:00:00,4348.12,4348.255,4344.815,4345.64,835.0
2026-09-21 16:01:00,4345.675,4347.485,4345.635,4346.55,756.0
2026-09-21 16:02:00,4346.545,4348.76,4346.19,4348.6,694.0
2026-09-21 16:03:00,4348.615,4350.93,4348.455,4350.16,788.0
2026-09-21 16:04:00,4350.13,4351.24,4349.905,4350.53,322.0
2026-09-21 16:05:00,4350.55,4350.79,4349.515,4349.77,585.0
2026-09-21 16:06:00,4349.79,4350.875,4349.125,4349.645,649.0
2026-09-21 16:07:00,4349.63,4355.595,4349.095,4352.52,1826.0
2026-09-21 16:08:00,4352.57,4353.47,4351.425,4351.785,828.0
2026-09-21 16:09:00,4351.815,4354.355,4350.6,4354.215,863.0
2026-09-21 16:10:00,4354.25,4355.675,4352.725,4355.535,1328.0
2026-09-21 16:11:00,4355.535,4355.785,4354.41,4354.815,1097.0
2026-09-21 16:12:00,4354.81,4354.81,4352.305,4353.325,975.0
2026-09-21 16:13:00,4353.33,4354.665,4352.23,4352.245,593.0
2026-09-21 16:14:00,4352.235,4352.245,4349.89,4351.595,693.0
2026-09-21 16:15:00,4351.58,4353.38,4351.58,4352.78,769.0
2026-09-21 16:16:00,4352.78,4354.365,4352.41,4354.08,503.0
2026-09-21 16:17:00,4354.03,4354.295,4352.25,4353.425,470.0
2026-09-21 16:18:00,4353.43,4355.3,4353.035,4354.5,449.0
2026-09-21 16:19:00,4354.52,4357.105,4354.145,4356.5,660.0
2026-09-21 16:20:00,4356.49,4356.98,4355.82,4356.595,519.0
2026-09-21 16:21:00,4356.58,4356.605,4353.415,4354.025,683.0
2026-09-21 16:22:00,4354.15,4354.85,4352.83,4352.87,380.0
2026-09-21 16:23:00,4352.9,4352.985,4351.27,4351.355,485.0
2026-09-21 16:24:00,4351.4,4351.945,4350.15,4350.85,471.0
2026-09-21 16:25:00,4350.88,4351.175,4349.02,4349.11,507.0
2026-09-21 16:26:00,4349.08,4350.0,4349.02,4349.585,434.0
2026-09-21 16:27:00,4349.575,4351.49,4349.15,4351.035,515.0
2026-09-21 16:28:00,4351.02,4351.39,4349.965,4350.48,392.0
2026-09-21 16:29:00,4350.515,4351.16,4349.85,4350.895,349.0
2026-09-21 16:30:00,4350.875,4351.44,4349.445,4350.02,441.0
2026-09-21 16:31:00,4349.96,4350.93,4349.625,4350.14,405.0
2026-09-21 16:32:00,4350.15,4351.535,4350.005,4351.37,527.0
2026-09-21 16:33:00,4351.385,4352.73,4351.375,4351.81,310.0
2026-09-21 16:34:00,4351.91,4351.915,4351.14,4351.3,269.0
2026-09-21 16:35:00,4351.31,4351.365,4349.655,4349.81,483.0
2026-09-21 16:36:00,4349.79,4350.365,4348.92,4350.135,489.0
2026-09-21 16:37:00,4350.15,4350.425,4349.335,4350.15,452.0
2026-09-21 16:38:00,4350.175,4351.05,4349.87,4350.1,511.0
2026-09-21 16:39:00,4350.095,4350.185,4349.215,4349.345,402.0
2026-09-21 16:40:00,4349.36,4350.035,4349.045,4349.75,433.0
2026-09-21 16:41:00,4349.745,4349.82,4348.07,4348.465,551.0
2026-09-21 16:42:00,4348.415,4348.77,4347.255,4347.475,557.0
2026-09-21 16:43:00,4347.46,4347.54,4345.845,4346.24,511.0
2026-09-21 16:44:00,4346.235,4346.38,4343.58,4343.91,440.0
2026-09-21 16:45:00,4343.89,4344.485,4343.305,4344.485,516.0
2026-09-21 16:46:00,4344.47,4344.83,4343.255,4343.86,357.0
2026-09-21 16:47:00,4343.9,4345.57,4343.87,4345.4,267.0
2026-09-21 16:48:00,4345.45,4346.275,4344.875,4345.7,325.0
2026-09-21 16:49:00,4345.65,4346.15,4344.98,4346.12,244.0
2026-09-21 16:50:00,4346.205,4346.91,4345.96,4346.265,534.0
2026-09-21 16:51:00,4346.27,4346.44,4344.92,4345.94,560.0
2026-09-21 16:52:00,4345.935,4345.985,4343.325,4344.605,597.0
2026-09-21 16:53:00,4344.61,4344.68,4343.385,4343.995,536.0
2026-09-21 16:54:00,4344.025,4344.31,4343.645,4344.055,437.0
2026-09-21 16:55:00,4344.105,4345.195,4343.83,4344.98,535.0
2026-09-21 16:56:00,4344.93,4344.96,4343.85,4344.07,441.0
2026-09-21 16:57:00,4344.105,4345.195,4344.105,4344.475,364.0
2026-09-21 16:58:00,4344.365,4344.43,4343.54,4343.775,230.0
2026-09-21 16:59:00,4343.795,4344.115,4343.005,4343.395,280.0
2026-09-21 17:00:00,4343.43,4343.765,4341.9,4343.575,357.0
2026-09-21 17:01:00,4343.485,4343.885,4342.725,4343.48,236.0
2026-09-21 17:02:00,4343.68,4344.285,4342.425,4344.225,307.0
2026-09-21 17:03:00,4344.23,4344.685,4343.255,4343.51,393.0
2026-09-21 17:04:00,4343.525,4344.1,4342.67,4344.05,253.0
2026-09-21 17:05:00,4344.0,4344.775,4343.79,4344.22,206.0
2026-09-21 17:06:00,4344.17,4345.035,4343.855,4344.4,157.0
2026-09-21 17:07:00,4344.5,4345.52,4344.39,4344.515,174.0
2026-09-21 17:08:00,4344.565,4345.465,4344.115,4345.005,169.0
2026-09-21 17:09:00,4345.05,4345.77,4344.525,4345.595,117.0
2026-09-21 17:10:00,4345.695,4345.815,4344.93,4345.315,119.0
2026-09-21 17:11:00,4345.26,4345.77,4345.01,4345.37,124.0
2026-09-21 17:12:00,4345.425,4346.805,4345.425,4346.685,173.0
2026-09-21 17:13:00,4346.635,4346.935,4346.11,4346.36,183.0
2026-09-21 17:14:00,4346.355,4346.355,4345.6,4346.18,241.0
2026-09-21 17:15:00,4346.175,4346.525,4344.02,4344.675,230.0
2026-09-21 17:16:00,4344.725,4345.46,4344.01,4345.015,171.0
2026-09-21 17:17:00,4344.815,4344.965,4343.45,4343.5,205.0
2026-09-21 17:18:00,4343.55,4344.985,4343.015,4343.945,237.0
2026-09-21 17:19:00,4344.045,4344.48,4341.88,4342.105,231.0
2026-09-21 17:20:00,4342.15,4342.595,4341.54,4342.595,279.0
2026-09-21 17:21:00,4342.645,4343.795,4341.47,4342.07,460.0
2026-09-21 17:22:00,4342.055,4343.615,4341.605,4342.92,471.0
2026-09-21 17:23:00,4342.945,4343.615,4342.485,4343.0,469.0
2026-09-21 17:24:00,4343.005,4343.25,4342.125,4342.875,681.0
2026-09-21 17:25:00,4342.8,4343.65,4342.32,4343.01,671.0
2026-09-21 17:26:00,4343.015,4343.52,4342.38,4343.365,531.0
2026-09-21 17:27:00,4343.37,4343.945,4342.895,4343.255,543.0
2026-09-21 17:28:00,4343.17,4343.845,4342.755,4343.835,564.0
2026-09-21 17:29:00,4343.945,4346.52,4343.835,4345.895,849.0
2026-09-21 17:30:00,4345.9,4346.655,4342.73,4342.835,756.0
2026-09-21 17:31:00,4342.85,4342.855,4340.83,4342.12,936.0
2026-09-21 17:32:00,4342.125,4342.125,4340.085,4340.535,573.0
2026-09-21 17:33:00,4340.52,4340.79,4339.25,4339.755,607.0
2026-09-21 17:34:00,4339.77,4340.595,4338.05,4338.885,753.0
2026-09-21 17:35:00,4338.89,4339.885,4338.735,4339.515,531.0
2026-09-21 17:36:00,4339.52,4340.465,4338.835,4339.705,533.0
2026-09-21 17:37:00,4339.695,4339.925,4337.55,4337.825,465.0
2026-09-21 17:38:00,4337.885,4339.385,4337.85,4339.385,358.0
2026-09-21 17:39:00,4339.405,4339.65,4338.41,4338.645,338.0
2026-09-21 17:40:00,4338.655,4340.845,4338.45,4340.8,344.0
2026-09-21 17:41:00,4340.805,4341.995,4340.545,4341.92,300.0
2026-09-21 17:42:00,4341.93,4342.59,4341.05,4341.525,320.0
2026-09-21 17:43:00,4341.475,4341.99,4340.18,4340.725,282.0
2026-09-21 17:44:00,4340.8,4341.1,4340.23,4340.775,304.0
2026-09-21 17:45:00,4340.78,4340.78,4339.48,4340.11,516.0
2026-09-21 17:46:00,4340.09,4342.27,4340.08,4341.72,372.0
2026-09-21 17:47:00,4341.615,4342.765,4341.515,4342.045,324.0
2026-09-21 17:48:00,4342.155,4343.09,4342.155,4343.035,246.0
2026-09-21 17:49:00,4343.23,4343.275,4342.625,4343.155,263.0
2026-09-21 17:50:00,4343.145,4343.215,4342.65,4342.995,218.0
2026-09-21 17:51:00,4342.91,4344.19,4342.715,4343.92,280.0
2026-09-21 17:52:00,4343.93,4344.93,4343.54,4344.575,258.0
2026-09-21 17:53:00,4344.625,4345.165,4344.295,4344.67,216.0
2026-09-21 17:54:00,4344.64,4345.18,4344.035,4344.035,220.0
2026-09-21 17:55:00,4344.03,4345.98,4343.6,4345.98,329.0
2026-09-21 17:56:00,4346.11,4346.235,4343.575,4343.575,344.0
2026-09-21 17:57:00,4343.66,4345.385,4343.515,4345.07,251.0
2026-09-21 17:58:00,4345.195,4345.335,4344.49,4345.055,182.0
2026-09-21 17:59:00,4345.05,4345.37,4344.475,4344.66,243.0
2026-09-21 18:00:00,4344.715,4345.14,4344.465,4344.595,476.0
2026-09-21 18:01:00,4344.58,4345.025,4344.095,4344.69,301.0
2026-09-21 18:02:00,4344.68,4345.715,4344.615,4345.235,323.0
2026-09-21 18:03:00,4345.285,4346.04,4345.01,4345.21,211.0
2026-09-21 18:04:00,4345.295,4346.42,4344.635,4345.805,378.0
2026-09-21 18:05:00,4345.865,4346.35,4345.47,4346.085,231.0
2026-09-21 18:06:00,4346.13,4347.86,4345.965,4347.66,190.0
2026-09-21 18:07:00,4347.655,4349.875,4347.5,4349.875,288.0
2026-09-21 18:08:00,4349.9,4350.665,4349.69,4350.385,430.0
2026-09-21 18:09:00,4350.44,4350.82,4349.725,4350.63,353.0
2026-09-21 18:10:00,4350.635,4350.74,4348.37,4348.645,293.0
2026-09-21 18:11:00,4348.685,4350.525,4348.505,4350.055,218.0
2026-09-21 18:12:00,4350.06,4350.295,4349.075,4349.93,152.0
2026-09-21 18:13:00,4349.95,4351.0,4349.835,4349.98,204.0
2026-09-21 18:14:00,4350.025,4350.52,4349.72,4350.075,262.0
2026-09-21 18:15:00,4350.17,4351.28,4349.795,4351.13,283.0
2026-09-21 18:16:00,4351.16,4351.46,4350.33,4351.32,303.0
2026-09-21 18:17:00,4351.335,4352.535,4351.3,4351.505,302.0
2026-09-21 18:18:00,4351.49,4352.385,4351.3,4351.445,224.0
2026-09-21 18:19:00,4351.44,4351.73,4350.3,4350.705,289.0
2026-09-21 18:20:00,4350.7,4351.49,4350.28,4351.01,447.0
2026-09-21 18:21:00,4351.02,4351.47,4350.29,4350.8,316.0
2026-09-21 18:22:00,4350.805,4351.075,4350.2,4350.46,389.0
2026-09-21 18:23:00,4350.465,4351.405,4350.465,4350.63,397.0
2026-09-21 18:24:00,4350.635,4350.75,4350.27,4350.315,385.0
2026-09-21 18:25:00,4350.31,4350.7,4350.025,4350.665,353.0
2026-09-21 18:26:00,4350.66,4350.91,4348.65,4349.36,312.0
2026-09-21 18:27:00,4349.465,4349.55,4348.775,4349.2,422.0
2026-09-21 18:28:00,4349.195,4351.005,4349.115,4350.625,513.0
2026-09-21 18:29:00,4350.615,4351.14,4349.935,4350.185,558.0
2026-09-21 18:30:00,4350.21,4350.585,4349.615,4350.115,584.0
2026-09-21 18:31:00,4350.11,4351.25,4349.71,4350.81,452.0
2026-09-21 18:32:00,4350.805,4351.535,4350.47,4351.01,568.0
2026-09-21 18:33:00,4350.87,4350.945,4349.785,4349.82,491.0
2026-09-21 18:34:00,4349.81,4350.215,4349.29,4349.295,481.0
2026-09-21 18:35:00,4349.275,4349.62,4347.58,4347.725,475.0
2026-09-21 18:36:00,4347.84,4348.285,4346.9,4347.14,296.0
2026-09-21 18:37:00,4347.155,4348.0,4347.12,4347.535,194.0
2026-09-21 18:38:00,4347.565,4347.845,4346.91,4347.085,281.0
2026-09-21 18:39:00,4347.065,4347.525,4347.025,4347.27,215.0
2026-09-21 18:40:00,4347.46,4347.76,4346.67,4346.88,272.0
2026-09-21 18:41:00,4346.885,4347.605,4346.415,4346.595,297.0
2026-09-21 18:42:00,4346.565,4346.76,4346.15,4346.6,290.0
2026-09-21 18:43:00,4346.595,4347.11,4346.39,4346.705,245.0
2026-09-21 18:44:00,4346.72,4347.575,4346.65,4347.085,128.0
2026-09-21 18:45:00,4347.09,4347.995,4346.875,4347.13,552.0
2026-09-21 18:46:00,4347.125,4347.2,4346.675,4346.69,342.0
2026-09-21 18:47:00,4346.685,4348.17,4346.605,4347.895,378.0
2026-09-21 18:48:00,4347.86,4348.085,4347.11,4347.36,379.0
2026-09-21 18:49:00,4347.355,4347.735,4347.355,4347.64,328.0
2026-09-21 18:50:00,4347.715,4348.52,4347.625,4348.135,446.0
2026-09-21 18:51:00,4348.13,4348.55,4347.08,4348.47,476.0
2026-09-21 18:52:00,4348.475,4348.825,4348.045,4348.6,354.0
2026-09-21 18:53:00,4348.595,4348.695,4348.07,4348.505,381.0
2026-09-21 18:54:00,4348.5,4348.855,4347.22,4347.22,412.0
2026-09-21 18:55:00,4347.215,4347.98,4347.215,4347.8,339.0
2026-09-21 18:56:00,4347.795,4348.33,4347.77,4348.31,100.0
2026-09-21 18:57:00,4348.295,4348.33,4346.545,4346.57,244.0
2026-09-21 18:58:00,4346.55,4347.07,4346.175,4346.285,307.0
2026-09-21 18:59:00,4346.24,4346.6,4345.93,4346.12,279.0
2026-09-21 19:00:00,4346.115,4346.12,4344.49,4344.665,353.0
2026-09-21 19:01:00,4344.605,4345.29,4343.44,4343.535,295.0
2026-09-21 19:02:00,4343.53,4344.385,4343.11,4343.53,314.0
2026-09-21 19:03:00,4343.525,4343.955,4342.675,4342.92,238.0
2026-09-21 19:04:00,4342.88,4343.535,4342.26,4343.345,268.0
2026-09-21 19:05:00,4343.34,4343.79,4343.06,4343.395,318.0
2026-09-21 19:06:00,4343.41,4343.555,4342.365,4343.435,324.0
2026-09-21 19:07:00,4343.53,4343.815,4342.88,4343.79,228.0
2026-09-21 19:08:00,4343.875,4344.66,4343.265,4344.6,327.0
2026-09-21 19:09:00,4344.595,4345.82,4344.41,4345.65,259.0
2026-09-21 19:10:00,4345.675,4345.885,4344.95,4345.755,306.0
2026-09-21 19:11:00,4345.74,4346.275,4344.57,4346.155,328.0
2026-09-21 19:12:00,4346.19,4346.26,4345.065,4345.545,249.0
2026-09-21 19:13:00,4345.535,4346.41,4345.14,4346.32,227.0
2026-09-21 19:14:00,4346.315,4346.755,4345.685,4345.685,476.0
2026-09-21 19:15:00,4345.68,4345.875,4344.925,4345.325,408.0
2026-09-21 19:16:00,4345.37,4346.59,4345.37,4346.525,406.0
2026-09-21 19:17:00,4346.59,4346.63,4345.0,4345.195,297.0
2026-09-21 19:18:00,4345.16,4345.79,4345.075,4345.785,351.0
2026-09-21 19:19:00,4345.745,4345.81,4345.08,4345.185,245.0
2026-09-21 19:20:00,4345.165,4346.12,4344.91,4346.055,304.0
2026-09-21 19:21:00,4346.095,4346.695,4345.515,4345.55,320.0
2026-09-21 19:22:00,4345.515,4346.49,4345.285,4346.365,206.0
2026-09-21 19:23:00,4346.345,4346.805,4346.165,4346.54,199.0
2026-09-21 19:24:00,4346.55,4346.745,4345.91,4346.135,205.0
2026-09-21 19:25:00,4346.195,4346.375,4345.305,4346.015,203.0
2026-09-21 19:26:00,4346.05,4347.775,4345.98,4347.725,280.0
2026-09-21 19:27:00,4347.7,4349.605,4347.59,4349.55,266.0
2026-09-21 19:28:00,4349.535,4350.555,4349.445,4349.6,321.0
2026-09-21 19:29:00,4349.625,4350.035,4348.84,4348.995,259.0
2026-09-21 19:30:00,4348.94,4350.315,4348.865,4350.25,297.0
2026-09-21 19:31:00,4350.265,4351.89,4349.85,4351.505,340.0
2026-09-21 19:32:00,4351.49,4352.445,4351.085,4351.845,374.0
2026-09-21 19:33:00,4351.865,4352.425,4351.405,4351.635,319.0
2026-09-21 19:34:00,4351.695,4353.145,4351.65,4352.34,310.0
2026-09-21 19:35:00,4352.355,4353.355,4351.725,4352.975,392.0
2026-09-21 19:36:00,4352.945,4353.105,4352.2,4353.105,356.0
2026-09-21 19:37:00,4353.095,4353.16,4351.26,4352.0,412.0
2026-09-21 19:38:00,4351.995,4352.195,4351.485,4351.965,378.0
2026-09-21 19:39:00,4351.97,4353.795,4351.82,4352.97,446.0
2026-09-21 19:40:00,4352.99,4353.53,4351.235,4351.595,632.0
2026-09-21 19:41:00,4351.71,4351.89,4349.505,4349.59,404.0
2026-09-21 19:42:00,4349.555,4349.775,4348.885,4349.195,275.0
2026-09-21 19:43:00,4349.215,4349.32,4348.18,4348.275,248.0
2026-09-21 19:44:00,4348.27,4348.44,4347.45,4347.915,400.0
2026-09-21 19:45:00,4347.93,4348.13,4346.605,4347.735,542.0
2026-09-21 19:46:00,4347.725,4348.12,4347.17,4347.85,398.0
2026-09-21 19:47:00,4347.84,4347.84,4346.74,4346.775,410.0
2026-09-21 19:48:00,4346.755,4347.225,4346.01,4346.48,463.0
2026-09-21 19:49:00,4346.475,4346.92,4345.81,4345.845,425.0
2026-09-21 19:50:00,4345.84,4346.4,4345.295,4345.985,848.0
2026-09-21 19:51:00,4346.0,4346.165,4344.545,4345.235,524.0
2026-09-21 19:52:00,4345.305,4346.155,4345.145,4345.855,399.0
2026-09-21 19:53:00,4345.86,4346.12,4344.76,4345.19,439.0
2026-09-21 19:54:00,4345.16,4346.315,4345.04,4346.235,521.0
2026-09-21 19:55:00,4346.24,4346.31,4345.085,4345.51,877.0
2026-09-21 19:56:00,4345.505,4345.71,4344.95,4345.42,714.0
2026-09-21 19:57:00,4345.445,4346.42,4345.375,4345.68,681.0
2026-09-21 19:58:00,4345.695,4346.46,4345.285,4345.285,798.0
2026-09-21 19:59:00,4345.28,4345.58,4344.73,4345.085,967.0
2026-09-21 20:00:00,4345.05,4345.305,4342.16,4342.595,435.0
2026-09-21 20:01:00,4342.52,4342.885,4341.7,4342.685,394.0
2026-09-21 20:02:00,4342.675,4342.705,4342.105,4342.525,197.0
2026-09-21 20:03:00,4342.445,4343.08,4342.24,4342.99,193.0
2026-09-21 20:04:00,4343.015,4343.015,4342.635,4342.875,132.0
2026-09-21 20:05:00,4342.89,4343.71,4342.88,4343.695,209.0
2026-09-21 20:06:00,4343.675,4343.89,4343.3,4343.6,187.0
2026-09-21 20:07:00,4343.57,4343.95,4343.135,4343.17,198.0
2026-09-21 20:08:00,4343.165,4343.76,4343.155,4343.64,128.0
2026-09-21 20:09:00,4343.61,4343.695,4343.22,4343.525,165.0
2026-09-21 20:10:00,4343.52,4343.825,4343.465,4343.59,163.0
2026-09-21 20:11:00,4343.585,4343.81,4343.035,4343.55,186.0
2026-09-21 20:12:00,4343.54,4343.585,4342.5,4342.6,187.0
2026-09-21 20:13:00,4342.625,4342.72,4342.245,4342.475,206.0
2026-09-21 20:14:00,4342.48,4342.655,4341.465,4341.54,171.0
2026-09-21 20:15:00,4341.55,4341.69,4340.97,4340.995,126.0
2026-09-21 20:16:00,4340.99,4341.22,4340.4,4340.515,156.0
2026-09-21 20:17:00,4340.5,4340.52,4340.155,4340.42,130.0
2026-09-21 20:18:00,4340.415,4340.98,4340.395,4340.4,86.0
2026-09-21 20:19:00,4340.405,4340.735,4340.4,4340.71,71.0
2026-09-21 20:20:00,4340.68,4341.485,4340.515,4341.17,160.0
2026-09-21 20:21:00,4341.15,4341.665,4340.995,4341.655,108.0
2026-09-21 20:22:00,4341.655,4341.76,4341.46,4341.475,82.0
2026-09-21 20:23:00,4341.47,4341.655,4340.895,4340.915,70.0
2026-09-21 20:24:00,4340.905,4340.96,4340.445,4340.71,90.0
2026-09-21 20:25:00,4340.665,4340.945,4340.6,4340.72,91.0
2026-09-21 20:26:00,4340.7,4341.56,4340.62,4341.365,133.0
2026-09-21 20:27:00,4341.335,4341.485,4341.155,4341.485,109.0
2026-09-21 20:28:00,4341.42,4341.57,4340.83,4340.975,80.0
2026-09-21 20:29:00,4340.955,4341.015,4340.08,4340.79,166.0
2026-09-21 20:30:00,4340.775,4340.975,4340.045,4340.045,197.0
2026-09-21 20:31:00,4339.92,4340.17,4339.305,4340.12,169.0
2026-09-21 20:32:00,4340.15,4340.38,4339.965,4340.01,108.0
2026-09-21 20:33:00,4339.975,4340.16,4339.84,4339.895,91.0
2026-09-21 20:34:00,4339.905,4340.575,4339.81,4340.545,112.0
2026-09-21 20:35:00,4340.555,4341.87,4340.38,4341.175,131.0
2026-09-21 20:36:00,4341.18,4341.185,4340.59,4341.15,94.0
2026-09-21 20:37:00,4341.05,4341.68,4340.89,4341.655,58.0
2026-09-21 20:38:00,4341.645,4342.35,4341.575,4342.23,99.0
2026-09-21 20:39:00,4342.175,4342.23,4341.66,4341.91,73.0
2026-09-21 20:40:00,4341.86,4342.93,4341.86,4342.67,62.0
2026-09-21 20:41:00,4342.62,4342.895,4342.46,4342.46,68.0
2026-09-21 20:42:00,4342.47,4342.47,4342.045,4342.075,45.0
2026-09-21 20:43:00,4342.145,4342.185,4341.625,4341.98,69.0
2026-09-21 20:44:00,4341.88,4342.2,4341.515,4342.085,77.0
2026-09-21 20:45:00,4342.185,4342.415,4341.67,4341.72,129.0
2026-09-21 20:46:00,4341.8,4342.23,4341.495,4341.66,223.0
2026-09-21 20:47:00,4341.655,4341.655,4340.715,4341.315,79.0
2026-09-21 20:48:00,4341.295,4341.915,4341.1,4341.835,73.0
2026-09-21 20:49:00,4341.84,4342.0,4341.575,4341.625,79.0
2026-09-21 20:50:00,4341.675,4342.46,4341.515,4342.33,130.0
2026-09-21 20:51:00,4342.26,4343.295,4342.255,4343.22,79.0
2026-09-21 20:52:00,4343.215,4343.64,4342.915,4343.38,99.0
2026-09-21 20:53:00,4343.375,4344.31,4343.375,4344.045,58.0
2026-09-21 20:54:00,4344.095,4344.135,4343.325,4343.63,85.0
2026-09-21 20:55:00,4343.68,4344.03,4343.23,4343.7,110.0
2026-09-21 20:56:00,4343.665,4344.11,4343.29,4343.525,95.0
2026-09-21 20:57:00,4343.55,4343.97,4343.4,4343.665,129.0
2026-09-21 20:58:00,4343.68,4343.895,4343.415,4343.65,136.0
2026-09-21 20:59:00,4343.665,4343.665,4343.545,4343.545,4.0
2026-09-21 22:04:00,4348.155,4348.325,4348.055,4348.31,10.0
2026-09-21 22:05:00,4348.255,4348.42,4347.075,4347.135,148.0
2026-09-21 22:06:00,4347.145,4347.195,4346.745,4347.005,120.0
2026-09-21 22:07:00,4346.94,4348.73,4346.695,4348.68,118.0
2026-09-21 22:08:00,4348.725,4350.13,4348.68,4349.53,140.0
2026-09-21 22:09:00,4349.725,4350.16,4348.725,4349.47,199.0
2026-09-21 22:10:00,4349.475,4349.835,4349.02,4349.65,136.0
2026-09-21 22:11:00,4349.75,4350.005,4349.095,4350.0,164.0
2026-09-21 22:12:00,4349.94,4350.39,4349.625,4349.715,146.0
2026-09-21 22:13:00,4349.695,4350.72,4349.64,4350.72,136.0
2026-09-21 22:14:00,4350.74,4350.755,4349.56,4349.63,126.0
2026-09-21 22:15:00,4349.64,4350.305,4349.47,4349.47,129.0
2026-09-21 22:16:00,4349.445,4350.03,4349.235,4349.67,60.0
2026-09-21 22:17:00,4349.81,4351.785,4349.52,4351.65,128.0
2026-09-21 22:18:00,4351.675,4352.365,4351.28,4351.73,85.0
2026-09-21 22:19:00,4351.71,4352.67,4351.26,4352.465,97.0
2026-09-21 22:20:00,4352.395,4352.88,4351.76,4351.76,156.0
2026-09-21 22:21:00,4351.73,4352.255,4351.695,4351.97,56.0
2026-09-21 22:22:00,4351.98,4352.155,4351.22,4351.565,42.0
2026-09-21 22:23:00,4351.615,4351.795,4351.2,4351.755,56.0
2026-09-21 22:24:00,4351.93,4352.275,4351.505,4352.095,88.0
2026-09-21 22:25:00,4352.655,4352.805,4350.525,4350.98,151.0
2026-09-21 22:26:00,4351.03,4351.74,4350.35,4351.61,183.0
2026-09-21 22:27:00,4351.625,4351.97,4350.385,4351.31,277.0
2026-09-21 22:28:00,4351.24,4353.065,4350.955,4351.86,226.0
2026-09-21 22:29:00,4351.895,4352.77,4351.39,4352.74,140.0
2026-09-21 22:30:00,4352.76,4353.155,4352.67,4352.825,164.0
2026-09-21 22:31:00,4352.82,4353.175,4351.94,4352.24,71.0
2026-09-21 22:32:00,4352.28,4352.29,4351.53,4351.88,90.0
2026-09-21 22:33:00,4351.92,4352.54,4351.64,4352.09,130.0
2026-09-21 22:34:00,4352.145,4352.195,4351.555,4351.66,48.0
2026-09-21 22:35:00,4351.7,4352.255,4351.65,4351.99,40.0
2026-09-21 22:36:00,4351.94,4352.155,4351.585,4352.055,79.0
2026-09-21 22:37:00,4352.005,4352.43,4351.81,4352.235,90.0
2026-09-21 22:38:00,4352.385,4352.57,4351.925,4352.075,85.0
2026-09-21 22:39:00,4352.125,4352.235,4351.76,4352.23,70.0
2026-09-21 22:40:00,4352.22,4352.22,4351.78,4351.925,77.0
2026-09-21 22:41:00,4351.895,4353.06,4351.845,4353.06,76.0
2026-09-21 22:42:00,4353.01,4353.06,4352.405,4352.69,97.0
2026-09-21 22:43:00,4352.74,4352.985,4352.59,4352.91,75.0
2026-09-21 22:44:00,4352.905,4353.145,4352.63,4352.96,118.0
2026-09-21 22:45:00,4352.87,4355.335,4352.74,4355.135,316.0
2026-09-21 22:46:00,4355.035,4355.4,4354.495,4354.675,184.0
2026-09-21 22:47:00,4354.65,4358.055,4354.46,4357.86,202.0
2026-09-21 22:48:00,4357.9,4359.46,4357.43,4359.395,221.0
2026-09-21 22:49:00,4359.325,4359.695,4359.125,4359.665,138.0
2026-09-21 22:50:00,4359.655,4360.425,4359.535,4360.09,182.0
2026-09-21 22:51:00,4360.08,4361.945,4360.08,4361.31,195.0
2026-09-21 22:52:00,4361.41,4361.845,4360.77,4361.835,118.0
2026-09-21 22:53:00,4361.885,4362.21,4361.515,4361.715,127.0
2026-09-21 22:54:00,4361.72,4362.72,4361.665,4362.52,69.0
2026-09-21 22:55:00,4362.67,4363.835,4362.43,4363.655,119.0
2026-09-21 22:56:00,4363.705,4365.16,4362.715,4363.185,225.0
2026-09-21 22:57:00,4363.25,4365.215,4363.14,4364.825,327.0
2026-09-21 22:58:00,4364.875,4365.04,4363.945,4364.21,179.0
2026-09-21 22:59:00,4364.24,4364.465,4360.98,4361.095,479.0
2026-09-21 23:00:00,4361.195,4363.735,4360.21,4363.18,490.0
2026-09-21 23:01:00,4363.16,4363.62,4361.72,4362.78,212.0
2026-09-21 23:02:00,4362.77,4364.12,4362.7,4363.785,280.0
2026-09-21 23:03:00,4363.81,4366.175,4363.81,4365.58,312.0
2026-09-21 23:04:00,4365.605,4365.82,4364.955,4365.405,194.0
2026-09-21 23:05:00,4365.39,4365.395,4363.79,4364.0,133.0
2026-09-21 23:06:00,4364.055,4364.46,4363.83,4364.115,130.0
2026-09-21 23:07:00,4364.035,4364.13,4363.325,4363.9,141.0
2026-09-21 23:08:00,4363.895,4364.02,4363.39,4363.8,107.0
2026-09-21 23:09:00,4363.81,4364.565,4363.43,4364.41,208.0
2026-09-21 23:10:00,4364.42,4364.56,4363.91,4364.36,229.0
2026-09-21 23:11:00,4364.46,4365.885,4364.44,4365.73,155.0
2026-09-21 23:12:00,4365.785,4365.83,4362.15,4362.8,434.0
2026-09-21 23:13:00,4362.795,4363.715,4361.705,4361.775,158.0
2026-09-21 23:14:00,4361.79,4362.0,4359.73,4359.86,339.0
2026-09-21 23:15:00,4359.91,4362.955,4359.72,4362.65,268.0
2026-09-21 23:16:00,4362.625,4364.755,4362.605,4363.905,256.0
2026-09-21 23:17:00,4363.9,4364.63,4361.905,4362.465,346.0
2026-09-21 23:18:00,4362.46,4363.78,4362.435,4363.415,261.0
2026-09-21 23:19:00,4363.475,4363.605,4360.52,4361.545,324.0
2026-09-21 23:20:00,4361.53,4361.555,4358.95,4360.305,301.0
2026-09-21 23:21:00,4360.255,4361.475,4359.14,4360.855,254.0
2026-09-21 23:22:00,4360.965,4362.185,4360.965,4361.375,207.0
2026-09-21 23:23:00,4361.535,4362.02,4360.44,4361.865,194.0
2026-09-21 23:24:00,4361.855,4362.74,4359.67,4360.15,310.0
2026-09-21 23:25:00,4360.155,4360.18,4358.765,4359.335,202.0
2026-09-21 23:26:00,4359.325,4360.05,4358.53,4359.98,172.0
2026-09-21 23:27:00,4360.05,4360.795,4359.04,4360.575,273.0
2026-09-21 23:28:00,4360.53,4361.25,4358.325,4358.325,304.0
2026-09-21 23:29:00,4358.32,4360.48,4358.315,4360.24,265.0
2026-09-21 23:30:00,4360.19,4361.72,4360.08,4360.08,219.0
2026-09-21 23:31:00,4360.085,4361.645,4358.66,4359.055,373.0
2026-09-21 23:32:00,4359.035,4359.88,4358.255,4359.49,281.0
2026-09-21 23:33:00,4359.535,4360.64,4359.2,4360.37,200.0
2026-09-21 23:34:00,4360.4,4361.19,4359.855,4360.225,237.0
2026-09-21 23:35:00,4360.24,4362.75,4358.92,4359.485,443.0
2026-09-21 23:36:00,4359.5,4362.305,4359.5,4362.305,437.0
2026-09-21 23:37:00,4362.355,4365.71,4362.3,4363.7,488.0
2026-09-21 23:38:00,4363.605,4364.8,4361.705,4363.27,517.0
2026-09-21 23:39:00,4363.2,4365.305,4362.42,4365.305,328.0
2026-09-21 23:40:00,4365.36,4370.265,4365.085,4369.61,676.0
2026-09-21 23:41:00,4369.595,4370.77,4367.135,4367.135,574.0
2026-09-21 23:42:00,4367.26,4367.545,4366.675,4367.26,201.0
2026-09-21 23:43:00,4367.25,4367.345,4366.39,4366.8,189.0
2026-09-21 23:44:00,4366.785,4368.595,4366.37,4368.535,273.0
2026-09-21 23:45:00,4368.53,4368.585,4366.905,4367.69,379.0
2026-09-21 23:46:00,4367.685,4367.685,4366.805,4367.155,235.0
2026-09-21 23:47:00,4367.14,4367.935,4366.59,4367.93,115.0
2026-09-21 23:48:00,4367.645,4370.57,4367.33,4369.565,334.0
2026-09-21 23:49:00,4369.61,4370.145,4366.72,4367.72,340.0
2026-09-21 23:50:00,4367.635,4367.665,4365.42,4365.5,647.0
2026-09-21 23:51:00,4365.62,4365.905,4364.11,4364.13,329.0
2026-09-21 23:52:00,4364.11,4365.89,4363.905,4364.895,272.0
2026-09-21 23:53:00,4364.88,4367.085,4364.0,4365.725,399.0
2026-09-21 23:54:00,4365.715,4366.535,4365.0,4365.825,428.0
2026-09-21 23:55:00,4365.835,4368.475,4365.715,4368.09,423.0
2026-09-21 23:56:00,4368.115,4368.815,4366.065,4366.87,546.0
2026-09-21 23:57:00,4367.01,4369.535,4366.28,4369.32,539.0
2026-09-21 23:58:00,4369.31,4370.645,4368.685,4369.455,407.0
2026-09-21 23:59:00,4369.445,4369.86,4368.43,4368.54,329.0
2026-09-22 00:00:00,4368.6,4369.73,4366.98,4368.995,704.0
2026-09-22 00:01:00,4369.045,4369.925,4367.955,4369.895,461.0
2026-09-22 00:02:00,4369.905,4376.005,4369.9,4374.905,1061.0
2026-09-22 00:03:00,4374.955,4375.11,4371.055,4371.615,897.0
2026-09-22 00:04:00,4371.58,4374.31,4371.58,4372.565,419.0
2026-09-22 00:05:00,4372.575,4372.915,4370.98,4372.69,486.0
2026-09-22 00:06:00,4372.715,4373.25,4371.245,4372.455,283.0
2026-09-22 00:07:00,4372.28,4373.22,4371.1,4372.345,553.0
2026-09-22 00:08:00,4372.4,4372.63,4369.655,4372.35,837.0
2026-09-22 00:09:00,4372.32,4374.215,4371.675,4374.16,788.0
2026-09-22 00:10:00,4374.245,4374.805,4371.525,4372.895,657.0
2026-09-22 00:11:00,4372.935,4373.975,4370.46,4371.055,451.0
2026-09-22 00:12:00,4371.095,4372.765,4369.99,4371.34,276.0
2026-09-22 00:13:00,4371.39,4372.04,4370.72,4371.74,378.0
2026-09-22 00:14:00,4371.73,4371.86,4370.145,4370.15,211.0
2026-09-22 00:15:00,4370.18,4370.18,4365.57,4366.7,783.0
2026-09-22 00:16:00,4366.76,4366.905,4363.115,4363.725,736.0
2026-09-22 00:17:00,4363.705,4364.92,4362.315,4362.315,358.0
2026-09-22 00:18:00,4362.28,4362.435,4358.845,4359.7,623.0
2026-09-22 00:19:00,4359.75,4361.485,4359.3,4360.945,354.0
2026-09-22 00:20:00,4360.905,4362.12,4359.675,4360.53,302.0
2026-09-22 00:21:00,4360.47,4361.73,4359.915,4360.54,323.0
2026-09-22 00:22:00,4360.49,4360.75,4358.735,4360.45,267.0
2026-09-22 00:23:00,4360.335,4362.73,4360.24,4362.0,476.0
2026-09-22 00:24:00,4361.99,4361.99,4360.725,4361.265,369.0
2026-09-22 00:25:00,4361.285,4361.285,4358.785,4358.885,394.0
2026-09-22 00:26:00,4358.89,4359.705,4358.665,4359.465,297.0
2026-09-22 00:27:00,4359.55,4359.965,4358.14,4359.205,301.0
2026-09-22 00:28:00,4359.195,4359.27,4358.34,4358.565,268.0
2026-09-22 00:29:00,4358.6,4358.975,4358.025,4358.46,279.0
2026-09-22 00:30:00,4358.43,4359.195,4356.81,4357.02,544.0
2026-09-22 00:31:00,4357.0,4359.4,4356.805,4358.31,556.0
2026-09-22 00:32:00,4358.32,4358.69,4357.125,4358.2,557.0
2026-09-22 00:33:00,4358.18,4358.455,4356.86,4357.835,667.0
2026-09-22 00:34:00,4357.84,4358.35,4356.88,4357.49,492.0
2026-09-22 00:35:00,4357.505,4357.555,4353.83,4354.0,562.0
2026-09-22 00:36:00,4354.095,4356.985,4354.095,4356.445,376.0
2026-09-22 00:37:00,4356.495,4356.805,4354.325,4354.825,540.0
2026-09-22 00:38:00,4354.935,4356.105,4354.31,4354.85,469.0
2026-09-22 00:39:00,4354.83,4354.86,4349.39,4349.455,457.0
2026-09-22 00:40:00,4349.465,4350.46,4349.235,4350.335,714.0
2026-09-22 00:41:00,4350.295,4351.42,4348.555,4351.03,681.0
2026-09-22 00:42:00,4351.035,4352.825,4350.1,4352.055,581.0
2026-09-22 00:43:00,4352.21,4352.78,4351.27,4352.435,442.0
2026-09-22 00:44:00,4352.385,4355.895,4352.355,4355.58,458.0
2026-09-22 00:45:00,4355.575,4357.375,4354.455,4354.825,557.0
2026-09-22 00:46:00,4354.925,4355.755,4353.42,4353.845,613.0
2026-09-22 00:47:00,4353.905,4356.895,4353.905,4354.835,767.0
2026-09-22 00:48:00,4354.855,4356.445,4354.675,4355.59,686.0
2026-09-22 00:49:00,4355.595,4356.52,4355.495,4356.28,209.0
2026-09-22 00:50:00,4356.21,4358.285,4355.26,4358.16,352.0
2026-09-22 00:51:00,4358.135,4359.84,4357.86,4357.92,433.0
2026-09-22 00:52:00,4357.975,4358.99,4357.05,4357.09,308.0
2026-09-22 00:53:00,4357.115,4358.975,4356.975,4358.8,321.0
2026-09-22 00:54:00,4358.79,4359.195,4358.01,4358.53,245.0
2026-09-22 00:55:00,4358.56,4359.31,4358.215,4358.805,266.0
2026-09-22 00:56:00,4358.8,4359.18,4357.835,4358.925,309.0
2026-09-22 00:57:00,4358.885,4360.365,4358.565,4358.73,422.0
2026-09-22 00:58:00,4358.735,4358.98,4357.61,4358.2,477.0
2026-09-22 00:59:00,4358.19,4360.435,4357.34,4360.42,600.0
2026-09-22 01:00:00,4360.49,4360.745,4355.675,4360.535,1600.0
2026-09-22 01:01:00,4360.595,4361.14,4355.815,4357.46,1522.0
2026-09-22 01:02:00,4357.525,4359.82,4356.725,4359.335,1301.0
2026-09-22 01:03:00,4359.425,4363.38,4358.185,4360.19,1542.0
2026-09-22 01:04:00,4360.21,4361.755,4359.225,4361.355,805.0
2026-09-22 01:05:00,4361.37,4361.99,4358.855,4358.92,849.0
2026-09-22 01:06:00,4358.895,4363.605,4358.435,4363.585,1189.0
2026-09-22 01:07:00,4363.47,4363.55,4360.725,4361.015,1036.0
2026-09-22 01:08:00,4361.01,4365.195,4360.17,4363.225,1062.0
2026-09-22 01:09:00,4363.19,4363.88,4359.995,4359.995,750.0
2026-09-22 01:10:00,4359.9,4361.64,4359.075,4360.415,863.0
2026-09-22 01:11:00,4360.42,4360.44,4354.475,4354.475,952.0
2026-09-22 01:12:00,4354.455,4358.22,4354.41,4357.145,924.0
2026-09-22 01:13:00,4357.18,4357.27,4353.88,4354.745,965.0
2026-09-22 01:14:00,4354.81,4355.49,4353.33,4353.835,926.0
2026-09-22 01:15:00,4353.83,4356.005,4353.34,4354.7,1346.0
2026-09-22 01:16:00,4354.99,4355.36,4351.185,4351.185,993.0
2026-09-22 01:17:00,4351.19,4351.915,4350.45,4351.63,932.0
2026-09-22 01:18:00,4351.605,4354.035,4351.185,4353.385,826.0
2026-09-22 01:19:00,4353.37,4354.785,4353.005,4354.05,598.0
2026-09-22 01:20:00,4354.115,4354.785,4352.96,4353.99,729.0
2026-09-22 01:21:00,4353.93,4353.93,4350.535,4351.765,867.0
2026-09-22 01:22:00,4351.79,4352.48,4349.825,4351.74,753.0
2026-09-22 01:23:00,4351.76,4356.325,4351.76,4355.97,841.0
2026-09-22 01:24:00,4356.01,4357.09,4355.05,4355.11,800.0
2026-09-22 01:25:00,4355.095,4358.9,4354.825,4356.06,1007.0
2026-09-22 01:26:00,4356.045,4356.045,4354.245,4354.53,297.0
2026-09-22 01:27:00,4354.58,4356.185,4354.335,4354.895,287.0
2026-09-22 01:28:00,4354.995,4355.695,4354.215,4355.185,385.0
2026-09-22 01:29:00,4355.075,4357.16,4354.425,4355.935,334.0
2026-09-22 01:30:00,4355.77,4356.415,4353.01,4353.75,558.0
2026-09-22 01:31:00,4353.8,4354.825,4352.66,4353.475,401.0
2026-09-22 01:32:00,4353.435,4354.155,4352.235,4352.235,391.0
2026-09-22 01:33:00,4352.185,4354.555,4351.965,4354.11,510.0
2026-09-22 01:34:00,4354.06,4355.825,4353.365,4355.58,485.0
2026-09-22 01:35:00,4355.68,4355.68,4353.115,4353.665,571.0
2026-09-22 01:36:00,4353.66,4356.545,4353.455,4354.93,753.0
2026-09-22 01:37:00,4354.915,4356.105,4354.545,4355.42,663.0
2026-09-22 01:38:00,4355.45,4356.115,4353.305,4353.92,688.0
2026-09-22 01:39:00,4353.94,4356.145,4353.75,4355.11,667.0
2026-09-22 01:40:00,4355.1,4356.32,4353.94,4355.52,724.0
2026-09-22 01:41:00,4355.47,4357.185,4353.725,4354.13,855.0
2026-09-22 01:42:00,4354.145,4355.47,4353.455,4353.73,652.0
2026-09-22 01:43:00,4353.685,4354.83,4351.74,4353.915,669.0
2026-09-22 01:44:00,4353.945,4354.41,4349.28,4349.295,707.0
2026-09-22 01:45:00,4349.16,4351.375,4348.35,4350.06,1117.0
2026-09-22 01:46:00,4350.065,4350.575,4347.81,4348.14,759.0
2026-09-22 01:47:00,4348.13,4348.65,4347.09,4347.545,452.0
2026-09-22 01:48:00,4347.5,4347.98,4345.76,4347.33,584.0
2026-09-22 01:49:00,4347.355,4347.355,4343.875,4346.075,826.0
2026-09-22 01:50:00,4346.13,4346.475,4343.61,4344.37,635.0
2026-09-22 01:51:00,4344.39,4347.34,4344.24,4347.19,777.0
2026-09-22 01:52:00,4347.15,4348.245,4346.145,4347.615,532.0
2026-09-22 01:53:00,4347.6,4348.29,4345.48,4346.975,573.0
2026-09-22 01:54:00,4347.005,4348.37,4346.115,4348.265,367.0
2026-09-22 01:55:00,4348.37,4349.1,4346.635,4346.715,370.0
2026-09-22 01:56:00,4346.78,4349.67,4346.755,4349.02,445.0
2026-09-22 01:57:00,4349.02,4349.5,4347.305,4347.67,404.0
2026-09-22 01:58:00,4347.705,4349.725,4347.39,4348.96,387.0
2026-09-22 01:59:00,4348.925,4349.665,4347.87,4348.6,484.0
2026-09-22 02:00:00,4348.555,4350.51,4348.545,4350.445,656.0
2026-09-22 02:01:00,4350.485,4351.99,4350.33,4350.785,683.0
2026-09-22 02:02:00,4350.805,4351.055,4349.62,4350.095,478.0
2026-09-22 02:03:00,4350.055,4350.055,4348.265,4348.515,347.0
2026-09-22 02:04:00,4348.575,4353.15,4347.705,4353.08,755.0
2026-09-22 02:05:00,4353.12,4353.16,4349.21,4349.44,626.0
2026-09-22 02:06:00,4349.45,4350.155,4348.275,4348.3,498.0
2026-09-22 02:07:00,4348.285,4348.58,4345.3,4345.79,854.0
2026-09-22 02:08:00,4345.785,4345.915,4342.88,4344.47,907.0
2026-09-22 02:09:00,4344.43,4344.795,4342.78,4343.265,725.0
2026-09-22 02:10:00,4343.32,4343.41,4341.75,4342.425,507.0
2026-09-22 02:11:00,4342.405,4344.775,4342.13,4343.215,730.0
2026-09-22 02:12:00,4343.2,4343.655,4342.45,4343.03,538.0
2026-09-22 02:13:00,4343.045,4343.155,4342.08,4342.59,405.0
2026-09-22 02:14:00,4342.6,4343.095,4342.235,4342.615,526.0
2026-09-22 02:15:00,4342.67,4342.98,4342.06,4342.89,234.0
2026-09-22 02:16:00,4342.975,4343.32,4341.295,4342.235,334.0
2026-09-22 02:17:00,4342.24,4342.59,4339.8,4340.495,566.0
2026-09-22 02:18:00,4340.5,4343.03,4340.435,4343.02,513.0
2026-09-22 02:19:00,4343.0,4344.165,4342.485,4343.255,512.0
2026-09-22 02:20:00,4343.38,4346.1,4343.255,4345.975,530.0
2026-09-22 02:21:00,4345.98,4346.705,4344.58,4345.49,296.0
2026-09-22 02:22:00,4345.465,4348.145,4345.465,4347.825,422.0
2026-09-22 02:23:00,4347.785,4347.84,4346.745,4346.77,434.0
2026-09-22 02:24:00,4346.895,4348.385,4346.845,4347.485,311.0
2026-09-22 02:25:00,4347.53,4349.645,4347.47,4348.535,430.0
2026-09-22 02:26:00,4348.605,4349.36,4348.215,4348.47,531.0
2026-09-22 02:27:00,4348.475,4350.24,4348.16,4349.67,249.0
2026-09-22 02:28:00,4349.57,4351.985,4349.55,4351.985,429.0
2026-09-22 02:29:00,4351.99,4352.465,4351.33,4351.52,434.0
2026-09-22 02:30:00,4351.6,4352.01,4348.875,4351.505,1211.0
2026-09-22 02:31:00,4351.395,4351.905,4350.29,4351.695,951.0
2026-09-22 02:32:00,4351.71,4353.945,4351.615,4353.62,857.0
2026-09-22 02:33:00,4353.625,4354.715,4352.4,4354.625,855.0
2026-09-22 02:34:00,4354.635,4356.03,4353.965,4355.13,892.0
2026-09-22 02:35:00,4355.14,4355.63,4353.625,4354.055,686.0
2026-09-22 02:36:00,4354.06,4355.75,4353.46,4355.365,560.0
2026-09-22 02:37:00,4355.355,4355.355,4354.03,4354.165,584.0
2026-09-22 02:38:00,4354.245,4354.685,4353.02,4353.49,353.0
2026-09-22 02:39:00,4353.535,4354.515,4352.995,4353.01,310.0
2026-09-22 02:40:00,4352.99,4354.185,4350.835,4351.01,664.0
2026-09-22 02:41:00,4351.005,4351.39,4349.26,4349.29,714.0
2026-09-22 02:42:00,4349.465,4349.64,4348.08,4348.915,778.0
2026-09-22 02:43:00,4348.9,4349.28,4348.26,4348.855,403.0
2026-09-22 02:44:00,4348.79,4348.96,4346.75,4347.05,356.0
2026-09-22 02:45:00,4347.045,4347.235,4345.255,4346.77,327.0
2026-09-22 02:46:00,4346.755,4347.19,4344.93,4344.94,318.0
2026-09-22 02:47:00,4344.895,4345.355,4342.63,4344.19,403.0
2026-09-22 02:48:00,4343.99,4345.905,4343.93,4345.63,381.0
2026-09-22 02:49:00,4345.64,4346.785,4345.4,4346.52,302.0
2026-09-22 02:50:00,4346.42,4346.9,4345.735,4346.825,425.0
2026-09-22 02:51:00,4346.925,4347.075,4344.42,4344.48,370.0
2026-09-22 02:52:00,4344.445,4344.51,4343.205,4343.8,300.0
2026-09-22 02:53:00,4343.845,4344.105,4342.605,4343.86,317.0
2026-09-22 02:54:00,4343.81,4343.905,4341.535,4342.285,319.0
2026-09-22 02:55:00,4342.295,4343.17,4340.52,4343.145,482.0
2026-09-22 02:56:00,4343.105,4345.035,4342.995,4343.755,422.0
2026-09-22 02:57:00,4343.71,4344.4,4343.225,4343.78,315.0
2026-09-22 02:58:00,4343.74,4344.32,4343.16,4343.44,296.0
2026-09-22 02:59:00,4343.43,4345.16,4343.27,4344.85,459.0
2026-09-22 03:00:00,4344.855,4345.325,4343.46,4344.085,754.0
2026-09-22 03:01:00,4343.86,4344.46,4342.55,4344.115,699.0
2026-09-22 03:02:00,4344.12,4346.005,4343.94,4345.595,521.0
2026-09-22 03:03:00,4345.58,4345.58,4342.17,4342.585,598.0
2026-09-22 03:04:00,4342.52,4343.595,4342.19,4342.475,542.0
2026-09-22 03:05:00,4342.445,4342.735,4341.57,4342.73,482.0
2026-09-22 03:06:00,4342.77,4343.505,4342.135,4342.61,356.0
2026-09-22 03:07:00,4342.59,4342.91,4341.33,4341.43,350.0
2026-09-22 03:08:00,4341.455,4342.285,4341.205,4341.71,471.0
2026-09-22 03:09:00,4341.64,4341.755,4339.755,4340.05,596.0
2026-09-22 03:10:00,4340.065,4341.91,4339.65,4341.905,661.0
2026-09-22 03:11:00,4341.91,4342.66,4341.365,4342.635,321.0
2026-09-22 03:12:00,4342.545,4343.86,4342.215,4343.605,365.0
2026-09-22 03:13:00,4343.6,4344.295,4343.39,4344.13,398.0
2026-09-22 03:14:00,4344.125,4345.655,4344.015,4345.585,565.0
2026-09-22 03:15:00,4345.6,4346.505,4345.27,4346.185,567.0
2026-09-22 03:16:00,4346.075,4346.49,4345.87,4345.95,439.0
2026-09-22 03:17:00,4345.97,4346.035,4344.995,4345.335,391.0
2026-09-22 03:18:00,4345.285,4345.875,4344.74,4344.765,252.0
2026-09-22 03:19:00,4344.865,4344.97,4343.775,4344.685,257.0
2026-09-22 03:20:00,4344.705,4345.51,4343.945,4345.275,523.0
2026-09-22 03:21:00,4345.28,4345.835,4344.875,4345.075,416.0
2026-09-22 03:22:00,4345.065,4345.065,4342.87,4344.47,555.0
2026-09-22 03:23:00,4344.445,4344.455,4341.52,4341.835,428.0
2026-09-22 03:24:00,4341.885,4343.22,4341.885,4342.985,322.0
2026-09-22 03:25:00,4343.125,4344.005,4342.94,4343.71,258.0
2026-09-22 03:26:00,4343.675,4344.3,4343.48,4344.3,255.0
2026-09-22 03:27:00,4344.35,4345.485,4344.215,4345.115,332.0
2026-09-22 03:28:00,4345.12,4346.225,4344.345,4345.75,329.0
2026-09-22 03:29:00,4345.755,4346.385,4345.375,4346.145,362.0
2026-09-22 03:30:00,4346.11,4346.145,4344.83,4345.135,295.0
2026-09-22 03:31:00,4345.125,4345.63,4344.81,4345.445,261.0
2026-09-22 03:32:00,4345.435,4347.68,4345.145,4347.245,355.0
2026-09-22 03:33:00,4347.35,4348.045,4346.475,4346.63,247.0
2026-09-22 03:34:00,4346.625,4347.58,4346.42,4346.965,155.0
2026-09-22 03:35:00,4347.015,4347.425,4346.695,4347.425,198.0
2026-09-22 03:36:00,4347.505,4347.64,4346.345,4346.795,155.0
2026-09-22 03:37:00,4346.75,4346.8,4345.84,4346.135,133.0
2026-09-22 03:38:00,4346.14,4346.53,4345.435,4345.71,167.0
2026-09-22 03:39:00,4345.775,4349.38,4345.7,4347.225,436.0
2026-09-22 03:40:00,4347.175,4347.775,4345.62,4345.62,191.0
2026-09-22 03:41:00,4345.595,4345.67,4344.76,4345.24,146.0
2026-09-22 03:42:00,4345.19,4346.53,4345.17,4346.295,143.0
2026-09-22 03:43:00,4346.345,4346.345,4341.265,4342.05,575.0
2026-09-22 03:44:00,4342.105,4343.195,4341.76,4342.935,284.0
2026-09-22 03:45:00,4342.985,4343.895,4342.03,4343.1,278.0
2026-09-22 03:46:00,4343.115,4343.415,4341.83,4341.925,201.0
2026-09-22 03:47:00,4342.055,4342.24,4341.245,4341.505,215.0
2026-09-22 03:48:00,4341.5,4343.1,4341.465,4342.67,214.0
2026-09-22 03:49:00,4342.71,4343.96,4342.555,4343.725,193.0
2026-09-22 03:50:00,4343.715,4343.865,4342.945,4343.2,187.0
2026-09-22 03:51:00,4343.145,4343.88,4342.6,4343.825,169.0
2026-09-22 03:52:00,4343.805,4344.28,4342.56,4342.82,219.0
2026-09-22 03:53:00,4342.84,4343.005,4341.99,4342.2,208.0
2026-09-22 03:54:00,4342.22,4342.33,4340.635,4341.395,298.0
2026-09-22 03:55:00,4341.44,4342.125,4341.26,4342.075,168.0
2026-09-22 03:56:00,4342.06,4342.465,4341.24,4341.98,165.0
2026-09-22 03:57:00,4342.04,4343.165,4342.04,4342.82,228.0
2026-09-22 03:58:00,4342.725,4342.73,4341.875,4342.085,125.0
2026-09-22 03:59:00,4342.075,4342.255,4341.16,4341.825,131.0
2026-09-22 04:00:00,4341.775,4342.03,4340.61,4340.91,343.0
2026-09-22 04:01:00,4340.81,4341.215,4337.49,4337.49,388.0
2026-09-22 04:02:00,4337.505,4338.745,4336.075,4336.32,425.0
2026-09-22 04:03:00,4336.355,4337.71,4335.075,4335.24,303.0
2026-09-22 04:04:00,4335.19,4337.55,4335.19,4336.91,367.0
2026-09-22 04:05:00,4336.94,4337.3,4335.97,4336.67,230.0
2026-09-22 04:06:00,4336.62,4337.445,4336.425,4336.59,239.0
2026-09-22 04:07:00,4336.54,4338.085,4336.515,4337.565,334.0
2026-09-22 04:08:00,4337.67,4338.23,4337.11,4338.045,294.0
2026-09-22 04:09:00,4338.055,4338.795,4336.445,4336.85,453.0
2026-09-22 04:10:00,4336.94,4338.27,4335.925,4338.25,318.0
2026-09-22 04:11:00,4338.495,4339.93,4338.135,4339.215,447.0
2026-09-22 04:12:00,4339.22,4339.57,4338.665,4339.14,319.0
2026-09-22 04:13:00,4339.23,4339.575,4338.05,4338.1,219.0
2026-09-22 04:14:00,4338.045,4339.9,4336.05,4338.515,822.0
2026-09-22 04:15:00,4338.465,4339.21,4337.81,4338.285,360.0
2026-09-22 04:16:00,4338.2,4339.09,4336.915,4337.06,321.0
2026-09-22 04:17:00,4337.085,4337.26,4336.575,4336.83,223.0
2026-09-22 04:18:00,4336.69,4336.975,4335.91,4336.875,244.0
2026-09-22 04:19:00,4336.895,4337.255,4336.4,4336.675,174.0
2026-09-22 04:20:00,4336.575,4337.46,4336.44,4336.72,142.0
2026-09-22 04:21:00,4336.695,4337.965,4336.51,4337.94,149.0
2026-09-22 04:22:00,4337.865,4339.665,4337.475,4338.68,179.0
2026-09-22 04:23:00,4338.585,4338.8,4337.68,4338.3,118.0
2026-09-22 04:24:00,4338.47,4339.38,4336.96,4339.075,307.0
2026-09-22 04:25:00,4339.06,4339.09,4336.385,4337.625,335.0
2026-09-22 04:26:00,4337.595,4337.89,4337.29,4337.385,153.0
2026-09-22 04:27:00,4337.34,4338.07,4337.085,4337.865,115.0
2026-09-22 04:28:00,4337.825,4338.075,4336.6,4337.125,206.0
2026-09-22 04:29:00,4337.175,4337.865,4336.87,4337.635,141.0
2026-09-22 04:30:00,4337.64,4337.68,4336.895,4337.25,93.0
2026-09-22 04:31:00,4337.37,4337.915,4337.045,4337.475,70.0
2026-09-22 04:32:00,4337.565,4337.71,4337.175,4337.34,68.0
2026-09-22 04:33:00,4337.24,4337.46,4336.46,4337.17,185.0
2026-09-22 04:34:00,4337.26,4337.37,4336.39,4336.895,104.0
2026-09-22 04:35:00,4336.875,4338.72,4336.625,4338.63,155.0
2026-09-22 04:36:00,4338.65,4340.22,4338.55,4339.97,166.0
2026-09-22 04:37:00,4339.965,4340.67,4339.795,4340.48,123.0
2026-09-22 04:38:00,4340.55,4341.23,4340.315,4341.08,125.0
2026-09-22 04:39:00,4341.195,4341.235,4340.555,4340.97,93.0
2026-09-22 04:40:00,4340.885,4340.995,4339.87,4339.97,157.0
2026-09-22 04:41:00,4339.94,4340.14,4338.58,4340.105,187.0
2026-09-22 04:42:00,4340.005,4340.71,4340.005,4340.35,107.0
2026-09-22 04:43:00,4340.34,4340.415,4339.44,4340.11,143.0
2026-09-22 04:44:00,4340.105,4340.63,4339.82,4340.34,105.0
2026-09-22 04:45:00,4340.245,4340.52,4340.245,4340.415,66.0
2026-09-22 04:46:00,4340.405,4340.615,4339.96,4340.425,100.0
2026-09-22 04:47:00,4340.515,4340.88,4339.34,4339.395,169.0
2026-09-22 04:48:00,4339.4,4339.61,4338.945,4339.08,179.0
2026-09-22 04:49:00,4339.14,4340.455,4339.125,4340.345,197.0
2026-09-22 04:50:00,4340.38,4340.545,4339.625,4339.955,239.0
2026-09-22 04:51:00,4339.945,4341.01,4339.645,4340.96,143.0
2026-09-22 04:52:00,4340.91,4341.89,4340.82,4341.855,161.0
2026-09-22 04:53:00,4341.93,4342.465,4341.785,4342.035,234.0
2026-09-22 04:54:00,4342.015,4343.125,4341.825,4342.88,148.0
2026-09-22 04:55:00,4342.97,4343.08,4340.59,4341.29,255.0
2026-09-22 04:56:00,4341.25,4342.935,4340.81,4342.355,484.0
2026-09-22 04:57:00,4342.35,4342.79,4341.82,4342.75,223.0
2026-09-22 04:58:00,4342.76,4343.045,4342.3,4342.63,168.0
2026-09-22 04:59:00,4342.625,4343.065,4342.15,4342.93,166.0
2026-09-22 05:00:00,4342.88,4343.28,4340.69,4341.885,370.0
2026-09-22 05:01:00,4341.865,4343.07,4341.865,4342.455,321.0
2026-09-22 05:02:00,4342.5,4343.38,4341.99,4343.125,250.0
2026-09-22 05:03:00,4343.14,4344.075,4343.14,4343.365,284.0
2026-09-22 05:04:00,4343.375,4343.545,4342.165,4343.32,260.0
2026-09-22 05:05:00,4343.325,4343.905,4341.195,4341.775,610.0
2026-09-22 05:06:00,4341.78,4342.985,4341.52,4342.23,389.0
2026-09-22 05:07:00,4342.225,4346.67,4342.125,4346.025,521.0
2026-09-22 05:08:00,4346.04,4346.77,4345.945,4346.52,332.0
2026-09-22 05:09:00,4346.54,4346.665,4345.995,4346.205,286.0
2026-09-22 05:10:00,4346.16,4346.575,4345.275,4346.165,359.0
2026-09-22 05:11:00,4346.105,4347.485,4345.935,4346.39,467.0
2026-09-22 05:12:00,4346.405,4346.915,4346.15,4346.78,263.0
2026-09-22 05:13:00,4346.775,4347.035,4345.825,4346.65,180.0
2026-09-22 05:14:00,4346.685,4346.88,4346.035,4346.33,129.0
2026-09-22 05:15:00,4346.215,4346.705,4345.95,4346.63,126.0
2026-09-22 05:16:00,4346.445,4346.755,4345.73,4345.73,150.0
2026-09-22 05:17:00,4345.72,4345.72,4344.51,4345.115,166.0
2026-09-22 05:18:00,4345.095,4345.095,4343.03,4343.045,165.0
2026-09-22 05:19:00,4343.04,4343.04,4338.91,4338.925,315.0
2026-09-22 05:20:00,4338.79,4339.37,4337.635,4337.775,335.0
2026-09-22 05:21:00,4337.705,4337.91,4334.665,4336.375,524.0
2026-09-22 05:22:00,4336.405,4336.42,4334.605,4335.395,537.0
2026-09-22 05:23:00,4335.37,4335.55,4330.635,4333.15,747.0
2026-09-22 05:24:00,4333.205,4333.44,4329.525,4330.095,590.0
2026-09-22 05:25:00,4330.155,4331.345,4329.32,4329.89,552.0
2026-09-22 05:26:00,4329.805,4330.62,4322.97,4329.31,1222.0
2026-09-22 05:27:00,4329.345,4331.49,4328.905,4330.91,738.0
2026-09-22 05:28:00,4330.98,4333.78,4329.93,4333.08,613.0
2026-09-22 05:29:00,4333.105,4333.36,4331.43,4332.075,456.0
2026-09-22 05:30:00,4331.96,4333.315,4324.705,4326.0,2233.0
2026-09-22 05:31:00,4326.035,4326.065,4323.215,4325.055,1360.0
2026-09-22 05:32:00,4325.035,4329.92,4324.88,4328.24,1383.0
2026-09-22 05:33:00,4328.225,4332.5,4327.45,4331.925,1413.0
2026-09-22 05:34:00,4331.94,4332.645,4325.645,4325.715,1350.0
2026-09-22 05:35:00,4325.675,4325.995,4318.83,4319.325,1581.0
2026-09-22 05:36:00,4319.33,4322.485,4316.24,4320.975,1533.0
2026-09-22 05:37:00,4320.945,4322.555,4319.745,4320.535,972.0
2026-09-22 05:38:00,4320.525,4320.98,4317.315,4319.505,1323.0
2026-09-22 05:39:00,4319.63,4323.77,4319.13,4322.78,1104.0
2026-09-22 05:40:00,4322.775,4323.825,4321.94,4322.325,875.0
2026-09-22 05:41:00,4322.31,4324.81,4322.255,4324.24,760.0
2026-09-22 05:42:00,4324.39,4326.61,4323.74,4326.605,746.0
2026-09-22 05:43:00,4326.6,4326.85,4323.175,4323.89,726.0
2026-09-22 05:44:00,4323.88,4323.88,4320.365,4320.835,598.0
2026-09-22 05:45:00,4320.785,4323.8,4319.89,4321.38,1164.0
2026-09-22 05:46:00,4321.385,4326.135,4321.05,4325.815,873.0
2026-09-22 05:47:00,4325.74,4328.465,4325.72,4327.865,681.0
2026-09-22 05:48:00,4327.86,4330.055,4327.23,4329.495,548.0
2026-09-22 05:49:00,4329.47,4331.745,4329.18,4330.09,637.0
2026-09-22 05:50:00,4330.115,4331.225,4329.025,4330.495,678.0
2026-09-22 05:51:00,4330.525,4333.27,4329.945,4333.27,590.0
2026-09-22 05:52:00,4333.235,4333.295,4332.34,4332.515,618.0
2026-09-22 05:53:00,4332.535,4333.045,4329.255,4329.75,643.0
2026-09-22 05:54:00,4329.82,4329.98,4327.85,4328.2,423.0
2026-09-22 05:55:00,4328.015,4329.115,4327.39,4327.39,404.0
2026-09-22 05:56:00,4327.365,4327.425,4324.27,4325.465,833.0
2026-09-22 05:57:00,4325.455,4325.82,4324.77,4325.805,652.0
2026-09-22 05:58:00,4325.7,4325.775,4324.535,4324.96,468.0
2026-09-22 05:59:00,4325.03,4325.545,4323.06,4323.75,415.0
2026-09-22 06:00:00,4323.775,4324.45,4322.075,4323.78,969.0
2026-09-22 06:01:00,4323.735,4323.825,4319.935,4320.775,779.0
2026-09-22 06:02:00,4320.76,4322.38,4319.76,4322.38,1033.0
2026-09-22 06:03:00,4322.385,4323.41,4321.07,4321.695,715.0
2026-09-22 06:04:00,4321.735,4322.53,4318.255,4319.045,969.0
2026-09-22 06:05:00,4319.025,4319.555,4316.88,4319.065,1026.0
2026-09-22 06:06:00,4319.02,4320.155,4318.655,4319.465,734.0
2026-09-22 06:07:00,4319.375,4319.725,4315.845,4316.105,790.0
2026-09-22 06:08:00,4316.12,4317.77,4315.36,4317.42,1019.0
2026-09-22 06:09:00,4317.37,4319.205,4316.74,4319.025,641.0
2026-09-22 06:10:00,4319.02,4320.73,4318.215,4318.955,696.0
2026-09-22 06:11:00,4318.985,4319.35,4315.65,4315.995,902.0
2026-09-22 06:12:00,4316.02,4317.35,4315.28,4317.35,630.0
2026-09-22 06:13:00,4317.3,4319.595,4317.19,4318.405,594.0
2026-09-22 06:14:00,4318.4,4320.455,4318.4,4319.81,560.0
2026-09-22 06:15:00,4319.805,4321.045,4319.32,4320.865,783.0
2026-09-22 06:16:00,4320.88,4320.98,4319.335,4319.46,653.0
2026-09-22 06:17:00,4319.455,4320.77,4318.93,4319.88,625.0
2026-09-22 06:18:00,4319.89,4320.295,4318.955,4319.785,621.0
2026-09-22 06:19:00,4319.79,4319.845,4317.495,4317.495,703.0
2026-09-22 06:20:00,4317.505,4317.83,4316.065,4317.53,903.0
2026-09-22 06:21:00,4317.52,4318.125,4315.905,4316.26,902.0
2026-09-22 06:22:00,4316.335,4318.71,4316.335,4318.32,782.0
2026-09-22 06:23:00,4318.26,4319.925,4317.79,4319.715,732.0
2026-09-22 06:24:00,4319.72,4319.995,4317.735,4317.825,616.0
2026-09-22 06:25:00,4317.905,4320.36,4317.24,4320.235,683.0
2026-09-22 06:26:00,4320.25,4320.85,4318.36,4319.09,512.0
2026-09-22 06:27:00,4319.165,4319.95,4318.895,4319.71,410.0
2026-09-22 06:28:00,4319.715,4319.995,4317.64,4318.235,560.0
2026-09-22 06:29:00,4318.24,4318.875,4317.53,4318.285,679.0
2026-09-22 06:30:00,4318.28,4320.74,4317.51,4320.74,687.0
2026-09-22 06:31:00,4320.735,4320.745,4318.625,4319.07,866.0
2026-09-22 06:32:00,4319.085,4320.425,4318.34,4319.64,826.0
2026-09-22 06:33:00,4319.63,4320.02,4318.125,4318.49,845.0
2026-09-22 06:34:00,4318.485,4319.405,4318.215,4318.535,615.0
2026-09-22 06:35:00,4318.485,4319.315,4317.05,4318.97,615.0
2026-09-22 06:36:00,4318.985,4319.525,4317.97,4319.435,574.0
2026-09-22 06:37:00,4319.385,4319.62,4317.525,4319.275,574.0
2026-09-22 06:38:00,4319.325,4319.775,4318.97,4319.42,397.0
2026-09-22 06:39:00,4319.37,4319.38,4315.58,4316.955,735.0
2026-09-22 06:40:00,4316.975,4319.685,4316.955,4319.24,464.0
2026-09-22 06:41:00,4319.245,4320.635,4318.46,4320.345,429.0
2026-09-22 06:42:00,4320.38,4320.925,4318.89,4318.89,514.0
2026-09-22 06:43:00,4318.865,4319.375,4318.41,4319.005,510.0
2026-09-22 06:44:00,4318.965,4320.94,4318.945,4320.33,466.0
2026-09-22 06:45:00,4320.3,4321.145,4319.75,4320.3,428.0
2026-09-22 06:46:00,4320.23,4321.695,4319.79,4319.885,565.0
2026-09-22 06:47:00,4319.905,4320.25,4317.665,4319.09,544.0
2026-09-22 06:48:00,4319.195,4320.905,4319.19,4320.42,239.0
2026-09-22 06:49:00,4320.37,4321.84,4320.28,4320.955,486.0
2026-09-22 06:50:00,4320.96,4321.175,4319.905,4320.315,702.0
2026-09-22 06:51:00,4320.305,4321.665,4319.99,4320.96,449.0
2026-09-22 06:52:00,4320.94,4321.165,4318.99,4319.79,580.0
2026-09-22 06:53:00,4319.74,4320.28,4318.66,4318.935,480.0
2026-09-22 06:54:00,4318.895,4318.895,4317.13,4317.305,463.0
2026-09-22 06:55:00,4317.34,4317.5,4316.015,4316.125,506.0
2026-09-22 06:56:00,4316.08,4318.345,4315.375,4318.12,827.0
2026-09-22 06:57:00,4318.21,4318.895,4317.04,4317.97,520.0
2026-09-22 06:58:00,4317.99,4319.315,4317.905,4318.915,361.0
2026-09-22 06:59:00,4318.95,4319.535,4318.375,4318.53,558.0
2026-09-22 07:00:00,4318.55,4320.195,4317.755,4318.88,1214.0
2026-09-22 07:01:00,4318.845,4320.79,4318.36,4318.785,696.0
2026-09-22 07:02:00,4318.735,4321.375,4318.495,4319.905,831.0
2026-09-22 07:03:00,4319.79,4320.63,4318.98,4318.98,723.0
2026-09-22 07:04:00,4318.975,4321.52,4318.415,4318.57,854.0
2026-09-22 07:05:00,4318.58,4319.72,4317.94,4318.425,963.0
2026-09-22 07:06:00,4318.515,4318.565,4315.185,4316.78,1030.0
2026-09-22 07:07:00,4316.795,4318.755,4316.375,4318.31,717.0
2026-09-22 07:08:00,4318.345,4319.11,4317.39,4318.665,679.0
2026-09-22 07:09:00,4318.66,4320.795,4318.17,4320.34,772.0
2026-09-22 07:10:00,4320.35,4320.975,4318.065,4320.75,818.0
2026-09-22 07:11:00,4320.775,4322.325,4320.58,4321.37,637.0
2026-09-22 07:12:00,4321.505,4323.16,4321.505,4322.895,730.0
2026-09-22 07:13:00,4322.685,4322.685,4319.59,4319.985,606.0
2026-09-22 07:14:00,4320.01,4320.605,4318.665,4320.42,416.0
2026-09-22 07:15:00,4320.39,4322.06,4320.16,4322.04,598.0
2026-09-22 07:16:00,4322.05,4323.13,4321.48,4322.33,738.0
2026-09-22 07:17:00,4322.325,4323.61,4322.12,4323.365,694.0
2026-09-22 07:18:00,4323.385,4324.295,4322.725,4323.675,527.0
2026-09-22 07:19:00,4323.76,4324.415,4322.67,4322.695,682.0
2026-09-22 07:20:00,4322.825,4323.36,4322.07,4322.905,687.0
2026-09-22 07:21:00,4322.91,4324.1,4322.605,4322.895,726.0
2026-09-22 07:22:00,4322.905,4323.16,4322.155,4322.795,575.0
2026-09-22 07:23:00,4322.805,4323.31,4321.49,4321.57,593.0
2026-09-22 07:24:00,4321.635,4323.11,4321.36,4321.805,463.0
2026-09-22 07:25:00,4321.815,4322.835,4321.61,4322.065,548.0
2026-09-22 07:26:00,4322.07,4322.185,4319.52,4320.74,815.0
2026-09-22 07:27:00,4320.745,4321.045,4319.775,4321.025,669.0
2026-09-22 07:28:00,4321.03,4321.03,4318.19,4318.415,587.0
2026-09-22 07:29:00,4318.465,4318.89,4315.23,4315.495,773.0
2026-09-22 07:30:00,4315.49,4315.76,4311.93,4312.42,1075.0
2026-09-22 07:31:00,4312.455,4314.295,4310.545,4313.86,730.0
2026-09-22 07:32:00,4313.75,4313.79,4309.08,4309.895,751.0
2026-09-22 07:33:00,4309.93,4311.14,4309.355,4310.56,571.0
2026-09-22 07:34:00,4310.6,4311.955,4309.635,4311.61,615.0
2026-09-22 07:35:00,4311.66,4314.105,4310.48,4312.455,936.0
2026-09-22 07:36:00,4312.405,4314.235,4312.255,4314.205,490.0
2026-09-22 07:37:00,4314.225,4314.415,4311.8,4313.21,766.0
2026-09-22 07:38:00,4313.19,4313.97,4312.705,4313.025,546.0
2026-09-22 07:39:00,4312.995,4313.53,4311.905,4313.11,455.0
2026-09-22 07:40:00,4313.115,4313.475,4311.685,4312.32,463.0
2026-09-22 07:41:00,4312.315,4313.435,4311.49,4311.555,455.0
2026-09-22 07:42:00,4311.56,4311.92,4310.675,4310.935,467.0
2026-09-22 07:43:00,4310.885,4310.885,4308.945,4309.68,505.0
2026-09-22 07:44:00,4309.72,4311.285,4308.895,4310.96,481.0
2026-09-22 07:45:00,4311.005,4312.5,4310.755,4311.545,397.0
2026-09-22 07:46:00,4311.485,4316.04,4311.45,4315.86,617.0
2026-09-22 07:47:00,4315.785,4316.005,4313.95,4314.13,611.0
2026-09-22 07:48:00,4314.055,4314.055,4311.515,4312.59,656.0
2026-09-22 07:49:00,4312.645,4313.935,4309.23,4309.255,712.0
2026-09-22 07:50:00,4309.26,4309.615,4307.51,4307.795,550.0
2026-09-22 07:51:00,4307.595,4307.635,4302.085,4302.455,1244.0
2026-09-22 07:52:00,4302.47,4304.745,4302.47,4304.27,964.0
2026-09-22 07:53:00,4304.23,4304.6,4301.345,4301.345,906.0
2026-09-22 07:54:00,4301.405,4303.76,4301.405,4302.17,842.0
2026-09-22 07:55:00,4302.15,4302.94,4301.89,4302.32,584.0
2026-09-22 07:56:00,4302.27,4304.015,4300.505,4301.0,788.0
2026-09-22 07:57:00,4300.975,4301.28,4299.745,4299.865,856.0
2026-09-22 07:58:00,4299.855,4301.95,4299.595,4300.5,720.0
2026-09-22 07:59:00,4300.59,4303.425,4300.59,4301.12,595.0
2026-09-22 08:00:00,4301.095,4301.52,4299.625,4300.42,1494.0
2026-09-22 08:01:00,4300.31,4303.975,4299.18,4303.085,1543.0
2026-09-22 08:02:00,4303.1,4304.455,4302.905,4303.66,1179.0
2026-09-22 08:03:00,4303.61,4304.25,4301.69,4302.875,832.0
2026-09-22 08:04:00,4302.885,4305.52,4302.32,4305.32,842.0
2026-09-22 08:05:00,4305.295,4307.06,4304.435,4306.755,634.0
2026-09-22 08:06:00,4306.73,4307.55,4305.8,4306.61,749.0
2026-09-22 08:07:00,4306.61,4308.51,4304.91,4308.375,796.0
2026-09-22 08:08:00,4308.515,4312.08,4308.095,4309.78,938.0
2026-09-22 08:09:00,4309.77,4311.445,4308.73,4311.16,1009.0
2026-09-22 08:10:00,4311.21,4311.345,4309.615,4310.01,805.0
2026-09-22 08:11:00,4310.005,4310.405,4309.385,4309.525,580.0
2026-09-22 08:12:00,4309.515,4311.025,4309.26,4309.4,603.0
2026-09-22 08:13:00,4309.395,4310.905,4307.675,4308.21,733.0
2026-09-22 08:14:00,4308.335,4308.53,4303.715,4303.815,756.0
2026-09-22 08:15:00,4303.965,4304.295,4302.01,4302.125,697.0
2026-09-22 08:16:00,4302.11,4302.615,4301.09,4302.025,655.0
2026-09-22 08:17:00,4302.05,4302.68,4300.855,4302.39,811.0
2026-09-22 08:18:00,4302.34,4303.97,4302.025,4302.92,558.0
2026-09-22 08:19:00,4302.81,4304.455,4302.77,4304.115,646.0
2026-09-22 08:20:00,4304.095,4304.9,4302.955,4303.195,581.0
2026-09-22 08:21:00,4303.27,4305.42,4303.205,4304.7,811.0
2026-09-22 08:22:00,4304.655,4304.83,4302.785,4302.79,869.0
2026-09-22 08:23:00,4302.82,4302.905,4300.93,4302.685,1028.0
2026-09-22 08:24:00,4302.675,4305.635,4302.625,4303.38,1160.0
2026-09-22 08:25:00,4303.375,4307.04,4300.74,4300.905,1254.0
2026-09-22 08:26:00,4300.925,4303.575,4300.775,4303.405,679.0
2026-09-22 08:27:00,4303.405,4304.0,4302.77,4303.015,656.0
2026-09-22 08:28:00,4303.01,4303.32,4299.68,4299.945,644.0
2026-09-22 08:29:00,4299.975,4301.95,4297.85,4301.265,1015.0
2026-09-22 08:30:00,4301.28,4301.36,4298.02,4298.025,902.0
2026-09-22 08:31:00,4298.025,4298.255,4293.62,4295.8,1440.0
2026-09-22 08:32:00,4295.81,4300.12,4293.46,4296.67,1473.0
2026-09-22 08:33:00,4296.595,4296.75,4291.495,4293.695,988.0
2026-09-22 08:34:00,4293.705,4297.815,4293.3,4297.45,1208.0
2026-09-22 08:35:00,4297.455,4300.85,4297.19,4300.7,1154.0
2026-09-22 08:36:00,4300.495,4305.385,4300.345,4305.095,749.0
2026-09-22 08:37:00,4305.11,4307.375,4304.75,4305.4,942.0
2026-09-22 08:38:00,4305.435,4308.825,4305.03,4306.415,891.0
2026-09-22 08:39:00,4306.515,4311.69,4306.415,4310.72,1390.0
2026-09-22 08:40:00,4310.695,4311.84,4308.82,4311.475,1254.0
2026-09-22 08:41:00,4311.595,4318.905,4310.67,4317.75,1822.0
2026-09-22 08:42:00,4317.745,4321.73,4317.18,4320.685,1571.0
2026-09-22 08:43:00,4320.71,4321.93,4318.825,4320.585,1535.0
2026-09-22 08:44:00,4320.58,4321.17,4318.26,4320.365,1621.0
2026-09-22 08:45:00,4320.62,4320.995,4315.945,4317.295,1675.0
2026-09-22 08:46:00,4317.295,4318.23,4315.86,4316.65,790.0
2026-09-22 08:47:00,4316.595,4320.44,4316.45,4319.37,959.0
2026-09-22 08:48:00,4319.32,4322.635,4318.9,4320.255,1058.0
2026-09-22 08:49:00,4320.415,4325.46,4319.575,4325.35,1575.0
2026-09-22 08:50:00,4325.4,4327.45,4324.035,4327.31,1160.0
2026-09-22 08:51:00,4327.36,4331.83,4327.145,4330.46,1411.0
2026-09-22 08:52:00,4330.525,4333.805,4330.525,4332.995,1669.0
2026-09-22 08:53:00,4332.99,4334.28,4331.565,4332.355,1645.0
2026-09-22 08:54:00,4332.335,4334.025,4330.92,4331.745,1425.0
2026-09-22 08:55:00,4331.625,4333.365,4330.775,4331.925,1025.0
2026-09-22 08:56:00,4331.89,4335.56,4330.575,4333.85,974.0
2026-09-22 08:57:00,4333.825,4334.475,4332.465,4332.465,783.0
2026-09-22 08:58:00,4332.46,4332.69,4326.87,4328.76,1191.0
2026-09-22 08:59:00,4328.765,4331.395,4328.765,4330.155,858.0
2026-09-22 09:00:00,4330.13,4331.19,4327.495,4328.135,1057.0
2026-09-22 09:01:00,4328.185,4329.01,4325.14,4325.605,1078.0
2026-09-22 09:02:00,4325.6,4328.815,4323.325,4323.395,1366.0
2026-09-22 09:03:00,4323.44,4324.06,4322.1,4322.39,1040.0
2026-09-22 09:04:00,4322.385,4322.385,4318.06,4318.25,1094.0
2026-09-22 09:05:00,4318.16,4319.32,4317.755,4318.415,587.0
2026-09-22 09:06:00,4318.465,4322.82,4317.74,4322.225,671.0
2026-09-22 09:07:00,4322.095,4322.095,4319.925,4321.425,644.0
2026-09-22 09:08:00,4321.45,4322.225,4319.4,4319.4,671.0
2026-09-22 09:09:00,4319.35,4322.475,4318.305,4319.48,961.0
2026-09-22 09:10:00,4319.485,4319.485,4317.45,4318.705,1003.0
2026-09-22 09:11:00,4318.7,4322.755,4317.945,4321.295,1168.0
2026-09-22 09:12:00,4321.215,4321.215,4316.83,4317.41,796.0
2026-09-22 09:13:00,4317.38,4319.505,4317.24,4318.115,1102.0
2026-09-22 09:14:00,4318.11,4318.49,4316.955,4318.44,503.0
2026-09-22 09:15:00,4318.43,4323.99,4318.12,4322.165,1748.0
2026-09-22 09:16:00,4322.16,4322.47,4319.82,4321.16,713.0
2026-09-22 09:17:00,4321.185,4321.745,4320.68,4321.035,518.0
2026-09-22 09:18:00,4321.195,4321.395,4317.575,4317.745,455.0
2026-09-22 09:19:00,4317.895,4318.59,4317.2,4317.315,532.0
2026-09-22 09:20:00,4317.345,4317.75,4316.6,4317.2,555.0
2026-09-22 09:21:00,4317.195,4319.855,4317.125,4319.215,785.0
2026-09-22 09:22:00,4319.16,4319.275,4317.35,4318.43,535.0
2026-09-22 09:23:00,4318.455,4319.04,4316.93,4318.335,680.0
2026-09-22 09:24:00,4318.35,4319.47,4317.955,4318.51,522.0
2026-09-22 09:25:00,4318.5,4318.5,4315.87,4315.87,666.0
2026-09-22 09:26:00,4315.92,4316.6,4315.315,4315.875,472.0
2026-09-22 09:27:00,4315.975,4316.72,4315.8,4316.115,607.0
2026-09-22 09:28:00,4316.11,4316.535,4314.635,4314.92,537.0
2026-09-22 09:29:00,4314.925,4316.63,4314.325,4314.61,603.0
2026-09-22 09:30:00,4314.67,4316.445,4312.87,4314.245,743.0
2026-09-22 09:31:00,4314.255,4316.51,4314.05,4316.51,733.0
2026-09-22 09:32:00,4316.365,4317.725,4314.365,4314.975,725.0
2026-09-22 09:33:00,4315.03,4315.99,4312.61,4314.445,990.0
2026-09-22 09:34:00,4314.46,4315.925,4313.665,4314.465,882.0
2026-09-22 09:35:00,4314.415,4314.655,4312.935,4313.13,901.0
2026-09-22 09:36:00,4313.185,4314.56,4312.06,4314.115,700.0
2026-09-22 09:37:00,4314.18,4316.025,4314.18,4315.31,436.0
2026-09-22 09:38:00,4315.21,4316.26,4314.98,4315.735,372.0
2026-09-22 09:39:00,4315.755,4316.205,4315.075,4316.015,472.0
2026-09-22 09:40:00,4315.915,4317.54,4315.355,4315.505,594.0
2026-09-22 09:41:00,4315.42,4318.36,4315.27,4316.985,747.0
2026-09-22 09:42:00,4317.035,4317.62,4315.865,4317.525,558.0
2026-09-22 09:43:00,4317.55,4320.465,4317.335,4319.735,558.0
2026-09-22 09:44:00,4319.73,4320.615,4318.565,4320.33,567.0
2026-09-22 09:45:00,4320.28,4320.9,4319.605,4320.23,475.0
2026-09-22 09:46:00,4320.18,4321.525,4318.88,4320.63,575.0
2026-09-22 09:47:00,4320.595,4323.155,4320.39,4322.29,656.0
2026-09-22 09:48:00,4322.31,4323.15,4320.295,4320.51,509.0
2026-09-22 09:49:00,4320.63,4322.87,4320.25,4322.645,554.0
2026-09-22 09:50:00,4322.655,4323.72,4322.375,4323.625,564.0
2026-09-22 09:51:00,4323.6,4324.61,4322.475,4324.235,447.0
2026-09-22 09:52:00,4324.265,4330.565,4322.355,4327.915,2916.0
2026-09-22 09:53:00,4328.065,4333.89,4326.815,4332.96,1965.0
2026-09-22 09:54:00,4332.97,4333.5,4328.325,4332.04,1459.0
2026-09-22 09:55:00,4331.98,4332.09,4326.095,4326.13,1075.0
2026-09-22 09:56:00,4326.145,4336.09,4324.77,4333.035,2189.0
2026-09-22 09:57:00,4333.025,4333.025,4327.13,4329.865,1195.0
2026-09-22 09:58:00,4329.985,4336.935,4329.92,4336.76,1211.0
2026-09-22 09:59:00,4336.735,4338.02,4335.685,4336.63,1209.0
2026-09-22 10:00:00,4336.625,4337.025,4334.435,4336.235,1612.0
2026-09-22 10:01:00,4336.205,4338.125,4332.545,4332.695,1481.0
2026-09-22 10:02:00,4332.73,4334.875,4331.91,4334.375,646.0
2026-09-22 10:03:00,4334.42,4337.485,4333.755,4337.275,861.0
2026-09-22 10:04:00,4337.33,4337.875,4335.975,4336.41,862.0
2026-09-22 10:05:00,4336.485,4337.25,4334.175,4334.38,869.0
2026-09-22 10:06:00,4334.4,4335.11,4333.66,4334.41,528.0
2026-09-22 10:07:00,4334.45,4337.255,4334.41,4335.535,776.0
2026-09-22 10:08:00,4335.595,4336.915,4334.765,4335.485,649.0
2026-09-22 10:09:00,4335.595,4335.63,4332.74,4332.895,568.0
2026-09-22 10:10:00,4332.925,4334.545,4332.925,4334.17,975.0
2026-09-22 10:11:00,4334.165,4335.3,4332.575,4332.575,912.0
2026-09-22 10:12:00,4332.57,4333.85,4332.045,4332.045,825.0
2026-09-22 10:13:00,4332.065,4332.35,4328.895,4329.455,683.0
2026-09-22 10:14:00,4329.47,4332.045,4329.47,4330.78,591.0
2026-09-22 10:15:00,4330.93,4332.32,4330.435,4330.815,561.0
2026-09-22 10:16:00,4330.81,4331.465,4330.505,4331.095,401.0
2026-09-22 10:17:00,4331.09,4331.92,4330.655,4331.5,454.0
2026-09-22 10:18:00,4331.555,4331.56,4328.8,4329.495,567.0
2026-09-22 10:19:00,4329.515,4329.96,4328.595,4329.94,501.0
2026-09-22 10:20:00,4329.95,4331.42,4329.11,4329.91,526.0
2026-09-22 10:21:00,4329.915,4330.4,4329.165,4330.2,355.0
2026-09-22 10:22:00,4330.19,4330.19,4328.73,4329.17,437.0
2026-09-22 10:23:00,4329.205,4331.15,4328.465,4329.855,558.0
2026-09-22 10:24:00,4329.835,4331.265,4329.6,4329.805,465.0
2026-09-22 10:25:00,4329.725,4330.445,4328.47,4330.435,531.0
2026-09-22 10:26:00,4330.54,4331.11,4329.89,4330.67,325.0
2026-09-22 10:27:00,4330.675,4331.1,4329.67,4330.395,327.0
2026-09-22 10:28:00,4330.405,4331.02,4329.86,4330.45,460.0
2026-09-22 10:29:00,4330.385,4330.825,4329.275,4329.7,594.0
2026-09-22 10:30:00,4329.71,4331.72,4329.135,4330.865,611.0
2026-09-22 10:31:00,4330.88,4331.155,4329.725,4330.665,460.0
2026-09-22 10:32:00,4330.765,4330.865,4328.555,4330.235,334.0
2026-09-22 10:33:00,4330.255,4330.42,4327.875,4328.245,462.0
2026-09-22 10:34:00,4328.24,4328.825,4327.955,4328.565,259.0
2026-09-22 10:35:00,4328.515,4328.91,4328.07,4328.11,403.0
2026-09-22 10:36:00,4328.09,4329.805,4328.055,4328.53,363.0
2026-09-22 10:37:00,4328.52,4331.595,4328.47,4331.505,291.0
2026-09-22 10:38:00,4331.455,4332.655,4330.475,4331.0,353.0
2026-09-22 10:39:00,4330.86,4331.535,4329.46,4331.105,440.0
2026-09-22 10:40:00,4331.12,4331.685,4329.895,4331.32,637.0
2026-09-22 10:41:00,4331.34,4333.055,4330.61,4332.695,521.0
2026-09-22 10:42:00,4332.665,4333.825,4332.475,4333.035,324.0
2026-09-22 10:43:00,4333.085,4334.19,4332.295,4333.31,507.0
2026-09-22 10:44:00,4333.245,4333.245,4330.6,4331.195,725.0
2026-09-22 10:45:00,4331.22,4331.52,4329.165,4329.27,564.0
2026-09-22 10:46:00,4329.275,4329.365,4327.435,4327.93,520.0
2026-09-22 10:47:00,4327.91,4328.565,4326.665,4328.14,631.0
2026-09-22 10:48:00,4328.19,4328.5,4325.94,4326.99,491.0
2026-09-22 10:49:00,4327.08,4328.8,4327.07,4327.335,426.0
2026-09-22 10:50:00,4327.395,4328.745,4327.13,4328.68,442.0
2026-09-22 10:51:00,4328.65,4329.145,4327.365,4328.365,514.0
2026-09-22 10:52:00,4328.34,4328.93,4327.35,4328.45,612.0
2026-09-22 10:53:00,4328.465,4329.845,4328.075,4328.735,626.0
2026-09-22 10:54:00,4328.72,4328.72,4326.405,4327.99,534.0
2026-09-22 10:55:00,4327.985,4328.48,4326.375,4326.5,377.0
2026-09-22 10:56:00,4326.45,4326.7,4325.215,4325.995,315.0
2026-09-22 10:57:00,4326.0,4326.0,4324.375,4324.425,282.0
2026-09-22 10:58:00,4324.42,4325.26,4324.42,4324.97,268.0
2026-09-22 10:59:00,4324.95,4324.95,4321.815,4321.86,430.0
2026-09-22 11:00:00,4321.85,4323.46,4321.13,4321.61,921.0
2026-09-22 11:01:00,4321.595,4322.255,4319.475,4319.73,657.0
2026-09-22 11:02:00,4319.745,4321.845,4319.745,4320.38,621.0
2026-09-22 11:03:00,4320.36,4320.365,4317.84,4318.6,578.0
2026-09-22 11:04:00,4318.625,4319.755,4318.085,4319.035,569.0
2026-09-22 11:05:00,4319.02,4319.765,4317.99,4318.175,443.0
2026-09-22 11:06:00,4318.19,4319.54,4317.685,4318.255,454.0
2026-09-22 11:07:00,4318.24,4319.17,4317.1,4318.755,449.0
2026-09-22 11:08:00,4318.805,4318.905,4314.335,4315.115,430.0
2026-09-22 11:09:00,4315.215,4317.755,4309.06,4310.235,1663.0
2026-09-22 11:10:00,4310.27,4314.57,4308.985,4314.28,1650.0
2026-09-22 11:11:00,4314.27,4314.53,4311.235,4313.54,962.0
2026-09-22 11:12:00,4313.63,4315.415,4311.255,4313.41,1423.0
2026-09-22 11:13:00,4313.425,4314.22,4311.765,4312.66,1351.0
2026-09-22 11:14:00,4312.62,4316.255,4312.08,4315.285,1178.0
2026-09-22 11:15:00,4315.135,4316.89,4314.81,4316.89,762.0
2026-09-22 11:16:00,4316.79,4318.44,4315.875,4317.9,896.0
2026-09-22 11:17:00,4317.93,4318.39,4316.305,4316.875,808.0
2026-09-22 11:18:00,4316.83,4317.24,4314.625,4314.98,900.0
2026-09-22 11:19:00,4315.0,4315.1,4312.1,4312.85,796.0
2026-09-22 11:20:00,4312.785,4314.6,4312.2,4313.495,717.0
2026-09-22 11:21:00,4313.48,4314.715,4313.32,4313.905,706.0
2026-09-22 11:22:00,4313.88,4315.305,4313.23,4314.475,797.0
2026-09-22 11:23:00,4314.485,4316.385,4314.31,4314.925,653.0
2026-09-22 11:24:00,4314.86,4317.155,4314.845,4316.515,661.0
2026-09-22 11:25:00,4316.51,4316.71,4314.81,4316.115,440.0
2026-09-22 11:26:00,4316.08,4318.605,4316.08,4317.24,543.0
2026-09-22 11:27:00,4317.21,4317.74,4316.445,4316.735,617.0
2026-09-22 11:28:00,4316.745,4317.25,4315.765,4316.06,482.0
2026-09-22 11:29:00,4316.11,4318.05,4316.01,4317.855,503.0
2026-09-22 11:30:00,4317.8,4318.575,4316.835,4317.315,631.0
2026-09-22 11:31:00,4317.305,4319.61,4316.66,4318.16,679.0
2026-09-22 11:32:00,4318.02,4319.005,4317.845,4318.52,570.0
2026-09-22 11:33:00,4318.495,4318.495,4315.48,4315.855,531.0
2026-09-22 11:34:00,4315.905,4316.14,4313.695,4314.105,504.0
2026-09-22 11:35:00,4314.125,4315.825,4313.89,4315.735,488.0
2026-09-22 11:36:00,4315.74,4316.535,4315.335,4315.67,372.0
2026-09-22 11:37:00,4315.705,4315.805,4314.325,4314.41,544.0
2026-09-22 11:38:00,4314.41,4316.68,4313.91,4316.49,506.0
2026-09-22 11:39:00,4316.515,4318.285,4316.465,4316.975,591.0
2026-09-22 11:40:00,4316.995,4317.515,4316.77,4317.095,492.0
2026-09-22 11:41:00,4317.11,4320.12,4316.16,4319.965,591.0
2026-09-22 11:42:00,4319.97,4320.34,4318.555,4318.975,596.0
2026-09-22 11:43:00,4318.965,4319.69,4317.98,4318.75,370.0
2026-09-22 11:44:00,4318.755,4318.76,4316.595,4317.7,591.0
2026-09-22 11:45:00,4317.725,4321.85,4316.75,4320.31,882.0
2026-09-22 11:46:00,4320.34,4320.34,4317.315,4317.77,941.0
2026-09-22 11:47:00,4317.85,4319.675,4317.845,4319.505,789.0
2026-09-22 11:48:00,4319.5,4321.035,4318.935,4320.385,627.0
2026-09-22 11:49:00,4320.42,4320.545,4319.58,4320.37,368.0
2026-09-22 11:50:00,4320.275,4321.055,4319.855,4320.365,413.0
2026-09-22 11:51:00,4320.375,4320.44,4318.435,4318.835,624.0
2026-09-22 11:52:00,4318.895,4321.045,4318.895,4320.955,551.0
2026-09-22 11:53:00,4320.915,4321.18,4319.25,4319.85,492.0
2026-09-22 11:54:00,4319.845,4320.03,4318.04,4318.17,490.0
2026-09-22 11:55:00,4318.21,4322.22,4318.21,4322.13,1000.0
2026-09-22 11:56:00,4322.135,4322.64,4320.06,4322.43,727.0
2026-09-22 11:57:00,4322.475,4323.57,4322.135,4322.995,571.0
2026-09-22 11:58:00,4322.975,4323.045,4320.84,4321.25,398.0
2026-09-22 11:59:00,4321.27,4323.15,4321.15,4322.77,368.0
2026-09-22 12:00:00,4322.8,4323.765,4322.53,4322.94,573.0
2026-09-22 12:01:00,4323.03,4323.52,4322.16,4323.52,393.0
2026-09-22 12:02:00,4323.52,4325.12,4322.635,4325.0,840.0
2026-09-22 12:03:00,4324.955,4325.82,4324.78,4325.55,495.0
2026-09-22 12:04:00,4325.545,4325.92,4324.72,4325.33,339.0
2026-09-22 12:05:00,4325.265,4326.865,4324.755,4324.81,589.0
2026-09-22 12:06:00,4324.865,4325.64,4323.235,4324.45,679.0
2026-09-22 12:07:00,4324.455,4324.915,4323.68,4323.75,765.0
2026-09-22 12:08:00,4323.795,4325.295,4322.985,4323.5,668.0
2026-09-22 12:09:00,4323.48,4324.435,4320.41,4321.22,1256.0
2026-09-22 12:10:00,4321.21,4323.085,4320.72,4322.675,1226.0
2026-09-22 12:11:00,4322.71,4323.505,4321.685,4322.925,776.0
2026-09-22 12:12:00,4322.96,4323.535,4322.17,4322.435,580.0
2026-09-22 12:13:00,4322.425,4324.205,4321.85,4324.005,536.0
2026-09-22 12:14:00,4323.99,4324.245,4323.42,4324.135,412.0
2026-09-22 12:15:00,4324.165,4325.18,4323.305,4325.18,774.0
2026-09-22 12:16:00,4325.165,4326.4,4324.2,4324.255,719.0
2026-09-22 12:17:00,4324.265,4324.655,4322.92,4324.355,708.0
2026-09-22 12:18:00,4324.35,4325.37,4324.32,4325.12,432.0
2026-09-22 12:19:00,4325.14,4327.415,4325.02,4327.165,618.0
2026-09-22 12:20:00,4327.28,4335.525,4325.34,4334.95,1622.0
2026-09-22 12:21:00,4334.975,4335.965,4333.175,4335.28,1204.0
2026-09-22 12:22:00,4335.27,4339.505,4335.19,4337.68,1285.0
2026-09-22 12:23:00,4337.645,4340.72,4336.895,4340.6,906.0
2026-09-22 12:24:00,4340.615,4341.57,4338.845,4339.235,1037.0
2026-09-22 12:25:00,4339.23,4342.37,4337.36,4337.36,1007.0
2026-09-22 12:26:00,4337.41,4337.495,4332.53,4332.805,969.0
2026-09-22 12:27:00,4332.8,4334.93,4331.725,4334.375,1099.0
2026-09-22 12:28:00,4334.38,4335.0,4333.87,4334.535,710.0
2026-09-22 12:29:00,4334.52,4337.17,4334.425,4337.15,877.0
2026-09-22 12:30:00,4337.165,4341.44,4335.44,4341.23,1036.0
2026-09-22 12:31:00,4341.285,4343.955,4341.04,4342.605,1008.0
2026-09-22 12:32:00,4342.725,4344.035,4338.72,4339.125,735.0
2026-09-22 12:33:00,4339.14,4341.36,4338.765,4341.2,639.0
2026-09-22 12:34:00,4341.205,4342.03,4339.105,4339.625,936.0
2026-09-22 12:35:00,4339.645,4341.74,4339.58,4340.855,788.0
2026-09-22 12:36:00,4340.905,4342.365,4339.215,4339.745,779.0
2026-09-22 12:37:00,4339.785,4340.055,4337.595,4338.785,733.0
2026-09-22 12:38:00,4338.835,4340.5,4338.69,4339.265,668.0
2026-09-22 12:39:00,4339.285,4339.78,4338.085,4338.81,734.0
2026-09-22 12:40:00,4338.815,4339.09,4337.075,4338.905,681.0
2026-09-22 12:41:00,4338.835,4340.86,4338.16,4340.63,751.0
2026-09-22 12:42:00,4340.6,4341.155,4339.21,4340.125,691.0
2026-09-22 12:43:00,4340.14,4340.81,4336.84,4336.845,660.0
2026-09-22 12:44:00,4336.84,4337.24,4332.03,4332.045,1094.0
2026-09-22 12:45:00,4332.04,4333.91,4331.875,4333.435,1228.0
2026-09-22 12:46:00,4333.43,4334.39,4330.83,4332.87,1078.0
2026-09-22 12:47:00,4332.815,4334.365,4332.44,4333.445,804.0
2026-09-22 12:48:00,4333.425,4335.33,4332.69,4334.605,722.0
2026-09-22 12:49:00,4334.595,4334.595,4332.43,4332.995,710.0
2026-09-22 12:50:00,4333.115,4335.995,4332.75,4334.715,921.0
2026-09-22 12:51:00,4334.66,4334.66,4331.925,4332.415,626.0
2026-09-22 12:52:00,4332.465,4333.17,4330.78,4332.25,848.0
2026-09-22 12:53:00,4332.325,4333.085,4331.47,4332.935,761.0
2026-09-22 12:54:00,4332.98,4335.115,4332.66,4334.81,560.0
2026-09-22 12:55:00,4334.73,4337.325,4334.44,4335.685,735.0
2026-09-22 12:56:00,4335.71,4336.005,4333.885,4334.18,443.0
2026-09-22 12:57:00,4334.17,4337.05,4333.965,4336.435,607.0
2026-09-22 12:58:00,4336.455,4336.75,4335.58,4335.58,406.0
2026-09-22 12:59:00,4335.48,4335.52,4333.38,4333.87,685.0
2026-09-22 13:00:00,4333.865,4334.44,4330.48,4332.965,1947.0
2026-09-22 13:01:00,4333.035,4336.33,4331.35,4336.115,1957.0
2026-09-22 13:02:00,4336.13,4337.895,4335.105,4336.87,1455.0
2026-09-22 13:03:00,4336.885,4337.06,4333.8,4335.02,1092.0
2026-09-22 13:04:00,4335.07,4336.97,4334.205,4336.145,1075.0
2026-09-22 13:05:00,4336.185,4337.335,4333.16,4334.19,1302.0
2026-09-22 13:06:00,4334.225,4336.39,4331.175,4333.07,1580.0
2026-09-22 13:07:00,4333.065,4337.045,4332.435,4335.02,1010.0
2026-09-22 13:08:00,4335.07,4340.195,4335.005,4339.14,1256.0
2026-09-22 13:09:00,4339.115,4341.42,4337.68,4339.52,1578.0
2026-09-22 13:10:00,4339.51,4341.935,4338.185,4341.63,1241.0
2026-09-22 13:11:00,4341.58,4342.125,4338.625,4339.235,978.0
2026-09-22 13:12:00,4339.23,4341.16,4338.5,4341.02,1056.0
2026-09-22 13:13:00,4341.025,4341.235,4338.155,4340.095,1015.0
2026-09-22 13:14:00,4340.145,4341.815,4339.65,4340.56,987.0
2026-09-22 13:15:00,4340.57,4341.97,4340.015,4341.14,894.0
2026-09-22 13:16:00,4341.08,4342.82,4339.99,4340.425,998.0
2026-09-22 13:17:00,4340.435,4341.03,4337.25,4338.25,831.0
2026-09-22 13:18:00,4338.27,4339.105,4337.26,4338.36,987.0
2026-09-22 13:19:00,4338.395,4339.035,4337.195,4337.765,881.0
2026-09-22 13:20:00,4337.77,4339.805,4337.58,4338.65,828.0
2026-09-22 13:21:00,4338.63,4339.22,4334.83,4335.41,888.0
2026-09-22 13:22:00,4335.365,4336.49,4333.725,4336.49,1143.0
2026-09-22 13:23:00,4336.485,4336.495,4331.38,4331.39,707.0
2026-09-22 13:24:00,4331.44,4333.745,4331.0,4332.865,682.0
2026-09-22 13:25:00,4332.99,4333.945,4332.44,4333.69,712.0
2026-09-22 13:26:00,4333.7,4334.525,4332.355,4333.465,592.0
2026-09-22 13:27:00,4333.365,4333.605,4330.26,4331.69,673.0
2026-09-22 13:28:00,4331.67,4331.96,4330.2,4331.025,529.0
2026-09-22 13:29:00,4331.125,4331.46,4329.67,4330.605,684.0
2026-09-22 13:30:00,4330.59,4333.06,4330.03,4332.555,1311.0
2026-09-22 13:31:00,4332.455,4332.83,4330.345,4331.71,1041.0
2026-09-22 13:32:00,4331.765,4333.325,4330.005,4332.62,1178.0
2026-09-22 13:33:00,4332.56,4335.125,4330.915,4334.635,875.0
2026-09-22 13:34:00,4334.63,4336.26,4333.95,4334.24,1126.0
2026-09-22 13:35:00,4334.315,4335.585,4333.5,4335.165,1134.0
2026-09-22 13:36:00,4335.075,4337.155,4334.17,4334.775,1099.0
2026-09-22 13:37:00,4334.825,4335.355,4330.8,4332.295,1375.0
2026-09-22 13:38:00,4332.32,4334.845,4331.16,4334.845,1286.0
2026-09-22 13:39:00,4334.68,4335.965,4331.28,4331.33,1346.0
2026-09-22 13:40:00,4331.315,4331.575,4327.79,4328.86,1283.0
2026-09-22 13:41:00,4328.815,4331.9,4327.865,4328.95,1698.0
2026-09-22 13:42:00,4328.965,4335.865,4327.765,4335.83,1691.0
2026-09-22 13:43:00,4335.835,4342.06,4335.82,4340.69,1681.0
2026-09-22 13:44:00,4340.59,4343.09,4339.925,4341.325,1604.0
2026-09-22 13:45:00,4341.28,4344.285,4341.045,4341.965,1785.0
2026-09-22 13:46:00,4341.995,4342.19,4336.795,4338.195,1486.0
2026-09-22 13:47:00,4338.105,4338.145,4335.78,4336.265,1363.0
2026-09-22 13:48:00,4336.26,4338.83,4335.355,4338.6,1581.0
2026-09-22 13:49:00,4338.84,4341.575,4338.035,4340.015,1581.0
2026-09-22 13:50:00,4340.01,4340.065,4337.88,4339.16,1613.0
2026-09-22 13:51:00,4339.155,4340.35,4337.49,4339.73,1179.0
2026-09-22 13:52:00,4339.705,4341.075,4338.585,4338.665,1186.0
2026-09-22 13:53:00,4338.67,4338.865,4336.565,4337.01,1464.0
2026-09-22 13:54:00,4337.005,4337.215,4331.97,4332.15,1314.0
2026-09-22 13:55:00,4332.135,4332.69,4330.07,4331.62,1238.0
2026-09-22 13:56:00,4331.625,4332.9,4331.25,4332.055,1134.0
2026-09-22 13:57:00,4332.045,4337.23,4331.705,4337.065,1451.0
2026-09-22 13:58:00,4337.12,4338.07,4334.835,4335.015,1101.0
2026-09-22 13:59:00,4335.035,4335.335,4333.155,4333.63,1162.0
2026-09-22 14:00:00,4333.6,4334.995,4331.525,4333.565,955.0
2026-09-22 14:01:00,4333.51,4334.325,4332.805,4333.585,890.0
2026-09-22 14:02:00,4333.58,4333.98,4329.46,4330.655,1352.0
2026-09-22 14:03:00,4330.65,4334.795,4330.305,4332.61,770.0
2026-09-22 14:04:00,4332.66,4334.625,4328.47,4328.61,687.0
2026-09-22 14:05:00,4328.675,4329.965,4327.465,4328.84,779.0
2026-09-22 14:06:00,4328.875,4330.615,4328.03,4330.04,1123.0
2026-09-22 14:07:00,4330.045,4331.775,4329.59,4330.87,1208.0
2026-09-22 14:08:00,4330.755,4331.52,4329.895,4329.9,1071.0
2026-09-22 14:09:00,4329.91,4331.02,4329.175,4329.63,995.0
2026-09-22 14:10:00,4329.62,4331.46,4329.235,4331.25,1094.0
2026-09-22 14:11:00,4331.32,4331.89,4328.57,4331.285,724.0
2026-09-22 14:12:00,4331.185,4331.185,4328.415,4329.83,407.0
2026-09-22 14:13:00,4329.83,4338.55,4328.52,4334.04,1389.0
2026-09-22 14:14:00,4334.045,4334.64,4332.215,4333.72,1598.0
2026-09-22 14:15:00,4333.715,4334.345,4331.61,4334.21,1417.0
2026-09-22 14:16:00,4334.225,4334.32,4330.61,4330.61,660.0
2026-09-22 14:17:00,4330.555,4330.755,4328.32,4330.005,807.0
2026-09-22 14:18:00,4330.055,4330.055,4325.61,4327.195,867.0
2026-09-22 14:19:00,4327.265,4330.97,4326.815,4328.965,732.0
2026-09-22 14:20:00,4329.005,4330.045,4328.675,4329.24,614.0
2026-09-22 14:21:00,4329.23,4331.65,4327.855,4331.455,693.0
2026-09-22 14:22:00,4331.555,4332.305,4329.445,4329.635,602.0
2026-09-22 14:23:00,4329.645,4332.75,4329.395,4331.51,666.0
2026-09-22 14:24:00,4331.525,4333.02,4330.58,4332.06,580.0
2026-09-22 14:25:00,4332.045,4332.4,4330.105,4330.67,625.0
2026-09-22 14:26:00,4330.79,4331.085,4328.17,4328.925,653.0
2026-09-22 14:27:00,4328.935,4330.16,4327.79,4328.005,613.0
2026-09-22 14:28:00,4328.0,4328.0,4325.33,4327.31,833.0
2026-09-22 14:29:00,4327.34,4329.635,4326.65,4328.065,831.0
2026-09-22 14:30:00,4328.01,4329.595,4326.945,4328.855,996.0
2026-09-22 14:31:00,4328.95,4329.74,4328.17,4329.25,664.0
2026-09-22 14:32:00,4329.27,4329.42,4327.24,4327.355,620.0
2026-09-22 14:33:00,4327.31,4327.535,4326.205,4326.59,646.0
2026-09-22 14:34:00,4326.645,4327.035,4324.415,4325.07,554.0
2026-09-22 14:35:00,4324.925,4325.185,4321.77,4322.175,1011.0
2026-09-22 14:36:00,4322.075,4324.95,4321.175,4324.605,848.0
2026-09-22 14:37:00,4324.7,4328.69,4324.7,4328.3,647.0
2026-09-22 14:38:00,4328.365,4328.83,4324.28,4326.37,1088.0
2026-09-22 14:39:00,4326.455,4333.63,4324.14,4324.425,1792.0
2026-09-22 14:40:00,4324.4,4324.84,4320.785,4322.33,1672.0
2026-09-22 14:41:00,4322.36,4323.34,4317.875,4318.305,1569.0
2026-09-22 14:42:00,4318.205,4318.475,4315.015,4315.49,1338.0
2026-09-22 14:43:00,4315.5,4320.45,4315.115,4319.11,1350.0
2026-09-22 14:44:00,4319.09,4320.975,4318.095,4320.16,1106.0
2026-09-22 14:45:00,4320.23,4321.8,4317.695,4318.285,1297.0
2026-09-22 14:46:00,4318.335,4320.32,4317.77,4319.765,798.0
2026-09-22 14:47:00,4319.785,4324.295,4319.605,4322.24,1117.0
2026-09-22 14:48:00,4322.23,4322.23,4320.355,4321.515,931.0
2026-09-22 14:49:00,4321.48,4322.51,4320.72,4322.21,711.0
2026-09-22 14:50:00,4322.185,4322.96,4320.455,4321.315,630.0
2026-09-22 14:51:00,4321.32,4322.41,4320.305,4321.785,664.0
2026-09-22 14:52:00,4321.79,4322.67,4321.05,4322.055,732.0
2026-09-22 14:53:00,4322.15,4323.05,4320.425,4322.96,663.0
2026-09-22 14:54:00,4323.02,4325.525,4322.99,4325.18,679.0
2026-09-22 14:55:00,4325.235,4326.24,4324.87,4325.755,506.0
2026-09-22 14:56:00,4325.735,4326.99,4325.205,4325.72,664.0
2026-09-22 14:57:00,4325.63,4326.95,4324.78,4326.74,671.0
2026-09-22 14:58:00,4326.71,4327.43,4325.725,4327.22,891.0
2026-09-22 14:59:00,4327.225,4328.84,4326.965,4328.015,601.0
2026-09-22 15:00:00,4327.965,4328.395,4325.665,4328.09,807.0
2026-09-22 15:01:00,4328.055,4328.86,4326.435,4328.76,666.0
2026-09-22 15:02:00,4328.755,4329.57,4328.55,4329.14,770.0
2026-09-22 15:03:00,4329.155,4331.37,4328.955,4329.395,763.0
2026-09-22 15:04:00,4329.44,4332.27,4329.44,4330.93,820.0
2026-09-22 15:05:00,4330.85,4330.975,4329.18,4330.76,578.0
2026-09-22 15:06:00,4330.765,4334.61,4330.4,4333.045,1000.0
2026-09-22 15:07:00,4333.04,4336.595,4332.84,4336.195,1208.0
2026-09-22 15:08:00,4336.125,4338.235,4335.31,4337.19,747.0
2026-09-22 15:09:00,4337.215,4338.475,4336.81,4338.36,671.0
2026-09-22 15:10:00,4338.21,4340.505,4337.585,4337.85,996.0
2026-09-22 15:11:00,4337.83,4337.94,4335.84,4336.63,861.0
2026-09-22 15:12:00,4336.58,4336.915,4335.48,4336.1,560.0
2026-09-22 15:13:00,4336.025,4337.055,4335.165,4335.845,811.0
2026-09-22 15:14:00,4335.895,4337.98,4335.455,4336.23,1183.0
2026-09-22 15:15:00,4336.245,4340.345,4336.245,4339.56,1195.0
2026-09-22 15:16:00,4339.545,4340.78,4338.42,4339.97,758.0
2026-09-22 15:17:00,4340.08,4340.605,4338.235,4339.035,630.0
2026-09-22 15:18:00,4339.03,4340.285,4337.73,4337.835,742.0
2026-09-22 15:19:00,4337.84,4339.3,4337.06,4337.275,724.0
2026-09-22 15:20:00,4337.265,4337.39,4334.72,4335.135,843.0
2026-09-22 15:21:00,4335.1,4339.02,4334.895,4338.485,732.0
2026-09-22 15:22:00,4338.46,4338.645,4335.76,4335.97,823.0
2026-09-22 15:23:00,4335.975,4337.01,4335.24,4336.905,513.0
2026-09-22 15:24:00,4336.915,4338.06,4336.25,4337.075,717.0
2026-09-22 15:25:00,4337.085,4337.095,4335.31,4335.33,527.0
2026-09-22 15:26:00,4335.31,4335.69,4333.89,4334.075,585.0
2026-09-22 15:27:00,4334.065,4334.655,4333.76,4334.48,520.0
2026-09-22 15:28:00,4334.415,4335.6,4334.04,4335.255,546.0
2026-09-22 15:29:00,4335.22,4335.58,4332.075,4332.21,589.0
2026-09-22 15:30:00,4332.26,4333.04,4331.315,4331.345,563.0
2026-09-22 15:31:00,4331.33,4331.47,4329.93,4330.095,456.0
2026-09-22 15:32:00,4330.02,4330.425,4328.0,4328.36,700.0
2026-09-22 15:33:00,4328.37,4329.71,4327.865,4328.375,585.0
2026-09-22 15:34:00,4328.345,4331.145,4328.055,4329.99,457.0
2026-09-22 15:35:00,4329.94,4330.765,4329.825,4330.08,408.0
2026-09-22 15:36:00,4329.99,4330.63,4329.495,4330.285,399.0
2026-09-22 15:37:00,4330.185,4330.575,4328.695,4328.79,363.0
2026-09-22 15:38:00,4328.74,4328.975,4327.5,4328.975,427.0
2026-09-22 15:39:00,4328.875,4329.7,4328.32,4328.935,398.0
2026-09-22 15:40:00,4328.925,4329.495,4328.365,4328.565,361.0
2026-09-22 15:41:00,4328.57,4329.42,4328.175,4329.39,401.0
2026-09-22 15:42:00,4329.365,4330.085,4328.245,4329.0,593.0
2026-09-22 15:43:00,4328.93,4329.255,4327.5,4327.675,721.0
2026-09-22 15:44:00,4327.655,4328.235,4327.54,4327.96,566.0
2026-09-22 15:45:00,4327.92,4327.945,4325.99,4326.035,692.0
2026-09-22 15:46:00,4325.985,4326.82,4325.39,4325.685,369.0
2026-09-22 15:47:00,4325.735,4327.71,4325.685,4327.505,470.0
2026-09-22 15:48:00,4327.51,4327.855,4327.005,4327.735,653.0
2026-09-22 15:49:00,4327.74,4328.17,4326.305,4326.58,575.0
2026-09-22 15:50:00,4326.645,4328.22,4326.11,4327.85,749.0
2026-09-22 15:51:00,4327.855,4328.38,4327.11,4327.515,586.0
2026-09-22 15:52:00,4327.52,4328.305,4327.48,4328.29,538.0
2026-09-22 15:53:00,4328.295,4328.755,4327.505,4328.2,521.0
2026-09-22 15:54:00,4328.18,4329.595,4328.09,4329.145,446.0
2026-09-22 15:55:00,4329.135,4329.505,4328.085,4329.16,512.0
2026-09-22 15:56:00,4329.19,4329.925,4328.725,4329.305,482.0
2026-09-22 15:57:00,4329.295,4331.71,4329.295,4331.605,441.0
2026-09-22 15:58:00,4331.61,4332.175,4331.005,4331.06,475.0
2026-09-22 15:59:00,4331.04,4331.545,4330.705,4331.28,459.0
2026-09-22 16:00:00,4331.305,4332.455,4330.945,4332.42,351.0
2026-09-22 16:01:00,4332.29,4332.505,4328.24,4328.465,685.0
2026-09-22 16:02:00,4328.46,4328.905,4327.475,4327.605,574.0
2026-09-22 16:03:00,4327.6,4327.615,4326.355,4327.27,587.0
2026-09-22 16:04:00,4327.225,4327.285,4325.83,4326.985,420.0
2026-09-22 16:05:00,4327.03,4327.115,4325.16,4326.755,315.0
2026-09-22 16:06:00,4326.805,4327.16,4326.175,4326.275,454.0
2026-09-22 16:07:00,4326.28,4326.97,4326.135,4326.3,527.0
2026-09-22 16:08:00,4326.25,4326.505,4325.755,4326.125,324.0
2026-09-22 16:09:00,4326.135,4326.725,4324.75,4325.01,506.0
2026-09-22 16:10:00,4325.015,4325.515,4324.63,4324.965,696.0
2026-09-22 16:11:00,4324.95,4324.95,4323.64,4324.48,470.0
2026-09-22 16:12:00,4324.49,4325.14,4323.775,4324.09,463.0
2026-09-22 16:13:00,4324.095,4324.095,4322.68,4323.56,626.0
2026-09-22 16:14:00,4323.545,4324.55,4323.16,4323.915,486.0
2026-09-22 16:15:00,4323.92,4324.315,4323.515,4323.9,329.0
2026-09-22 16:16:00,4323.91,4324.8,4323.89,4324.59,525.0
2026-09-22 16:17:00,4324.58,4324.88,4323.46,4324.815,473.0
2026-09-22 16:18:00,4324.835,4325.34,4323.77,4324.5,486.0
2026-09-22 16:19:00,4324.48,4326.79,4323.7,4326.46,454.0
2026-09-22 16:20:00,4326.54,4326.795,4324.385,4326.545,733.0
2026-09-22 16:21:00,4326.55,4327.01,4325.24,4325.775,518.0
2026-09-22 16:22:00,4325.79,4326.905,4325.58,4325.625,376.0
2026-09-22 16:23:00,4325.665,4326.435,4325.19,4325.405,592.0
2026-09-22 16:24:00,4325.425,4325.885,4325.19,4325.885,481.0
2026-09-22 16:25:00,4325.905,4327.485,4325.715,4326.375,555.0
2026-09-22 16:26:00,4326.345,4326.515,4325.82,4326.125,334.0
2026-09-22 16:27:00,4326.105,4327.195,4326.01,4326.575,329.0
2026-09-22 16:28:00,4326.58,4326.66,4325.755,4326.13,269.0
2026-09-22 16:29:00,4326.11,4326.925,4326.11,4326.845,197.0
2026-09-22 16:30:00,4326.835,4328.575,4326.835,4327.705,260.0
2026-09-22 16:31:00,4327.725,4327.755,4326.425,4326.745,383.0
2026-09-22 16:32:00,4326.735,4327.82,4326.715,4327.3,408.0
2026-09-22 16:33:00,4327.275,4327.33,4326.265,4326.775,439.0
2026-09-22 16:34:00,4326.76,4328.925,4326.75,4328.925,638.0
2026-09-22 16:35:00,4328.93,4328.98,4327.59,4327.97,271.0
2026-09-22 16:36:00,4327.92,4328.245,4327.35,4328.01,232.0
2026-09-22 16:37:00,4328.02,4328.96,4327.99,4328.425,290.0
2026-09-22 16:38:00,4328.43,4329.035,4327.955,4328.31,218.0
2026-09-22 16:39:00,4328.3,4329.1,4328.01,4328.75,217.0
2026-09-22 16:40:00,4328.755,4329.015,4327.775,4328.255,239.0
2026-09-22 16:41:00,4328.205,4329.94,4328.195,4329.72,293.0
2026-09-22 16:42:00,4329.775,4331.23,4329.765,4330.465,282.0
2026-09-22 16:43:00,4330.51,4331.15,4330.41,4330.975,333.0
2026-09-22 16:44:00,4330.92,4332.465,4330.55,4332.155,138.0
2026-09-22 16:45:00,4332.215,4332.925,4331.55,4331.68,410.0
2026-09-22 16:46:00,4331.695,4332.26,4331.29,4332.22,394.0
2026-09-22 16:47:00,4332.225,4332.33,4331.15,4331.695,336.0
2026-09-22 16:48:00,4331.725,4336.595,4331.7,4335.005,1034.0
2026-09-22 16:49:00,4335.015,4341.315,4335.015,4339.755,1758.0
2026-09-22 16:50:00,4339.75,4340.845,4337.755,4339.92,1541.0
2026-09-22 16:51:00,4339.925,4341.855,4339.8,4340.26,1606.0
2026-09-22 16:52:00,4340.245,4340.245,4337.44,4337.65,1103.0
2026-09-22 16:53:00,4337.685,4338.03,4336.92,4337.87,623.0
2026-09-22 16:54:00,4337.81,4338.36,4336.895,4337.31,653.0
2026-09-22 16:55:00,4337.32,4339.185,4335.85,4336.435,768.0
2026-09-22 16:56:00,4336.46,4336.64,4334.68,4335.915,930.0
2026-09-22 16:57:00,4335.935,4336.385,4334.71,4335.96,690.0
2026-09-22 16:58:00,4335.95,4337.04,4335.435,4336.595,593.0
2026-09-22 16:59:00,4336.6,4336.895,4336.105,4336.26,481.0
2026-09-22 17:00:00,4336.265,4337.06,4334.675,4337.04,556.0
2026-09-22 17:01:00,4337.05,4337.45,4336.495,4337.02,466.0
2026-09-22 17:02:00,4337.07,4337.47,4336.03,4336.875,571.0
2026-09-22 17:03:00,4336.88,4337.835,4336.835,4336.975,583.0
2026-09-22 17:04:00,4336.945,4337.76,4336.845,4337.045,462.0
2026-09-22 17:05:00,4337.04,4338.64,4336.79,4338.57,579.0
2026-09-22 17:06:00,4338.6,4340.615,4338.395,4340.435,649.0
2026-09-22 17:07:00,4340.465,4341.14,4339.205,4339.235,572.0
2026-09-22 17:08:00,4339.225,4339.615,4338.03,4338.4,487.0
2026-09-22 17:09:00,4338.24,4338.99,4337.265,4337.77,352.0
2026-09-22 17:10:00,4337.795,4338.235,4337.11,4337.245,366.0
2026-09-22 17:11:00,4337.265,4339.45,4337.205,4339.33,463.0
2026-09-22 17:12:00,4339.34,4339.965,4339.225,4339.325,364.0
2026-09-22 17:13:00,4339.315,4339.705,4338.735,4339.19,359.0
2026-09-22 17:14:00,4339.205,4339.575,4337.48,4338.075,433.0
2026-09-22 17:15:00,4338.09,4339.59,4337.355,4339.56,384.0
2026-09-22 17:16:00,4339.545,4340.36,4338.855,4339.025,448.0
2026-09-22 17:17:00,4339.02,4339.185,4337.91,4338.28,355.0
2026-09-22 17:18:00,4338.285,4338.34,4337.415,4337.61,418.0
2026-09-22 17:19:00,4337.595,4338.23,4337.015,4337.64,461.0
2026-09-22 17:20:00,4337.57,4339.69,4337.475,4339.685,428.0
2026-09-22 17:21:00,4339.69,4339.94,4338.47,4338.715,348.0
2026-09-22 17:22:00,4338.655,4338.93,4337.835,4338.5,314.0
2026-09-22 17:23:00,4338.505,4338.52,4336.77,4336.93,420.0
2026-09-22 17:24:00,4336.925,4337.685,4336.455,4336.5,548.0
2026-09-22 17:25:00,4336.485,4336.84,4335.93,4336.24,479.0
2026-09-22 17:26:00,4336.26,4337.61,4335.655,4337.135,515.0
2026-09-22 17:27:00,4337.13,4338.02,4336.925,4337.79,402.0
2026-09-22 17:28:00,4337.795,4338.345,4336.89,4337.81,591.0
2026-09-22 17:29:00,4337.785,4339.71,4337.14,4339.48,1127.0
2026-09-22 17:30:00,4339.475,4340.28,4338.145,4339.19,646.0
2026-09-22 17:31:00,4339.21,4339.21,4337.565,4337.975,440.0
2026-09-22 17:32:00,4337.985,4338.07,4336.63,4336.81,373.0
2026-09-22 17:33:00,4336.84,4337.325,4335.88,4335.975,396.0
2026-09-22 17:34:00,4335.965,4336.545,4335.095,4336.545,431.0
2026-09-22 17:35:00,4336.565,4337.175,4336.04,4336.63,391.0
2026-09-22 17:36:00,4336.625,4337.22,4336.265,4336.355,386.0
2026-09-22 17:37:00,4336.38,4337.66,4336.265,4337.34,377.0
2026-09-22 17:38:00,4337.33,4337.885,4336.455,4337.435,297.0
2026-09-22 17:39:00,4337.425,4337.425,4336.415,4336.565,292.0
2026-09-22 17:40:00,4336.57,4336.84,4335.855,4336.685,293.0
2026-09-22 17:41:00,4336.72,4337.35,4336.395,4336.425,284.0
2026-09-22 17:42:00,4336.43,4338.555,4336.43,4338.075,398.0
2026-09-22 17:43:00,4338.095,4338.885,4337.935,4338.54,387.0
2026-09-22 17:44:00,4338.575,4338.98,4338.345,4338.835,254.0
2026-09-22 17:45:00,4338.88,4339.79,4338.36,4339.79,344.0
2026-09-22 17:46:00,4339.795,4339.795,4338.72,4338.975,339.0
2026-09-22 17:47:00,4338.955,4340.565,4338.825,4340.475,331.0
2026-09-22 17:48:00,4340.47,4340.665,4339.95,4339.97,387.0
2026-09-22 17:49:00,4339.9,4340.38,4339.65,4340.06,282.0
2026-09-22 17:50:00,4340.065,4340.685,4339.45,4339.85,630.0
2026-09-22 17:51:00,4339.865,4340.535,4339.815,4340.39,600.0
2026-09-22 17:52:00,4340.405,4348.195,4340.17,4347.62,2160.0
2026-09-22 17:53:00,4347.705,4348.805,4345.09,4346.45,2118.0
2026-09-22 17:54:00,4346.435,4353.065,4346.13,4349.54,2383.0
2026-09-22 17:55:00,4349.63,4350.335,4348.445,4349.625,1362.0
2026-09-22 17:56:00,4349.63,4350.745,4348.86,4349.145,1311.0
2026-09-22 17:57:00,4349.14,4350.995,4348.735,4348.965,1331.0
2026-09-22 17:58:00,4348.985,4351.1,4348.735,4350.62,1323.0
2026-09-22 17:59:00,4350.625,4352.71,4350.135,4350.95,894.0
2026-09-22 18:00:00,4350.955,4351.295,4349.355,4350.455,1030.0
2026-09-22 18:01:00,4350.465,4350.48,4348.255,4349.29,872.0
2026-09-22 18:02:00,4349.37,4349.37,4347.59,4348.205,460.0
2026-09-22 18:03:00,4348.24,4350.82,4348.195,4350.065,688.0
2026-09-22 18:04:00,4350.05,4353.38,4349.96,4351.945,1329.0
2026-09-22 18:05:00,4352.005,4355.865,4351.87,4355.0,1079.0
2026-09-22 18:06:00,4355.025,4358.06,4354.965,4357.02,1451.0
2026-09-22 18:07:00,4357.03,4357.19,4354.38,4355.31,1183.0
2026-09-22 18:08:00,4355.22,4360.02,4354.825,4359.06,1616.0
2026-09-22 18:09:00,4359.08,4359.205,4357.57,4357.635,1374.0
2026-09-22 18:10:00,4357.655,4358.205,4355.47,4356.945,1355.0
2026-09-22 18:11:00,4356.945,4359.24,4356.32,4357.055,1260.0
2026-09-22 18:12:00,4357.335,4360.28,4357.13,4359.16,1471.0
2026-09-22 18:13:00,4359.125,4359.18,4357.65,4357.65,872.0
2026-09-22 18:14:00,4357.655,4359.345,4357.055,4358.375,867.0
2026-09-22 18:15:00,4358.385,4360.51,4358.075,4359.87,893.0
2026-09-22 18:16:00,4359.87,4360.665,4358.16,4359.645,967.0
2026-09-22 18:17:00,4359.635,4360.59,4358.69,4359.23,909.0
2026-09-22 18:18:00,4359.265,4360.325,4357.82,4358.375,768.0
2026-09-22 18:19:00,4358.395,4360.36,4357.485,4358.24,888.0
2026-09-22 18:20:00,4358.245,4360.08,4357.165,4360.075,646.0
2026-09-22 18:21:00,4360.095,4360.095,4357.02,4357.4,772.0
2026-09-22 18:22:00,4357.345,4358.855,4356.635,4356.64,984.0
2026-09-22 18:23:00,4356.635,4357.07,4355.2,4355.365,646.0
2026-09-22 18:24:00,4355.395,4356.02,4354.745,4355.51,432.0
2026-09-22 18:25:00,4355.47,4355.73,4354.01,4354.665,743.0
2026-09-22 18:26:00,4354.72,4357.435,4354.645,4356.595,686.0
2026-09-22 18:27:00,4356.625,4357.24,4356.175,4356.315,727.0
2026-09-22 18:28:00,4356.33,4356.605,4355.21,4355.38,878.0
2026-09-22 18:29:00,4355.46,4356.39,4354.86,4356.385,697.0
2026-09-22 18:30:00,4356.405,4357.055,4354.895,4356.27,727.0
2026-09-22 18:31:00,4356.275,4356.645,4355.505,4355.955,598.0
2026-09-22 18:32:00,4355.97,4355.97,4353.985,4354.925,645.0
2026-09-22 18:33:00,4354.92,4355.16,4353.5,4354.085,507.0
2026-09-22 18:34:00,4354.14,4354.205,4352.2,4352.85,555.0
2026-09-22 18:35:00,4352.87,4353.14,4351.775,4352.62,635.0
2026-09-22 18:36:00,4352.61,4353.545,4350.51,4352.85,656.0
2026-09-22 18:37:00,4352.84,4353.19,4352.025,4352.29,401.0
2026-09-22 18:38:00,4352.32,4352.66,4350.93,4351.52,340.0
2026-09-22 18:39:00,4351.42,4352.31,4351.06,4352.29,288.0
2026-09-22 18:40:00,4352.285,4352.31,4351.075,4351.74,333.0
2026-09-22 18:41:00,4351.82,4352.03,4348.77,4350.335,489.0
2026-09-22 18:42:00,4350.35,4351.485,4349.735,4351.23,546.0
2026-09-22 18:43:00,4351.155,4351.34,4349.68,4349.8,481.0
2026-09-22 18:44:00,4349.805,4350.54,4349.745,4350.395,229.0
2026-09-22 18:45:00,4350.47,4352.585,4350.405,4352.535,221.0
2026-09-22 18:46:00,4352.52,4353.33,4352.335,4353.31,234.0
2026-09-22 18:47:00,4353.395,4354.075,4353.085,4353.455,298.0
2026-09-22 18:48:00,4353.42,4353.42,4352.085,4352.085,342.0
2026-09-22 18:49:00,4352.175,4353.625,4351.885,4353.245,368.0
2026-09-22 18:50:00,4353.295,4353.49,4352.28,4352.85,335.0
2026-09-22 18:51:00,4352.91,4353.8,4352.375,4353.8,352.0
2026-09-22 18:52:00,4353.78,4354.18,4352.76,4354.18,355.0
2026-09-22 18:53:00,4354.175,4354.41,4353.495,4353.495,256.0
2026-09-22 18:54:00,4353.405,4353.925,4352.335,4352.4,328.0
2026-09-22 18:55:00,4352.39,4352.64,4351.275,4351.95,271.0
2026-09-22 18:56:00,4351.93,4352.225,4351.025,4351.24,323.0
2026-09-22 18:57:00,4351.29,4352.03,4351.105,4351.535,250.0
2026-09-22 18:58:00,4351.48,4353.6,4351.395,4353.185,378.0
2026-09-22 18:59:00,4353.235,4353.645,4352.685,4353.48,322.0
2026-09-22 19:00:00,4353.51,4355.72,4353.355,4355.105,458.0
2026-09-22 19:01:00,4355.135,4355.9,4354.505,4355.245,436.0
2026-09-22 19:02:00,4355.235,4355.235,4353.955,4354.18,460.0
2026-09-22 19:03:00,4354.185,4354.78,4354.0,4354.385,255.0
2026-09-22 19:04:00,4354.315,4354.84,4354.015,4354.77,295.0
2026-09-22 19:05:00,4354.76,4355.01,4353.785,4354.625,362.0
2026-09-22 19:06:00,4354.635,4357.28,4354.585,4356.975,550.0
2026-09-22 19:07:00,4357.025,4357.17,4355.45,4356.65,574.0
2026-09-22 19:08:00,4356.695,4357.6,4356.28,4357.595,447.0
2026-09-22 19:09:00,4357.615,4358.095,4356.765,4357.435,371.0
2026-09-22 19:10:00,4357.425,4358.15,4357.055,4357.745,498.0
2026-09-22 19:11:00,4357.69,4358.56,4357.075,4358.525,481.0
2026-09-22 19:12:00,4358.495,4359.32,4357.76,4358.595,608.0
2026-09-22 19:13:00,4358.56,4358.865,4357.43,4357.585,405.0
2026-09-22 19:14:00,4357.59,4358.415,4357.585,4358.28,413.0
2026-09-22 19:15:00,4358.275,4359.07,4358.17,4358.265,420.0
2026-09-22 19:16:00,4358.27,4359.02,4357.83,4357.83,481.0
2026-09-22 19:17:00,4357.82,4358.15,4356.645,4357.48,405.0
2026-09-22 19:18:00,4357.475,4358.195,4357.035,4358.18,319.0
2026-09-22 19:19:00,4358.12,4358.34,4357.845,4358.135,198.0
2026-09-22 19:20:00,4358.13,4358.38,4357.065,4357.535,387.0
2026-09-22 19:21:00,4357.515,4357.58,4356.41,4356.945,377.0
2026-09-22 19:22:00,4356.94,4358.065,4356.93,4357.415,418.0
2026-09-22 19:23:00,4357.435,4358.26,4357.435,4357.94,361.0
2026-09-22 19:24:00,4357.875,4359.23,4357.36,4359.23,633.0
2026-09-22 19:25:00,4359.22,4361.515,4357.835,4360.455,1312.0
2026-09-22 19:26:00,4360.445,4360.445,4358.135,4358.555,1012.0
2026-09-22 19:27:00,4358.55,4359.335,4357.435,4357.62,847.0
2026-09-22 19:28:00,4357.64,4359.34,4357.59,4358.485,644.0
2026-09-22 19:29:00,4358.515,4360.135,4358.065,4359.895,715.0
2026-09-22 19:30:00,4359.915,4362.09,4359.85,4361.955,746.0
2026-09-22 19:31:00,4361.965,4364.845,4361.645,4364.755,985.0
2026-09-22 19:32:00,4364.765,4366.92,4363.575,4366.38,1523.0
2026-09-22 19:33:00,4366.375,4368.38,4365.71,4367.495,1579.0
2026-09-22 19:34:00,4367.5,4370.505,4367.19,4370.08,1273.0
2026-09-22 19:35:00,4370.05,4370.715,4368.975,4369.9,1218.0
2026-09-22 19:36:00,4369.86,4370.15,4367.08,4367.18,649.0
2026-09-22 19:37:00,4367.185,4371.38,4366.375,4369.645,1027.0
2026-09-22 19:38:00,4369.675,4369.86,4367.395,4368.67,1113.0
2026-09-22 19:39:00,4368.68,4370.945,4367.34,4369.715,1161.0
2026-09-22 19:40:00,4369.78,4371.135,4369.525,4370.61,719.0
2026-09-22 19:41:00,4370.615,4370.7,4368.2,4368.615,1081.0
2026-09-22 19:42:00,4368.635,4369.385,4367.57,4369.085,679.0
2026-09-22 19:43:00,4369.095,4369.48,4368.07,4368.81,631.0
2026-09-22 19:44:00,4368.82,4369.445,4367.005,4369.445,598.0
2026-09-22 19:45:00,4369.49,4370.13,4369.07,4369.53,422.0
2026-09-22 19:46:00,4369.59,4370.25,4368.98,4369.64,454.0
2026-09-22 19:47:00,4369.7,4370.735,4368.43,4370.135,474.0
2026-09-22 19:48:00,4370.12,4370.41,4369.19,4369.365,382.0
2026-09-22 19:49:00,4369.415,4369.685,4368.905,4369.375,480.0
2026-09-22 19:50:00,4369.25,4369.25,4367.57,4367.65,405.0
2026-09-22 19:51:00,4367.68,4369.49,4367.68,4369.115,410.0
2026-09-22 19:52:00,4369.11,4369.27,4368.33,4368.625,340.0
2026-09-22 19:53:00,4368.58,4368.75,4367.325,4367.965,472.0
2026-09-22 19:54:00,4367.995,4368.165,4366.835,4366.97,378.0
2026-09-22 19:55:00,4366.995,4366.995,4365.805,4366.58,432.0
2026-09-22 19:56:00,4366.65,4366.91,4365.625,4365.71,392.0
2026-09-22 19:57:00,4365.765,4366.96,4365.765,4366.68,357.0
2026-09-22 19:58:00,4366.735,4366.735,4364.655,4364.885,497.0
2026-09-22 19:59:00,4364.86,4364.935,4363.495,4364.0,724.0
2026-09-22 20:00:00,4364.01,4364.66,4363.655,4363.715,412.0
2026-09-22 20:01:00,4363.65,4364.32,4362.925,4363.605,315.0
2026-09-22 20:02:00,4363.62,4363.705,4362.615,4363.07,202.0
2026-09-22 20:03:00,4363.095,4363.61,4362.735,4362.735,193.0
2026-09-22 20:04:00,4362.89,4362.89,4362.44,4362.715,175.0
2026-09-22 20:05:00,4362.73,4363.1,4361.335,4362.06,319.0
2026-09-22 20:06:00,4362.07,4362.07,4360.88,4361.485,242.0
2026-09-22 20:07:00,4361.5,4362.21,4360.985,4362.095,259.0
2026-09-22 20:08:00,4362.105,4363.245,4361.91,4362.87,173.0
2026-09-22 20:09:00,4362.865,4362.865,4361.38,4362.225,133.0
2026-09-22 20:10:00,4362.19,4362.485,4361.19,4361.51,174.0
2026-09-22 20:11:00,4361.48,4361.735,4361.085,4361.245,169.0
2026-09-22 20:12:00,4361.185,4361.185,4359.69,4359.88,199.0
2026-09-22 20:13:00,4359.875,4360.635,4359.375,4359.675,154.0
2026-09-22 20:14:00,4359.655,4360.17,4358.555,4359.44,224.0
2026-09-22 20:15:00,4359.445,4359.785,4359.1,4359.475,172.0
2026-09-22 20:16:00,4359.575,4360.495,4359.575,4359.925,234.0
2026-09-22 20:17:00,4360.045,4360.65,4359.72,4359.965,200.0
2026-09-22 20:18:00,4359.93,4359.975,4359.295,4359.825,195.0
2026-09-22 20:19:00,4359.775,4360.02,4359.215,4359.39,153.0
2026-09-22 20:20:00,4359.38,4360.135,4358.94,4359.69,262.0
2026-09-22 20:21:00,4359.71,4359.945,4359.27,4359.615,181.0
2026-09-22 20:22:00,4359.595,4359.595,4358.31,4359.29,177.0
2026-09-22 20:23:00,4359.295,4359.96,4359.165,4359.715,148.0
2026-09-22 20:24:00,4359.695,4360.72,4359.6,4360.435,157.0
2026-09-22 20:25:00,4360.415,4360.635,4359.62,4359.665,252.0
2026-09-22 20:26:00,4359.675,4360.02,4359.48,4359.815,167.0
2026-09-22 20:27:00,4359.81,4360.35,4359.52,4359.655,207.0
2026-09-22 20:28:00,4359.68,4360.12,4359.225,4359.325,216.0
2026-09-22 20:29:00,4359.335,4359.685,4359.125,4359.655,158.0
2026-09-22 20:30:00,4359.61,4359.99,4359.345,4359.67,183.0
2026-09-22 20:31:00,4359.615,4359.915,4358.855,4359.87,172.0
2026-09-22 20:32:00,4359.89,4360.215,4359.515,4359.8,162.0
2026-09-22 20:33:00,4359.795,4359.99,4358.59,4359.21,208.0
2026-09-22 20:34:00,4359.255,4359.29,4358.565,4358.81,245.0
2026-09-22 20:35:00,4358.855,4359.08,4358.085,4358.24,198.0
2026-09-22 20:36:00,4358.255,4358.45,4357.935,4358.295,153.0
2026-09-22 20:37:00,4358.325,4358.375,4357.45,4358.015,135.0
2026-09-22 20:38:00,4358.015,4359.05,4358.015,4358.31,192.0
2026-09-22 20:39:00,4358.27,4358.5,4357.68,4357.69,135.0
2026-09-22 20:40:00,4357.745,4359.135,4357.745,4358.63,131.0
2026-09-22 20:41:00,4358.715,4358.795,4358.545,4358.7,95.0
2026-09-22 20:42:00,4358.705,4359.005,4358.34,4358.905,147.0
2026-09-22 20:43:00,4358.9,4359.21,4358.845,4359.115,56.0
2026-09-22 20:44:00,4359.045,4359.045,4358.41,4358.66,77.0
2026-09-22 20:45:00,4358.565,4358.625,4358.045,4358.105,161.0
2026-09-22 20:46:00,4358.05,4358.575,4358.05,4358.49,87.0
2026-09-22 20:47:00,4358.5,4358.76,4358.135,4358.14,103.0
2026-09-22 20:48:00,4358.195,4358.27,4357.695,4357.695,100.0
2026-09-22 20:49:00,4357.75,4357.96,4357.66,4357.695,78.0
2026-09-22 20:50:00,4357.71,4359.41,4357.685,4359.305,141.0
2026-09-22 20:51:00,4359.235,4359.91,4358.805,4359.855,153.0
2026-09-22 20:52:00,4359.875,4360.09,4358.28,4358.33,129.0
2026-09-22 20:53:00,4358.305,4359.345,4358.285,4359.285,52.0
2026-09-22 20:54:00,4359.235,4359.74,4358.33,4358.36,100.0
2026-09-22 20:55:00,4358.41,4358.85,4358.16,4358.285,146.0
2026-09-22 20:56:00,4358.31,4358.705,4358.15,4358.705,72.0
2026-09-22 20:57:00,4358.81,4359.135,4358.4,4358.4,169.0
2026-09-22 20:58:00,4358.35,4358.7,4358.05,4358.49,128.0
2026-09-22 20:59:00,4358.54,4358.645,4358.345,4358.54,16.0
2026-09-22 22:04:00,4363.61,4363.795,4363.42,4363.435,31.0
2026-09-22 22:05:00,4363.515,4364.05,4363.215,4363.915,406.0
2026-09-22 22:06:00,4363.96,4364.735,4363.76,4363.995,281.0
2026-09-22 22:07:00,4363.95,4364.05,4362.69,4362.785,144.0
2026-09-22 22:08:00,4362.77,4362.77,4361.705,4361.945,221.0
2026-09-22 22:09:00,4361.935,4363.05,4361.85,4362.15,319.0
2026-09-22 22:10:00,4362.17,4362.27,4361.395,4361.88,298.0
2026-09-22 22:11:00,4361.87,4362.33,4361.425,4362.285,233.0
2026-09-22 22:12:00,4362.325,4364.18,4362.325,4363.89,305.0
2026-09-22 22:13:00,4363.85,4363.905,4362.835,4362.98,203.0
2026-09-22 22:14:00,4362.975,4364.46,4362.975,4364.38,274.0
2026-09-22 22:15:00,4364.39,4364.39,4363.645,4363.785,193.0
2026-09-22 22:16:00,4363.815,4363.835,4363.395,4363.58,106.0
2026-09-22 22:17:00,4363.54,4363.67,4362.795,4363.16,192.0
2026-09-22 22:18:00,4363.18,4363.76,4363.035,4363.7,108.0
2026-09-22 22:19:00,4363.71,4364.155,4363.0,4364.005,145.0
2026-09-22 22:20:00,4363.975,4363.975,4362.6,4363.09,174.0
2026-09-22 22:21:00,4363.085,4363.585,4362.785,4363.175,169.0
2026-09-22 22:22:00,4363.25,4363.32,4362.665,4362.84,169.0
2026-09-22 22:23:00,4362.88,4362.95,4362.57,4362.68,110.0
2026-09-22 22:24:00,4362.63,4364.125,4362.63,4364.03,78.0
2026-09-22 22:25:00,4363.98,4364.25,4363.605,4363.62,122.0
2026-09-22 22:26:00,4363.635,4363.98,4363.475,4363.685,61.0
2026-09-22 22:27:00,4363.745,4364.35,4363.52,4364.295,81.0
2026-09-22 22:28:00,4364.305,4364.575,4364.035,4364.565,91.0
2026-09-22 22:29:00,4364.57,4365.455,4362.87,4364.665,469.0
2026-09-22 22:30:00,4364.705,4364.73,4363.305,4363.8,138.0
2026-09-22 22:31:00,4363.825,4364.32,4363.385,4363.935,144.0
2026-09-22 22:32:00,4363.94,4364.305,4363.735,4363.92,61.0
2026-09-22 22:33:00,4363.925,4364.585,4363.765,4364.445,94.0
2026-09-22 22:34:00,4364.44,4365.245,4364.27,4364.315,144.0
2026-09-22 22:35:00,4364.525,4364.83,4364.35,4364.355,88.0
2026-09-22 22:36:00,4364.375,4364.375,4363.45,4363.6,67.0
2026-09-22 22:37:00,4363.605,4364.0,4363.605,4363.775,44.0
2026-09-22 22:38:00,4363.84,4364.21,4363.71,4364.21,68.0
2026-09-22 22:39:00,4364.275,4364.695,4363.975,4364.07,63.0
2026-09-22 22:40:00,4364.06,4364.13,4363.795,4363.935,55.0
2026-09-22 22:41:00,4363.885,4364.49,4363.745,4363.835,91.0
2026-09-22 22:42:00,4363.84,4364.445,4363.725,4364.34,51.0
2026-09-22 22:43:00,4364.45,4364.99,4364.33,4364.335,96.0
2026-09-22 22:44:00,4364.275,4364.315,4362.82,4362.98,266.0
2026-09-22 22:45:00,4362.935,4363.11,4362.485,4362.63,124.0
2026-09-22 22:46:00,4362.65,4363.06,4362.515,4362.71,99.0
2026-09-22 22:47:00,4362.735,4363.13,4362.56,4362.96,72.0
2026-09-22 22:48:00,4362.95,4362.95,4362.195,4362.38,80.0
2026-09-22 22:49:00,4362.385,4362.415,4361.915,4361.925,100.0
2026-09-22 22:50:00,4361.94,4362.715,4360.555,4360.73,135.0
2026-09-22 22:51:00,4360.81,4362.45,4360.805,4361.995,128.0
2026-09-22 22:52:00,4362.015,4362.175,4361.515,4361.64,133.0
2026-09-22 22:53:00,4361.65,4362.895,4361.63,4362.73,209.0
2026-09-22 22:54:00,4362.74,4362.82,4362.065,4362.445,95.0
2026-09-22 22:55:00,4362.46,4363.105,4362.435,4362.855,117.0
2026-09-22 22:56:00,4362.855,4362.855,4361.625,4362.075,193.0
2026-09-22 22:57:00,4362.115,4362.17,4361.82,4361.855,96.0
2026-09-22 22:58:00,4361.895,4362.18,4361.535,4362.08,137.0
2026-09-22 22:59:00,4362.075,4362.49,4361.975,4362.325,105.0
2026-09-22 23:00:00,4362.345,4364.415,4362.09,4363.065,284.0
2026-09-22 23:01:00,4363.08,4363.76,4362.555,4362.845,249.0
2026-09-22 23:02:00,4362.85,4363.555,4362.83,4362.88,146.0
2026-09-22 23:03:00,4362.875,4363.765,4362.82,4363.49,114.0
2026-09-22 23:04:00,4363.495,4363.775,4363.31,4363.7,130.0
2026-09-22 23:05:00,4363.685,4363.8,4362.735,4362.775,138.0
2026-09-22 23:06:00,4362.78,4363.3,4362.78,4363.08,159.0
2026-09-22 23:07:00,4363.09,4363.095,4362.37,4362.83,99.0
2026-09-22 23:08:00,4362.825,4363.18,4362.24,4362.83,182.0
2026-09-22 23:09:00,4362.835,4363.435,4362.835,4363.17,162.0
2026-09-22 23:10:00,4363.165,4363.58,4362.99,4363.195,113.0
2026-09-22 23:11:00,4363.2,4363.21,4362.04,4362.38,183.0
2026-09-22 23:12:00,4362.375,4362.375,4360.91,4360.99,169.0
2026-09-22 23:13:00,4361.0,4361.44,4360.67,4361.43,211.0
2026-09-22 23:14:00,4361.455,4361.735,4361.115,4361.505,203.0
2026-09-22 23:15:00,4361.545,4361.545,4360.495,4360.97,155.0
2026-09-22 23:16:00,4360.99,4361.36,4360.775,4360.88,144.0
2026-09-22 23:17:00,4360.93,4363.145,4360.815,4362.84,209.0
2026-09-22 23:18:00,4362.845,4363.65,4362.79,4363.635,108.0
2026-09-22 23:19:00,4363.64,4365.6,4363.535,4365.115,188.0
2026-09-22 23:20:00,4365.075,4365.075,4363.075,4363.255,118.0
2026-09-22 23:21:00,4363.275,4364.235,4363.175,4363.55,142.0
2026-09-22 23:22:00,4363.65,4364.88,4363.65,4364.255,142.0
2026-09-22 23:23:00,4364.135,4364.25,4363.84,4364.04,78.0
2026-09-22 23:24:00,4364.04,4364.34,4363.72,4363.72,96.0
2026-09-22 23:25:00,4363.8,4363.87,4362.575,4362.77,90.0
2026-09-22 23:26:00,4362.67,4362.765,4362.275,4362.475,52.0
2026-09-22 23:27:00,4362.525,4362.635,4362.245,4362.515,46.0
2026-09-22 23:28:00,4362.565,4363.12,4362.415,4362.98,72.0
2026-09-22 23:29:00,4362.965,4363.77,4362.88,4363.765,101.0
2026-09-22 23:30:00,4363.755,4364.345,4363.02,4364.175,126.0
2026-09-22 23:31:00,4364.22,4364.59,4363.39,4363.4,128.0
2026-09-22 23:32:00,4363.41,4363.6,4363.18,4363.505,76.0
2026-09-22 23:33:00,4363.51,4363.82,4363.385,4363.48,76.0
2026-09-22 23:34:00,4363.47,4363.68,4363.295,4363.39,70.0
2026-09-22 23:35:00,4363.395,4363.4,4362.805,4363.27,99.0
2026-09-22 23:36:00,4363.31,4363.85,4360.77,4362.95,340.0
2026-09-22 23:37:00,4362.95,4363.245,4362.66,4362.9,95.0
2026-09-22 23:38:00,4363.0,4364.49,4362.935,4363.87,136.0
2026-09-22 23:39:00,4363.93,4363.93,4362.645,4363.485,205.0
2026-09-22 23:40:00,4363.47,4363.48,4363.095,4363.11,55.0
2026-09-22 23:41:00,4363.125,4364.56,4362.99,4364.36,62.0
2026-09-22 23:42:00,4364.285,4364.285,4363.805,4364.195,49.0
2026-09-22 23:43:00,4364.165,4364.82,4364.115,4364.49,167.0
2026-09-22 23:44:00,4364.55,4364.83,4363.23,4363.865,184.0
2026-09-22 23:45:00,4363.875,4364.02,4362.8,4363.2,305.0
2026-09-22 23:46:00,4363.175,4363.505,4362.695,4362.865,290.0
2026-09-22 23:47:00,4362.815,4363.01,4360.575,4361.455,324.0
2026-09-22 23:48:00,4361.405,4361.455,4360.515,4360.7,130.0
2026-09-22 23:49:00,4360.75,4360.75,4359.71,4359.96,209.0
2026-09-22 23:50:00,4360.06,4360.22,4358.445,4358.705,522.0
2026-09-22 23:51:00,4358.805,4360.17,4358.805,4358.92,494.0
2026-09-22 23:52:00,4358.925,4361.03,4358.88,4360.83,372.0
2026-09-22 23:53:00,4360.835,4361.89,4360.655,4361.23,522.0
2026-09-22 23:54:00,4361.245,4364.065,4361.195,4363.84,406.0
2026-09-22 23:55:00,4363.8,4365.63,4362.56,4362.815,610.0
2026-09-22 23:56:00,4362.875,4363.08,4362.2,4362.775,291.0
2026-09-22 23:57:00,4362.775,4365.28,4362.775,4365.27,363.0
2026-09-22 23:58:00,4365.275,4365.735,4362.995,4363.2,424.0
2026-09-22 23:59:00,4363.36,4364.67,4363.36,4364.035,424.0
2026-09-23 00:00:00,4364.01,4365.16,4362.725,4363.49,892.0
2026-09-23 00:01:00,4363.44,4366.32,4363.17,4364.635,707.0
2026-09-23 00:02:00,4364.66,4369.56,4364.66,4369.25,668.0
2026-09-23 00:03:00,4369.29,4369.305,4368.03,4368.635,616.0
2026-09-23 00:04:00,4368.565,4368.695,4367.155,4367.3,481.0
2026-09-23 00:05:00,4367.29,4367.315,4364.375,4364.58,563.0
2026-09-23 00:06:00,4364.565,4365.53,4363.435,4363.63,530.0
2026-09-23 00:07:00,4363.59,4364.17,4362.185,4362.745,399.0
2026-09-23 00:08:00,4362.53,4363.125,4361.865,4362.195,402.0
2026-09-23 00:09:00,4362.145,4364.155,4362.09,4363.215,339.0
2026-09-23 00:10:00,4363.09,4364.225,4362.45,4364.2,384.0
2026-09-23 00:11:00,4364.115,4365.33,4363.49,4364.625,405.0
2026-09-23 00:12:00,4364.58,4366.145,4364.57,4366.005,290.0
2026-09-23 00:13:00,4365.995,4366.33,4364.81,4365.205,365.0
2026-09-23 00:14:00,4365.235,4366.415,4364.87,4366.025,375.0
2026-09-23 00:15:00,4365.925,4366.61,4364.96,4365.04,450.0
2026-09-23 00:16:00,4365.055,4365.855,4364.575,4365.51,289.0
2026-09-23 00:17:00,4365.41,4365.88,4363.665,4363.67,289.0
2026-09-23 00:18:00,4363.545,4364.475,4363.25,4364.075,336.0
2026-09-23 00:19:00,4364.055,4365.195,4363.6,4363.87,420.0
2026-09-23 00:20:00,4363.82,4363.82,4361.26,4362.345,372.0
2026-09-23 00:21:00,4362.34,4364.07,4361.96,4362.845,294.0
2026-09-23 00:22:00,4362.795,4362.795,4360.24,4360.715,301.0
2026-09-23 00:23:00,4360.7,4361.605,4360.235,4360.52,300.0
2026-09-23 00:24:00,4360.525,4361.335,4360.14,4360.885,415.0
2026-09-23 00:25:00,4360.89,4362.07,4360.66,4361.58,551.0
2026-09-23 00:26:00,4361.6,4361.925,4360.005,4360.15,332.0
2026-09-23 00:27:00,4360.1,4360.605,4359.755,4359.91,355.0
2026-09-23 00:28:00,4359.885,4360.375,4359.02,4359.035,461.0
2026-09-23 00:29:00,4359.045,4360.005,4358.855,4358.96,470.0
2026-09-23 00:30:00,4358.845,4360.005,4358.355,4359.625,476.0
2026-09-23 00:31:00,4359.63,4361.915,4359.485,4360.65,383.0
2026-09-23 00:32:00,4360.745,4361.14,4359.21,4359.86,325.0
2026-09-23 00:33:00,4359.865,4361.245,4359.025,4359.69,237.0
2026-09-23 00:34:00,4359.695,4359.945,4358.89,4359.265,222.0
2026-09-23 00:35:00,4359.215,4359.525,4358.365,4358.88,450.0
2026-09-23 00:36:00,4358.885,4359.92,4358.445,4359.155,337.0
2026-09-23 00:37:00,4359.16,4359.175,4357.94,4358.67,294.0
2026-09-23 00:38:00,4358.565,4358.67,4355.255,4356.585,751.0
2026-09-23 00:39:00,4356.58,4358.14,4356.475,4357.395,428.0
2026-09-23 00:40:00,4357.415,4358.935,4356.405,4358.76,431.0
2026-09-23 00:41:00,4358.75,4358.765,4356.045,4356.95,782.0
2026-09-23 00:42:00,4356.855,4357.71,4355.76,4357.265,374.0
2026-09-23 00:43:00,4357.275,4359.36,4356.72,4359.01,403.0
2026-09-23 00:44:00,4358.97,4359.885,4358.185,4359.33,328.0
2026-09-23 00:45:00,4359.345,4360.53,4359.11,4360.02,453.0
2026-09-23 00:46:00,4359.96,4360.9,4359.725,4360.02,366.0
2026-09-23 00:47:00,4359.97,4359.98,4358.62,4358.69,359.0
2026-09-23 00:48:00,4358.385,4359.325,4358.02,4358.305,323.0
2026-09-23 00:49:00,4358.225,4358.375,4357.075,4357.345,269.0
2026-09-23 00:50:00,4357.34,4358.025,4356.96,4357.845,271.0
2026-09-23 00:51:00,4357.855,4358.92,4357.8,4358.65,273.0
2026-09-23 00:52:00,4358.58,4359.16,4358.04,4358.495,352.0
2026-09-23 00:53:00,4358.505,4358.85,4357.855,4358.215,357.0
2026-09-23 00:54:00,4358.21,4358.29,4357.05,4357.12,270.0
2026-09-23 00:55:00,4357.055,4357.83,4357.055,4357.435,400.0
2026-09-23 00:56:00,4357.455,4358.095,4357.365,4357.735,358.0
2026-09-23 00:57:00,4357.815,4358.4,4357.375,4357.94,258.0
2026-09-23 00:58:00,4358.015,4358.19,4357.155,4357.365,241.0
2026-09-23 00:59:00,4357.43,4358.645,4356.445,4357.63,418.0
2026-09-23 01:00:00,4357.58,4359.365,4355.06,4356.28,1456.0
2026-09-23 01:01:00,4356.275,4357.015,4352.685,4355.31,1121.0
2026-09-23 01:02:00,4355.275,4356.155,4352.955,4353.74,924.0
2026-09-23 01:03:00,4353.76,4353.875,4351.69,4351.745,627.0
2026-09-23 01:04:00,4351.89,4353.54,4350.48,4351.305,701.0
2026-09-23 01:05:00,4351.39,4352.465,4350.37,4352.36,516.0
2026-09-23 01:06:00,4352.41,4352.8,4351.32,4352.245,362.0
2026-09-23 01:07:00,4351.995,4353.45,4350.88,4351.755,564.0
2026-09-23 01:08:00,4351.805,4352.105,4350.405,4351.41,351.0
2026-09-23 01:09:00,4351.46,4351.84,4350.58,4350.67,304.0
2026-09-23 01:10:00,4350.77,4350.88,4347.74,4347.89,434.0
2026-09-23 01:11:00,4347.99,4348.095,4346.44,4347.26,486.0
2026-09-23 01:12:00,4347.36,4349.32,4347.185,4349.14,313.0
2026-09-23 01:13:00,4349.085,4349.53,4347.805,4348.8,298.0
2026-09-23 01:14:00,4348.86,4349.74,4348.14,4349.69,358.0
2026-09-23 01:15:00,4349.635,4349.635,4346.36,4346.91,633.0
2026-09-23 01:16:00,4347.02,4348.29,4347.02,4348.2,363.0
2026-09-23 01:17:00,4348.28,4348.48,4346.3,4346.725,398.0
2026-09-23 01:18:00,4346.715,4347.55,4345.7,4346.005,340.0
2026-09-23 01:19:00,4346.035,4348.62,4346.01,4348.0,386.0
2026-09-23 01:20:00,4347.95,4349.255,4347.305,4348.965,340.0
2026-09-23 01:21:00,4348.92,4349.285,4348.265,4349.15,257.0
2026-09-23 01:22:00,4349.095,4349.15,4347.0,4347.205,338.0
2026-09-23 01:23:00,4347.1,4348.27,4346.565,4347.745,349.0
2026-09-23 01:24:00,4347.75,4348.365,4347.37,4347.9,268.0
2026-09-23 01:25:00,4347.85,4347.895,4344.86,4345.11,364.0
2026-09-23 01:26:00,4345.21,4345.695,4343.715,4343.73,240.0
2026-09-23 01:27:00,4343.735,4344.7,4343.42,4344.09,370.0
2026-09-23 01:28:00,4344.095,4344.46,4342.705,4343.96,381.0
2026-09-23 01:29:00,4344.005,4344.005,4342.705,4343.72,357.0
2026-09-23 01:30:00,4343.62,4343.72,4341.705,4342.465,366.0
2026-09-23 01:31:00,4342.475,4343.825,4341.69,4341.88,473.0
2026-09-23 01:32:00,4341.92,4343.53,4341.725,4343.53,328.0
2026-09-23 01:33:00,4343.58,4343.98,4343.23,4343.48,254.0
2026-09-23 01:34:00,4343.445,4344.38,4343.035,4343.36,301.0
2026-09-23 01:35:00,4343.345,4344.495,4343.04,4344.195,248.0
2026-09-23 01:36:00,4344.245,4346.36,4344.125,4345.97,485.0
2026-09-23 01:37:00,4345.72,4345.765,4344.9,4345.005,506.0
2026-09-23 01:38:00,4345.01,4345.87,4343.965,4344.945,616.0
2026-09-23 01:39:00,4344.895,4345.82,4344.795,4345.62,281.0
2026-09-23 01:40:00,4345.64,4346.16,4343.32,4344.435,336.0
2026-09-23 01:41:00,4344.385,4345.09,4342.08,4342.315,360.0
2026-09-23 01:42:00,4342.605,4344.185,4342.36,4344.185,431.0
2026-09-23 01:43:00,4344.235,4345.55,4343.885,4344.525,400.0
2026-09-23 01:44:00,4344.495,4345.36,4344.03,4344.905,567.0
2026-09-23 01:45:00,4344.9,4345.295,4343.77,4343.885,471.0
2026-09-23 01:46:00,4343.935,4346.71,4343.875,4345.345,356.0
2026-09-23 01:47:00,4345.395,4346.115,4344.69,4345.06,368.0
2026-09-23 01:48:00,4345.0,4345.995,4344.2,4345.65,439.0
2026-09-23 01:49:00,4345.655,4346.535,4344.775,4345.81,268.0
2026-09-23 01:50:00,4345.685,4345.975,4344.55,4345.52,322.0
2026-09-23 01:51:00,4345.57,4346.61,4344.005,4344.185,261.0
2026-09-23 01:52:00,4344.235,4344.945,4343.14,4343.555,344.0
2026-09-23 01:53:00,4343.505,4344.185,4342.675,4343.03,307.0
2026-09-23 01:54:00,4342.995,4342.995,4340.73,4340.78,480.0
2026-09-23 01:55:00,4340.83,4341.34,4339.55,4340.185,453.0
2026-09-23 01:56:00,4340.04,4340.795,4339.25,4339.51,393.0
2026-09-23 01:57:00,4339.49,4341.06,4338.97,4340.32,536.0
2026-09-23 01:58:00,4340.335,4341.16,4340.105,4340.76,469.0
2026-09-23 01:59:00,4340.745,4341.595,4340.28,4341.395,282.0
2026-09-23 02:00:00,4341.205,4341.36,4340.23,4340.845,280.0
2026-09-23 02:01:00,4340.835,4341.22,4340.065,4340.265,327.0
2026-09-23 02:02:00,4340.25,4340.35,4338.92,4339.975,288.0
2026-09-23 02:03:00,4339.97,4339.97,4338.16,4339.4,280.0
2026-09-23 02:04:00,4339.535,4340.19,4338.64,4338.755,252.0
2026-09-23 02:05:00,4338.855,4339.615,4338.605,4339.4,234.0
2026-09-23 02:06:00,4339.54,4339.635,4338.625,4339.285,291.0
2026-09-23 02:07:00,4339.245,4339.57,4337.84,4338.24,275.0
2026-09-23 02:08:00,4338.235,4339.38,4337.97,4338.105,278.0
2026-09-23 02:09:00,4338.135,4338.585,4337.73,4338.105,335.0
2026-09-23 02:10:00,4338.14,4338.395,4337.74,4338.135,260.0
2026-09-23 02:11:00,4338.14,4339.495,4338.14,4338.66,278.0
2026-09-23 02:12:00,4338.685,4338.99,4337.63,4338.21,256.0
2026-09-23 02:13:00,4338.165,4338.415,4337.615,4337.91,181.0
2026-09-23 02:14:00,4338.01,4338.06,4337.275,4337.29,150.0
2026-09-23 02:15:00,4337.355,4337.375,4335.54,4335.86,241.0
2026-09-23 02:16:00,4335.91,4336.74,4335.505,4336.34,285.0
2026-09-23 02:17:00,4336.44,4337.14,4335.86,4336.34,220.0
2026-09-23 02:18:00,4336.39,4336.54,4335.34,4335.54,93.0
2026-09-23 02:19:00,4335.58,4336.48,4334.61,4335.885,463.0
2026-09-23 02:20:00,4335.785,4336.1,4334.645,4335.05,321.0
2026-09-23 02:21:00,4335.1,4336.255,4334.715,4335.76,354.0
2026-09-23 02:22:00,4335.775,4337.62,4334.73,4337.47,482.0
2026-09-23 02:23:00,4337.5,4337.77,4337.05,4337.58,159.0
2026-09-23 02:24:00,4337.515,4338.545,4337.415,4338.1,217.0
2026-09-23 02:25:00,4338.09,4338.925,4337.755,4338.115,272.0
2026-09-23 02:26:00,4338.16,4339.22,4338.0,4338.74,263.0
2026-09-23 02:27:00,4338.745,4339.78,4338.62,4339.305,224.0
2026-09-23 02:28:00,4339.18,4339.31,4338.05,4338.98,184.0
2026-09-23 02:29:00,4338.93,4339.03,4338.005,4338.33,191.0
2026-09-23 02:30:00,4338.415,4338.905,4337.24,4337.53,524.0
2026-09-23 02:31:00,4337.515,4338.37,4337.28,4337.435,283.0
2026-09-23 02:32:00,4337.57,4337.81,4336.72,4337.72,245.0
2026-09-23 02:33:00,4337.71,4337.95,4336.83,4337.185,404.0
2026-09-23 02:34:00,4337.205,4338.29,4337.015,4338.29,266.0
2026-09-23 02:35:00,4338.24,4338.685,4337.36,4338.615,217.0
2026-09-23 02:36:00,4338.665,4338.87,4335.465,4335.93,373.0
2026-09-23 02:37:00,4335.95,4336.67,4334.5,4334.66,506.0
2026-09-23 02:38:00,4334.725,4336.245,4334.56,4335.785,432.0
2026-09-23 02:39:00,4335.805,4336.23,4333.565,4334.065,500.0
2026-09-23 02:40:00,4334.015,4335.865,4334.015,4335.12,300.0
2026-09-23 02:41:00,4335.05,4335.58,4334.635,4335.295,249.0
2026-09-23 02:42:00,4335.32,4337.11,4335.095,4337.04,250.0
2026-09-23 02:43:00,4337.055,4337.48,4336.875,4337.28,177.0
2026-09-23 02:44:00,4337.365,4337.43,4336.39,4337.265,285.0
2026-09-23 02:45:00,4337.26,4337.695,4336.69,4336.69,226.0
2026-09-23 02:46:00,4336.685,4338.125,4336.325,4337.91,200.0
2026-09-23 02:47:00,4337.86,4337.91,4335.945,4336.09,222.0
2026-09-23 02:48:00,4336.085,4337.09,4336.085,4336.92,262.0
2026-09-23 02:49:00,4336.93,4337.26,4334.765,4335.09,322.0
2026-09-23 02:50:00,4335.29,4336.155,4334.475,4335.905,312.0
2026-09-23 02:51:00,4335.955,4336.46,4334.725,4336.025,253.0
2026-09-23 02:52:00,4336.05,4336.775,4335.88,4336.765,311.0
2026-09-23 02:53:00,4336.77,4336.945,4336.285,4336.29,205.0
2026-09-23 02:54:00,4336.395,4336.465,4336.135,4336.235,192.0
2026-09-23 02:55:00,4336.135,4336.135,4333.68,4334.11,207.0
2026-09-23 02:56:00,4334.095,4334.45,4333.41,4333.685,357.0
2026-09-23 02:57:00,4333.675,4335.06,4333.46,4334.99,291.0
2026-09-23 02:58:00,4334.885,4335.365,4334.36,4334.705,118.0
2026-09-23 02:59:00,4334.605,4334.64,4333.505,4334.15,143.0
2026-09-23 03:00:00,4334.215,4334.705,4333.445,4334.345,326.0
2026-09-23 03:01:00,4334.08,4334.53,4333.32,4334.39,137.0
2026-09-23 03:02:00,4334.34,4334.49,4333.79,4334.07,83.0
2026-09-23 03:03:00,4334.03,4334.74,4333.64,4333.98,269.0
2026-09-23 03:04:00,4334.02,4335.535,4334.02,4335.075,251.0
2026-09-23 03:05:00,4335.025,4335.69,4334.775,4335.17,274.0
2026-09-23 03:06:00,4335.12,4335.17,4334.405,4335.145,144.0
2026-09-23 03:07:00,4335.095,4335.605,4334.45,4334.975,195.0
2026-09-23 03:08:00,4334.925,4335.89,4334.505,4335.535,196.0
2026-09-23 03:09:00,4335.635,4336.995,4335.585,4335.695,182.0
2026-09-23 03:10:00,4335.605,4336.245,4335.575,4336.085,207.0
2026-09-23 03:11:00,4336.1,4337.855,4336.0,4337.49,186.0
2026-09-23 03:12:00,4337.44,4338.7,4337.29,4338.64,209.0
2026-09-23 03:13:00,4338.54,4339.605,4338.31,4339.54,210.0
2026-09-23 03:14:00,4339.44,4339.73,4338.635,4339.0,155.0
2026-09-23 03:15:00,4338.95,4339.2,4337.56,4337.56,279.0
2026-09-23 03:16:00,4337.565,4337.94,4337.13,4337.78,267.0
2026-09-23 03:17:00,4337.745,4338.095,4337.295,4337.35,235.0
2026-09-23 03:18:00,4337.345,4337.395,4335.875,4336.125,300.0
2026-09-23 03:19:00,4335.995,4337.08,4335.925,4336.425,175.0
2026-09-23 03:20:00,4336.41,4336.78,4336.05,4336.7,166.0
2026-09-23 03:21:00,4336.675,4337.285,4336.515,4337.255,202.0
2026-09-23 03:22:00,4337.235,4338.655,4337.235,4338.465,209.0
2026-09-23 03:23:00,4338.565,4339.55,4338.415,4339.53,212.0
2026-09-23 03:24:00,4339.535,4340.29,4339.35,4339.605,349.0
2026-09-23 03:25:00,4339.515,4340.515,4339.13,4340.435,343.0
2026-09-23 03:26:00,4340.44,4340.455,4339.095,4339.34,366.0
2026-09-23 03:27:00,4339.36,4339.52,4338.12,4338.315,306.0
2026-09-23 03:28:00,4338.3,4339.005,4338.08,4338.81,306.0
2026-09-23 03:29:00,4338.725,4338.905,4337.995,4338.145,386.0
2026-09-23 03:30:00,4338.15,4339.46,4337.23,4339.205,484.0
2026-09-23 03:31:00,4339.215,4340.13,4339.165,4339.865,431.0
2026-09-23 03:32:00,4339.87,4340.025,4339.06,4339.3,321.0
2026-09-23 03:33:00,4339.365,4340.14,4339.155,4339.75,219.0
2026-09-23 03:34:00,4339.755,4340.64,4339.015,4339.13,236.0
2026-09-23 03:35:00,4339.08,4340.09,4339.08,4340.015,180.0
2026-09-23 03:36:00,4339.965,4340.17,4339.445,4339.56,107.0
2026-09-23 03:37:00,4339.465,4339.85,4339.075,4339.185,166.0
2026-09-23 03:38:00,4339.195,4339.745,4339.185,4339.235,107.0
2026-09-23 03:39:00,4339.42,4339.89,4338.785,4339.815,125.0
2026-09-23 03:40:00,4339.81,4340.925,4339.76,4340.835,159.0
2026-09-23 03:41:00,4340.82,4341.715,4340.7,4341.715,258.0
2026-09-23 03:42:00,4341.675,4341.685,4340.72,4341.215,125.0
2026-09-23 03:43:00,4341.125,4341.38,4340.865,4340.96,159.0
2026-09-23 03:44:00,4341.04,4341.645,4340.505,4341.43,151.0
2026-09-23 03:45:00,4341.56,4342.045,4341.515,4341.905,144.0
2026-09-23 03:46:00,4341.855,4342.14,4341.79,4341.855,143.0
2026-09-23 03:47:00,4341.86,4342.42,4341.74,4342.115,157.0
2026-09-23 03:48:00,4342.045,4342.895,4341.815,4342.655,269.0
2026-09-23 03:49:00,4342.64,4342.64,4342.05,4342.09,196.0
2026-09-23 03:50:00,4342.12,4342.645,4341.825,4342.645,164.0
2026-09-23 03:51:00,4342.64,4343.405,4342.505,4343.075,167.0
2026-09-23 03:52:00,4343.08,4344.235,4343.08,4344.185,291.0
2026-09-23 03:53:00,4344.295,4344.645,4343.87,4344.14,155.0
2026-09-23 03:54:00,4344.13,4344.685,4343.91,4344.495,160.0
2026-09-23 03:55:00,4344.545,4345.125,4344.135,4344.765,159.0
2026-09-23 03:56:00,4344.755,4345.56,4344.23,4344.62,312.0
2026-09-23 03:57:00,4344.605,4345.085,4343.905,4344.745,286.0
2026-09-23 03:58:00,4344.715,4345.1,4343.245,4343.355,279.0
2026-09-23 03:59:00,4343.35,4343.655,4342.61,4342.64,258.0
2026-09-23 04:00:00,4342.65,4344.075,4342.48,4343.7,228.0
2026-09-23 04:01:00,4343.675,4344.485,4343.325,4343.575,212.0
2026-09-23 04:02:00,4343.61,4344.215,4343.415,4343.5,177.0
2026-09-23 04:03:00,4343.48,4344.46,4343.385,4343.87,230.0
2026-09-23 04:04:00,4343.87,4345.11,4343.865,4344.58,221.0
2026-09-23 04:05:00,4344.585,4345.24,4344.215,4345.085,192.0
2026-09-23 04:06:00,4345.08,4345.74,4344.775,4345.335,236.0
2026-09-23 04:07:00,4345.325,4345.745,4344.885,4344.95,300.0
2026-09-23 04:08:00,4344.945,4345.62,4344.91,4345.535,221.0
2026-09-23 04:09:00,4345.54,4345.55,4344.67,4344.785,209.0
2026-09-23 04:10:00,4344.855,4344.875,4344.235,4344.695,205.0
2026-09-23 04:11:00,4344.725,4345.315,4344.16,4345.315,192.0
2026-09-23 04:12:00,4345.385,4346.64,4345.385,4346.3,312.0
2026-09-23 04:13:00,4346.295,4346.465,4345.985,4346.245,157.0
2026-09-23 04:14:00,4346.3,4346.82,4345.855,4345.875,201.0
2026-09-23 04:15:00,4345.895,4346.395,4345.67,4346.345,219.0
2026-09-23 04:16:00,4346.395,4346.55,4345.835,4345.93,227.0
2026-09-23 04:17:00,4345.99,4345.99,4344.795,4345.83,311.0
2026-09-23 04:18:00,4345.835,4347.035,4345.745,4346.82,347.0
2026-09-23 04:19:00,4346.995,4347.39,4346.66,4346.74,408.0
2026-09-23 04:20:00,4346.755,4347.195,4346.495,4346.51,268.0
2026-09-23 04:21:00,4346.515,4347.315,4346.22,4347.315,248.0
2026-09-23 04:22:00,4347.31,4347.33,4345.515,4345.655,355.0
2026-09-23 04:23:00,4345.505,4345.55,4344.76,4344.835,294.0
2026-09-23 04:24:00,4344.83,4344.99,4344.53,4344.75,159.0
2026-09-23 04:25:00,4344.755,4345.585,4344.755,4345.335,117.0
2026-09-23 04:26:00,4345.33,4345.455,4345.09,4345.185,106.0
2026-09-23 04:27:00,4345.205,4345.375,4344.745,4345.1,158.0
2026-09-23 04:28:00,4345.08,4345.24,4344.77,4345.075,161.0
2026-09-23 04:29:00,4345.155,4345.715,4345.13,4345.585,166.0
2026-09-23 04:30:00,4345.615,4345.645,4345.05,4345.05,175.0
2026-09-23 04:31:00,4345.105,4346.25,4345.06,4346.15,218.0
2026-09-23 04:32:00,4346.18,4346.225,4345.255,4345.55,219.0
2026-09-23 04:33:00,4345.58,4345.66,4344.365,4345.055,237.0
2026-09-23 04:34:00,4345.165,4345.565,4344.89,4345.48,162.0
2026-09-23 04:35:00,4345.49,4346.955,4345.485,4345.935,343.0
2026-09-23 04:36:00,4345.925,4346.505,4345.675,4346.065,266.0
2026-09-23 04:37:00,4346.085,4346.195,4345.655,4345.695,123.0
2026-09-23 04:38:00,4345.835,4345.845,4345.02,4345.025,177.0
2026-09-23 04:39:00,4345.035,4345.175,4344.25,4344.54,163.0
2026-09-23 04:40:00,4344.545,4344.57,4343.75,4343.965,110.0
2026-09-23 04:41:00,4343.96,4344.385,4343.705,4343.84,168.0
2026-09-23 04:42:00,4343.845,4344.085,4343.445,4343.96,165.0
2026-09-23 04:43:00,4343.965,4345.445,4343.965,4345.005,166.0
2026-09-23 04:44:00,4344.995,4344.995,4344.295,4344.49,130.0
2026-09-23 04:45:00,4344.51,4345.11,4344.275,4344.305,167.0
2026-09-23 04:46:00,4344.31,4344.89,4344.175,4344.785,105.0
2026-09-23 04:47:00,4344.835,4345.85,4344.835,4345.75,260.0
2026-09-23 04:48:00,4345.725,4346.24,4345.15,4345.71,186.0
2026-09-23 04:49:00,4345.73,4346.645,4345.62,4346.54,204.0
2026-09-23 04:50:00,4346.555,4346.84,4345.88,4346.01,238.0
2026-09-23 04:51:00,4345.99,4346.19,4345.18,4345.34,262.0
2026-09-23 04:52:00,4345.35,4345.67,4344.57,4344.77,185.0
2026-09-23 04:53:00,4344.755,4344.88,4343.47,4343.565,213.0
2026-09-23 04:54:00,4343.615,4345.33,4343.54,4345.025,190.0
2026-09-23 04:55:00,4345.09,4345.205,4343.685,4343.715,162.0
2026-09-23 04:56:00,4343.705,4344.915,4343.695,4344.865,262.0
2026-09-23 04:57:00,4344.87,4345.01,4343.985,4344.06,258.0
2026-09-23 04:58:00,4344.09,4345.03,4344.07,4344.59,198.0
2026-09-23 04:59:00,4344.6,4344.605,4344.015,4344.22,154.0
2026-09-23 05:00:00,4344.14,4344.17,4343.22,4343.265,335.0
2026-09-23 05:01:00,4343.305,4343.695,4342.57,4342.57,430.0
2026-09-23 05:02:00,4342.575,4343.61,4342.575,4343.115,301.0
2026-09-23 05:03:00,4343.12,4343.77,4342.56,4343.415,274.0
2026-09-23 05:04:00,4343.42,4345.48,4343.42,4344.36,231.0
2026-09-23 05:05:00,4344.28,4345.79,4343.91,4345.715,145.0
2026-09-23 05:06:00,4345.715,4345.815,4344.91,4344.91,159.0
2026-09-23 05:07:00,4344.915,4345.42,4344.9,4345.22,114.0
2026-09-23 05:08:00,4345.125,4345.2,4344.05,4344.205,175.0
2026-09-23 05:09:00,4344.2,4344.37,4343.455,4343.825,93.0
2026-09-23 05:10:00,4343.775,4343.825,4342.66,4343.09,119.0
2026-09-23 05:11:00,4343.04,4343.19,4342.68,4342.86,53.0
2026-09-23 05:12:00,4342.845,4343.085,4342.71,4343.04,86.0
2026-09-23 05:13:00,4342.99,4343.185,4342.95,4342.95,47.0
2026-09-23 05:14:00,4342.985,4343.085,4341.98,4342.34,134.0
2026-09-23 05:15:00,4342.39,4342.905,4342.025,4342.33,215.0
2026-09-23 05:16:00,4342.35,4343.065,4342.3,4343.06,158.0
2026-09-23 05:17:00,4343.07,4343.455,4343.015,4343.12,144.0
2026-09-23 05:18:00,4343.13,4343.36,4342.65,4342.84,134.0
2026-09-23 05:19:00,4342.82,4342.82,4341.765,4342.425,118.0
2026-09-23 05:20:00,4342.405,4342.61,4341.515,4342.27,232.0
2026-09-23 05:21:00,4342.325,4342.835,4342.245,4342.62,146.0
2026-09-23 05:22:00,4342.65,4342.67,4341.59,4341.955,102.0
2026-09-23 05:23:00,4341.805,4342.885,4341.685,4342.69,97.0
2026-09-23 05:24:00,4342.59,4342.695,4341.6,4341.985,114.0
2026-09-23 05:25:00,4341.935,4343.565,4341.585,4343.38,140.0
2026-09-23 05:26:00,4343.38,4343.43,4341.87,4342.235,95.0
2026-09-23 05:27:00,4342.26,4342.53,4341.725,4341.925,126.0
2026-09-23 05:28:00,4341.825,4341.825,4340.94,4340.995,262.0
2026-09-23 05:29:00,4340.975,4341.43,4340.345,4341.12,271.0
2026-09-23 05:30:00,4341.165,4342.295,4340.44,4340.9,607.0
2026-09-23 05:31:00,4340.905,4341.235,4338.24,4338.75,686.0
2026-09-23 05:32:00,4338.735,4339.22,4337.63,4338.445,353.0
2026-09-23 05:33:00,4338.535,4339.05,4337.655,4338.085,415.0
2026-09-23 05:34:00,4338.08,4338.51,4337.365,4337.79,173.0
2026-09-23 05:35:00,4337.84,4337.9,4337.0,4337.625,186.0
2026-09-23 05:36:00,4337.64,4337.69,4336.45,4337.13,237.0
2026-09-23 05:37:00,4337.18,4337.29,4335.75,4335.865,182.0
2026-09-23 05:38:00,4335.87,4336.095,4334.37,4335.345,294.0
2026-09-23 05:39:00,4335.295,4335.345,4334.37,4334.655,161.0
2026-09-23 05:40:00,4334.85,4335.23,4334.52,4334.715,406.0
2026-09-23 05:41:00,4334.8,4336.36,4334.63,4335.995,316.0
2026-09-23 05:42:00,4335.955,4336.005,4334.46,4335.365,211.0
2026-09-23 05:43:00,4335.265,4335.33,4329.435,4329.475,508.0
2026-09-23 05:44:00,4329.4,4330.815,4328.98,4329.305,447.0
2026-09-23 05:45:00,4329.405,4331.765,4329.405,4331.5,474.0
2026-09-23 05:46:00,4331.505,4331.62,4330.39,4331.04,335.0
2026-09-23 05:47:00,4331.07,4331.08,4330.13,4330.825,188.0
2026-09-23 05:48:00,4330.855,4331.045,4330.44,4330.595,258.0
2026-09-23 05:49:00,4330.865,4331.165,4329.26,4329.295,297.0
2026-09-23 05:50:00,4329.32,4330.97,4328.055,4330.51,431.0
2026-09-23 05:51:00,4330.515,4331.225,4330.455,4330.91,250.0
2026-09-23 05:52:00,4330.875,4331.845,4330.455,4330.785,227.0
2026-09-23 05:53:00,4330.835,4332.135,4330.82,4332.07,131.0
2026-09-23 05:54:00,4332.12,4333.155,4332.07,4332.76,213.0
2026-09-23 05:55:00,4332.71,4333.72,4332.53,4333.65,318.0
2026-09-23 05:56:00,4333.6,4335.1,4333.53,4335.1,413.0
2026-09-23 05:57:00,4335.075,4335.245,4334.855,4334.985,245.0
2026-09-23 05:58:00,4334.98,4335.275,4333.505,4334.21,289.0
2026-09-23 05:59:00,4334.215,4335.135,4333.985,4334.645,273.0
2026-09-23 06:00:00,4334.625,4336.775,4334.12,4334.74,490.0
2026-09-23 06:01:00,4334.79,4335.935,4334.5,4335.825,479.0
2026-09-23 06:02:00,4335.805,4336.305,4334.785,4336.075,528.0
2026-09-23 06:03:00,4336.205,4336.71,4335.015,4335.59,363.0
2026-09-23 06:04:00,4335.69,4336.115,4333.805,4335.235,473.0
2026-09-23 06:05:00,4335.205,4335.645,4334.29,4334.785,330.0
2026-09-23 06:06:00,4334.7,4335.445,4333.59,4335.425,377.0
2026-09-23 06:07:00,4335.345,4335.565,4333.955,4334.44,263.0
2026-09-23 06:08:00,4334.455,4334.72,4332.41,4332.805,333.0
2026-09-23 06:09:00,4332.86,4333.155,4331.38,4331.515,458.0
2026-09-23 06:10:00,4331.6,4331.855,4330.235,4331.065,325.0
2026-09-23 06:11:00,4331.115,4331.73,4330.13,4330.825,218.0
2026-09-23 06:12:00,4330.875,4330.98,4330.15,4330.375,144.0
2026-09-23 06:13:00,4330.315,4330.45,4329.735,4330.045,321.0
2026-09-23 06:14:00,4329.995,4331.16,4329.405,4330.745,257.0
2026-09-23 06:15:00,4330.74,4330.74,4327.39,4327.685,540.0
2026-09-23 06:16:00,4327.69,4328.37,4327.39,4327.855,321.0
2026-09-23 06:17:00,4327.85,4328.905,4327.835,4328.38,398.0
2026-09-23 06:18:00,4328.225,4329.745,4328.185,4329.56,287.0
2026-09-23 06:19:00,4329.51,4329.935,4329.22,4329.395,214.0
2026-09-23 06:20:00,4329.445,4329.945,4328.83,4329.615,257.0
2026-09-23 06:21:00,4329.565,4329.57,4326.14,4326.445,614.0
2026-09-23 06:22:00,4326.48,4329.315,4326.415,4329.225,509.0
2026-09-23 06:23:00,4329.22,4329.925,4327.76,4328.21,313.0
2026-09-23 06:24:00,4328.22,4330.07,4328.185,4330.055,514.0
2026-09-23 06:25:00,4330.06,4331.205,4329.975,4330.76,576.0
2026-09-23 06:26:00,4330.765,4330.765,4329.205,4329.915,348.0
2026-09-23 06:27:00,4329.96,4330.135,4329.235,4329.785,344.0
2026-09-23 06:28:00,4329.79,4330.13,4328.6,4329.225,444.0
2026-09-23 06:29:00,4329.235,4329.76,4328.715,4328.845,547.0
2026-09-23 06:30:00,4328.9,4330.29,4328.635,4330.225,636.0
2026-09-23 06:31:00,4330.23,4331.745,4329.76,4331.74,621.0
2026-09-23 06:32:00,4331.64,4331.91,4330.88,4331.665,567.0
2026-09-23 06:33:00,4331.66,4332.055,4330.59,4330.99,471.0
2026-09-23 06:34:00,4330.895,4332.16,4330.715,4331.83,455.0
2026-09-23 06:35:00,4331.835,4333.205,4331.39,4331.74,499.0
2026-09-23 06:36:00,4331.8,4333.31,4331.53,4333.03,510.0
2026-09-23 06:37:00,4333.0,4333.14,4332.465,4332.62,364.0
2026-09-23 06:38:00,4332.625,4333.31,4331.92,4333.23,389.0
2026-09-23 06:39:00,4333.235,4333.69,4332.96,4333.465,501.0
2026-09-23 06:40:00,4333.46,4334.51,4333.195,4333.8,469.0
2026-09-23 06:41:00,4333.765,4334.795,4333.645,4333.835,538.0
2026-09-23 06:42:00,4333.84,4334.12,4333.36,4333.61,509.0
2026-09-23 06:43:00,4333.615,4334.01,4333.14,4333.44,334.0
2026-09-23 06:44:00,4333.46,4334.84,4333.11,4334.355,487.0
2026-09-23 06:45:00,4334.31,4334.31,4331.83,4331.84,584.0
2026-09-23 06:46:00,4331.835,4332.86,4331.11,4332.62,495.0
2026-09-23 06:47:00,4332.625,4334.9,4332.62,4334.875,626.0
2026-09-23 06:48:00,4334.87,4336.82,4334.43,4336.515,503.0
2026-09-23 06:49:00,4336.525,4337.19,4335.755,4336.04,398.0
2026-09-23 06:50:00,4336.015,4336.05,4334.82,4334.93,498.0
2026-09-23 06:51:00,4334.965,4336.375,4334.965,4335.14,306.0
2026-09-23 06:52:00,4335.13,4335.32,4334.33,4334.385,272.0
2026-09-23 06:53:00,4334.45,4334.47,4332.895,4333.535,223.0
2026-09-23 06:54:00,4333.53,4333.72,4333.28,4333.435,218.0
2026-09-23 06:55:00,4333.49,4333.49,4332.495,4332.77,249.0
2026-09-23 06:56:00,4332.72,4333.03,4332.06,4332.565,226.0
2026-09-23 06:57:00,4332.515,4332.755,4331.34,4332.04,206.0
2026-09-23 06:58:00,4331.94,4332.19,4330.475,4330.475,392.0
2026-09-23 06:59:00,4330.48,4331.57,4330.205,4331.32,328.0
2026-09-23 07:00:00,4331.3,4332.715,4329.685,4329.785,590.0
2026-09-23 07:01:00,4329.79,4332.225,4329.735,4331.755,482.0
2026-09-23 07:02:00,4331.845,4332.05,4330.395,4330.42,382.0
2026-09-23 07:03:00,4330.425,4332.975,4330.335,4332.605,642.0
2026-09-23 07:04:00,4332.625,4332.66,4330.725,4331.42,540.0
2026-09-23 07:05:00,4331.47,4331.525,4329.565,4329.675,555.0
2026-09-23 07:06:00,4329.52,4331.13,4329.415,4329.745,426.0
2026-09-23 07:07:00,4329.75,4329.9,4328.39,4328.785,486.0
2026-09-23 07:08:00,4328.835,4329.44,4328.285,4328.52,305.0
2026-09-23 07:09:00,4328.47,4328.735,4327.485,4328.525,581.0
2026-09-23 07:10:00,4328.505,4328.505,4326.95,4327.58,781.0
2026-09-23 07:11:00,4327.56,4328.805,4326.685,4327.405,640.0
2026-09-23 07:12:00,4327.42,4327.52,4325.3,4325.3,633.0
2026-09-23 07:13:00,4325.22,4327.315,4324.585,4326.925,647.0
2026-09-23 07:14:00,4326.93,4327.145,4324.48,4324.755,433.0
2026-09-23 07:15:00,4324.78,4327.505,4324.78,4327.47,632.0
2026-09-23 07:16:00,4327.475,4328.67,4326.885,4328.635,268.0
2026-09-23 07:17:00,4328.615,4328.715,4326.89,4327.0,500.0
2026-09-23 07:18:00,4327.07,4327.445,4326.555,4327.135,476.0
2026-09-23 07:19:00,4327.145,4327.35,4325.67,4325.995,359.0
2026-09-23 07:20:00,4326.02,4327.125,4325.57,4327.035,296.0
2026-09-23 07:21:00,4327.03,4327.235,4326.74,4327.0,323.0
2026-09-23 07:22:00,4326.985,4327.18,4326.27,4326.77,386.0
2026-09-23 07:23:00,4326.74,4326.74,4325.25,4325.87,370.0
2026-09-23 07:24:00,4325.905,4326.565,4325.835,4326.185,279.0
2026-09-23 07:25:00,4326.13,4326.305,4324.31,4324.485,476.0
2026-09-23 07:26:00,4324.53,4324.66,4323.08,4323.125,387.0
2026-09-23 07:27:00,4323.12,4324.055,4322.3,4324.015,425.0
2026-09-23 07:28:00,4323.985,4325.4,4323.715,4324.23,330.0
2026-09-23 07:29:00,4324.16,4324.875,4323.375,4323.875,272.0
2026-09-23 07:30:00,4323.935,4325.24,4321.8,4323.36,816.0
2026-09-23 07:31:00,4323.41,4324.34,4321.85,4322.355,444.0
2026-09-23 07:32:00,4322.285,4322.705,4321.39,4322.3,432.0
2026-09-23 07:33:00,4322.305,4322.45,4320.11,4320.2,323.0
2026-09-23 07:34:00,4320.22,4321.36,4320.22,4320.78,400.0
2026-09-23 07:35:00,4320.8,4321.05,4319.575,4319.66,413.0
2026-09-23 07:36:00,4319.61,4320.35,4319.52,4319.855,309.0
2026-09-23 07:37:00,4319.95,4323.285,4319.765,4323.12,464.0
2026-09-23 07:38:00,4323.1,4323.29,4322.54,4323.16,462.0
2026-09-23 07:39:00,4323.165,4323.545,4321.985,4322.245,370.0
2026-09-23 07:40:00,4322.215,4322.675,4321.68,4322.12,255.0
2026-09-23 07:41:00,4322.02,4322.495,4320.76,4321.825,358.0
2026-09-23 07:42:00,4321.83,4322.74,4321.59,4322.58,385.0
2026-09-23 07:43:00,4322.285,4323.185,4321.875,4323.185,357.0
2026-09-23 07:44:00,4323.19,4323.585,4321.325,4322.585,381.0
2026-09-23 07:45:00,4322.58,4323.165,4322.31,4322.975,292.0
2026-09-23 07:46:00,4322.98,4323.03,4322.21,4322.225,173.0
2026-09-23 07:47:00,4322.18,4322.51,4321.115,4321.68,217.0
2026-09-23 07:48:00,4321.605,4322.175,4320.9,4321.765,235.0
2026-09-23 07:49:00,4321.905,4323.165,4321.775,4322.995,229.0
2026-09-23 07:50:00,4323.04,4323.8,4322.815,4323.445,330.0
2026-09-23 07:51:00,4323.46,4325.025,4323.33,4324.71,267.0
2026-09-23 07:52:00,4324.76,4324.975,4323.74,4323.95,208.0
2026-09-23 07:53:00,4323.955,4324.34,4322.705,4322.93,210.0
2026-09-23 07:54:00,4323.02,4323.105,4321.73,4322.24,187.0
2026-09-23 07:55:00,4322.225,4323.495,4321.91,4322.865,181.0
2026-09-23 07:56:00,4322.725,4325.6,4322.555,4324.965,327.0
2026-09-23 07:57:00,4325.09,4325.29,4321.46,4321.95,343.0
2026-09-23 07:58:00,4321.915,4321.915,4319.745,4319.865,266.0
2026-09-23 07:59:00,4319.86,4319.99,4318.98,4319.615,274.0
2026-09-23 08:00:00,4319.61,4321.465,4319.285,4320.06,604.0
2026-09-23 08:01:00,4320.01,4320.65,4318.55,4320.095,444.0
2026-09-23 08:02:00,4320.085,4321.33,4319.87,4320.305,583.0
2026-09-23 08:03:00,4320.295,4320.725,4319.38,4320.24,425.0
2026-09-23 08:04:00,4320.25,4320.45,4319.315,4319.92,259.0
2026-09-23 08:05:00,4319.885,4320.065,4318.55,4318.99,273.0
2026-09-23 08:06:00,4318.94,4320.76,4318.365,4320.68,406.0
2026-09-23 08:07:00,4320.72,4321.27,4319.655,4320.76,664.0
2026-09-23 08:08:00,4320.7,4320.805,4319.25,4319.955,455.0
2026-09-23 08:09:00,4319.94,4319.94,4317.735,4318.535,595.0
2026-09-23 08:10:00,4318.54,4319.0,4317.745,4318.43,497.0
2026-09-23 08:11:00,4318.395,4318.7,4317.365,4317.665,678.0
2026-09-23 08:12:00,4317.625,4319.295,4317.26,4319.165,567.0
2026-09-23 08:13:00,4319.175,4319.955,4319.11,4319.52,572.0
2026-09-23 08:14:00,4319.515,4319.87,4318.87,4319.855,496.0
2026-09-23 08:15:00,4319.865,4320.425,4319.51,4320.425,675.0
2026-09-23 08:16:00,4320.41,4320.665,4319.535,4320.23,506.0
2026-09-23 08:17:00,4320.255,4320.415,4317.305,4318.205,559.0
2026-09-23 08:18:00,4318.2,4318.275,4317.195,4317.91,402.0
2026-09-23 08:19:00,4317.905,4318.685,4317.34,4318.68,291.0
2026-09-23 08:20:00,4318.69,4320.06,4318.305,4319.06,379.0
2026-09-23 08:21:00,4319.055,4320.7,4319.01,4320.1,299.0
2026-09-23 08:22:00,4320.05,4320.94,4319.975,4320.94,339.0
2026-09-23 08:23:00,4320.925,4321.51,4320.235,4320.535,416.0
2026-09-23 08:24:00,4320.56,4321.9,4320.34,4321.785,337.0
2026-09-23 08:25:00,4321.83,4322.75,4320.145,4320.365,249.0
2026-09-23 08:26:00,4320.355,4320.41,4318.84,4319.66,344.0
2026-09-23 08:27:00,4319.61,4320.505,4319.61,4320.005,219.0
2026-09-23 08:28:00,4320.055,4320.105,4319.32,4320.09,298.0
2026-09-23 08:29:00,4320.04,4320.37,4318.93,4319.0,442.0
2026-09-23 08:30:00,4318.945,4320.4,4318.355,4319.445,483.0
2026-09-23 08:31:00,4319.5,4319.75,4317.415,4317.575,411.0
2026-09-23 08:32:00,4317.605,4318.275,4316.845,4317.255,471.0
2026-09-23 08:33:00,4317.085,4318.335,4316.58,4318.29,351.0
2026-09-23 08:34:00,4318.265,4318.745,4317.885,4318.655,203.0
2026-09-23 08:35:00,4318.675,4319.155,4318.395,4318.67,242.0
2026-09-23 08:36:00,4318.615,4320.12,4318.57,4320.11,385.0
2026-09-23 08:37:00,4320.055,4320.17,4317.945,4318.235,309.0
2026-09-23 08:38:00,4318.185,4318.185,4316.275,4317.035,288.0
2026-09-23 08:39:00,4316.985,4317.84,4316.83,4317.215,293.0
2026-09-23 08:40:00,4317.23,4317.96,4316.54,4317.855,364.0
2026-09-23 08:41:00,4317.875,4318.58,4317.875,4318.04,390.0
2026-09-23 08:42:00,4317.915,4317.995,4316.26,4316.36,247.0
2026-09-23 08:43:00,4316.285,4316.745,4315.985,4316.285,219.0
2026-09-23 08:44:00,4316.37,4316.725,4316.085,4316.57,258.0
2026-09-23 08:45:00,4316.56,4317.555,4316.25,4317.555,249.0
2026-09-23 08:46:00,4317.595,4317.9,4317.115,4317.375,339.0
2026-09-23 08:47:00,4317.35,4317.615,4315.51,4316.49,380.0
2026-09-23 08:48:00,4316.48,4318.055,4316.475,4318.055,302.0
2026-09-23 08:49:00,4318.03,4319.135,4317.85,4318.89,234.0
2026-09-23 08:50:00,4318.94,4318.94,4318.0,4318.47,275.0
2026-09-23 08:51:00,4318.385,4318.435,4316.715,4316.775,337.0
2026-09-23 08:52:00,4316.725,4317.765,4316.63,4317.01,225.0
2026-09-23 08:53:00,4317.06,4318.155,4317.04,4317.34,245.0
2026-09-23 08:54:00,4317.32,4317.705,4316.725,4317.155,284.0
2026-09-23 08:55:00,4317.155,4318.01,4317.12,4317.835,327.0
2026-09-23 08:56:00,4317.89,4318.05,4316.785,4317.0,342.0
2026-09-23 08:57:00,4316.995,4319.095,4316.875,4319.08,402.0
2026-09-23 08:58:00,4319.06,4319.47,4318.235,4318.515,356.0
2026-09-23 08:59:00,4318.505,4318.965,4318.175,4318.35,500.0
2026-09-23 09:00:00,4318.36,4319.21,4318.125,4318.555,620.0
2026-09-23 09:01:00,4318.53,4320.315,4318.515,4319.12,317.0
2026-09-23 09:02:00,4319.1,4320.52,4318.08,4320.515,461.0
2026-09-23 09:03:00,4320.49,4320.49,4318.815,4318.915,364.0
2026-09-23 09:04:00,4318.9,4319.79,4318.105,4318.105,473.0
2026-09-23 09:05:00,4318.09,4318.225,4317.345,4317.785,240.0
2026-09-23 09:06:00,4317.83,4318.35,4317.55,4318.02,228.0
2026-09-23 09:07:00,4318.04,4318.465,4317.57,4318.355,448.0
2026-09-23 09:08:00,4318.35,4319.175,4318.145,4319.135,289.0
2026-09-23 09:09:00,4319.12,4319.59,4319.055,4319.305,226.0
2026-09-23 09:10:00,4319.335,4319.39,4318.775,4319.09,220.0
2026-09-23 09:11:00,4319.15,4319.95,4318.675,4319.09,241.0
2026-09-23 09:12:00,4319.085,4320.565,4318.91,4319.94,451.0
2026-09-23 09:13:00,4319.92,4319.935,4319.18,4319.49,353.0
2026-09-23 09:14:00,4319.47,4320.28,4319.135,4320.15,357.0
2026-09-23 09:15:00,4320.13,4320.26,4318.985,4319.015,421.0
2026-09-23 09:16:00,4319.025,4319.355,4318.49,4318.605,313.0
2026-09-23 09:17:00,4318.66,4318.725,4317.745,4318.195,413.0
2026-09-23 09:18:00,4318.14,4318.38,4316.765,4316.765,478.0
2026-09-23 09:19:00,4316.765,4317.785,4315.735,4317.5,484.0
2026-09-23 09:20:00,4317.515,4318.16,4316.93,4317.755,394.0
2026-09-23 09:21:00,4317.82,4318.005,4316.18,4316.645,338.0
2026-09-23 09:22:00,4316.64,4318.84,4316.285,4318.23,303.0
2026-09-23 09:23:00,4318.21,4319.65,4318.145,4319.51,245.0
2026-09-23 09:24:00,4319.495,4319.675,4318.84,4319.375,470.0
2026-09-23 09:25:00,4319.385,4319.78,4319.1,4319.305,363.0
2026-09-23 09:26:00,4319.295,4320.09,4319.185,4319.9,304.0
2026-09-23 09:27:00,4319.805,4320.025,4319.355,4319.43,166.0
2026-09-23 09:28:00,4319.33,4319.585,4316.935,4316.935,208.0
2026-09-23 09:29:00,4316.95,4317.3,4316.055,4317.12,380.0
2026-09-23 09:30:00,4317.105,4319.025,4316.285,4318.76,366.0
2026-09-23 09:31:00,4318.675,4319.17,4316.425,4316.985,399.0
2026-09-23 09:32:00,4316.98,4317.02,4315.7,4316.775,570.0
2026-09-23 09:33:00,4316.75,4316.75,4314.33,4314.475,556.0
2026-09-23 09:34:00,4314.49,4314.87,4313.34,4313.845,387.0
2026-09-23 09:35:00,4313.82,4315.825,4313.65,4314.855,287.0
2026-09-23 09:36:00,4314.925,4315.34,4314.425,4314.54,271.0
2026-09-23 09:37:00,4314.625,4315.01,4313.925,4314.905,322.0
2026-09-23 09:38:00,4314.89,4315.345,4314.51,4315.345,275.0
2026-09-23 09:39:00,4315.115,4315.515,4314.595,4314.78,377.0
2026-09-23 09:40:00,4314.795,4314.88,4314.195,4314.42,395.0
2026-09-23 09:41:00,4314.47,4314.76,4314.245,4314.6,403.0
2026-09-23 09:42:00,4314.615,4315.055,4314.395,4314.71,353.0
2026-09-23 09:43:00,4314.69,4315.01,4314.5,4314.735,174.0
2026-09-23 09:44:00,4314.68,4316.56,4314.68,4316.445,201.0
2026-09-23 09:45:00,4316.335,4316.395,4314.79,4314.79,241.0
2026-09-23 09:46:00,4314.74,4314.79,4311.57,4311.875,296.0
2026-09-23 09:47:00,4311.975,4312.735,4311.37,4312.17,228.0
2026-09-23 09:48:00,4312.11,4312.445,4309.52,4309.855,656.0
2026-09-23 09:49:00,4309.815,4310.005,4308.44,4308.995,594.0
2026-09-23 09:50:00,4309.095,4311.465,4308.845,4311.16,499.0
2026-09-23 09:51:00,4311.195,4312.705,4310.94,4312.25,286.0
2026-09-23 09:52:00,4312.265,4313.06,4311.82,4312.385,474.0
2026-09-23 09:53:00,4312.285,4312.65,4311.64,4311.93,284.0
2026-09-23 09:54:00,4311.94,4312.745,4311.86,4312.535,520.0
2026-09-23 09:55:00,4312.55,4313.985,4312.345,4313.79,356.0
2026-09-23 09:56:00,4313.805,4314.18,4312.965,4313.62,417.0
2026-09-23 09:57:00,4313.625,4314.445,4313.365,4313.805,341.0
2026-09-23 09:58:00,4313.775,4314.57,4313.625,4314.525,270.0
2026-09-23 09:59:00,4314.505,4314.53,4313.65,4314.275,316.0
2026-09-23 10:00:00,4314.28,4314.93,4314.2,4314.62,474.0
2026-09-23 10:01:00,4314.61,4314.765,4313.81,4314.605,508.0
2026-09-23 10:02:00,4314.615,4317.0,4314.395,4316.935,526.0
2026-09-23 10:03:00,4316.94,4318.895,4316.52,4318.63,507.0
2026-09-23 10:04:00,4318.625,4319.035,4318.055,4318.065,299.0
2026-09-23 10:05:00,4318.005,4318.01,4316.32,4317.175,259.0
2026-09-23 10:06:00,4317.285,4317.37,4316.235,4316.485,313.0
2026-09-23 10:07:00,4316.525,4317.555,4316.23,4317.055,322.0
2026-09-23 10:08:00,4317.035,4317.195,4316.405,4316.615,171.0
2026-09-23 10:09:00,4316.61,4317.75,4316.335,4316.43,269.0
2026-09-23 10:10:00,4316.455,4316.72,4315.305,4315.795,326.0
2026-09-23 10:11:00,4315.775,4316.585,4315.705,4315.995,243.0
2026-09-23 10:12:00,4315.895,4316.395,4315.54,4315.865,165.0
2026-09-23 10:13:00,4315.93,4316.365,4315.265,4315.61,205.0
2026-09-23 10:14:00,4315.65,4317.01,4315.6,4316.7,315.0
2026-09-23 10:15:00,4316.55,4316.8,4315.785,4315.915,158.0
2026-09-23 10:16:00,4315.935,4315.935,4315.335,4315.785,202.0
2026-09-23 10:17:00,4315.805,4316.805,4315.805,4316.27,192.0
2026-09-23 10:18:00,4316.28,4316.79,4315.675,4316.03,232.0
2026-09-23 10:19:00,4316.08,4316.925,4315.975,4316.765,275.0
2026-09-23 10:20:00,4316.78,4316.82,4315.96,4316.575,254.0
2026-09-23 10:21:00,4316.59,4316.96,4315.955,4316.27,239.0
2026-09-23 10:22:00,4316.17,4316.325,4315.825,4316.095,137.0
2026-09-23 10:23:00,4316.145,4316.3,4314.735,4314.95,232.0
2026-09-23 10:24:00,4314.9,4315.685,4314.83,4315.54,174.0
2026-09-23 10:25:00,4315.6,4315.77,4314.785,4314.835,242.0
2026-09-23 10:26:00,4314.785,4315.705,4314.4,4315.7,185.0
2026-09-23 10:27:00,4315.75,4316.985,4315.67,4316.67,266.0
2026-09-23 10:28:00,4316.685,4317.34,4316.37,4316.62,208.0
2026-09-23 10:29:00,4316.52,4317.895,4316.37,4317.735,202.0
2026-09-23 10:30:00,4317.745,4319.07,4317.525,4317.93,271.0
2026-09-23 10:31:00,4317.925,4317.98,4316.65,4317.45,215.0
2026-09-23 10:32:00,4317.445,4318.855,4317.36,4317.77,326.0
2026-09-23 10:33:00,4317.775,4318.435,4316.155,4316.255,218.0
2026-09-23 10:34:00,4316.155,4316.615,4315.87,4315.985,290.0
2026-09-23 10:35:00,4316.085,4316.085,4314.895,4315.18,224.0
2026-09-23 10:36:00,4315.25,4316.915,4315.18,4316.675,162.0
2026-09-23 10:37:00,4316.695,4316.97,4315.68,4315.82,340.0
2026-09-23 10:38:00,4315.805,4316.355,4315.01,4315.435,277.0
2026-09-23 10:39:00,4315.445,4316.87,4315.225,4316.76,279.0
2026-09-23 10:40:00,4316.74,4316.77,4315.005,4315.22,199.0
2026-09-23 10:41:00,4315.3,4316.2,4314.655,4315.805,322.0
2026-09-23 10:42:00,4315.825,4316.405,4315.53,4315.665,229.0
2026-09-23 10:43:00,4315.685,4315.97,4314.63,4315.56,194.0
2026-09-23 10:44:00,4315.5,4316.39,4315.18,4315.8,216.0
2026-09-23 10:45:00,4315.775,4315.775,4314.54,4314.88,344.0
2026-09-23 10:46:00,4314.95,4315.295,4314.565,4314.73,219.0
2026-09-23 10:47:00,4314.78,4314.94,4312.93,4313.31,258.0
2026-09-23 10:48:00,4313.34,4314.065,4312.415,4312.71,356.0
2026-09-23 10:49:00,4312.725,4313.87,4312.67,4313.565,391.0
2026-09-23 10:50:00,4313.58,4314.255,4313.375,4313.745,431.0
2026-09-23 10:51:00,4313.76,4314.99,4313.75,4314.53,556.0
2026-09-23 10:52:00,4314.535,4314.855,4314.265,4314.565,336.0
2026-09-23 10:53:00,4314.57,4314.91,4314.495,4314.675,205.0
2026-09-23 10:54:00,4314.69,4316.125,4314.63,4315.63,349.0
2026-09-23 10:55:00,4315.635,4316.215,4314.46,4315.205,397.0
2026-09-23 10:56:00,4315.16,4315.995,4314.97,4314.97,227.0
2026-09-23 10:57:00,4315.04,4315.83,4314.195,4314.26,269.0
2026-09-23 10:58:00,4314.275,4315.705,4314.2,4315.23,233.0
2026-09-23 10:59:00,4315.285,4315.785,4314.905,4315.68,211.0
2026-09-23 11:00:00,4315.675,4316.22,4314.99,4316.19,471.0
2026-09-23 11:01:00,4316.235,4316.735,4315.775,4316.145,361.0
2026-09-23 11:02:00,4316.205,4316.91,4315.27,4315.38,333.0
2026-09-23 11:03:00,4315.44,4315.48,4312.835,4313.085,529.0
2026-09-23 11:04:00,4313.095,4315.3,4312.985,4315.03,373.0
2026-09-23 11:05:00,4314.955,4314.955,4314.34,4314.42,237.0
2026-09-23 11:06:00,4314.415,4314.995,4313.845,4314.77,355.0
2026-09-23 11:07:00,4314.755,4316.01,4314.465,4314.76,414.0
2026-09-23 11:08:00,4314.815,4315.45,4314.71,4314.735,439.0
2026-09-23 11:09:00,4314.665,4315.51,4314.53,4315.485,277.0
2026-09-23 11:10:00,4315.48,4316.5,4315.305,4316.455,441.0
2026-09-23 11:11:00,4316.395,4317.085,4316.105,4316.56,183.0
2026-09-23 11:12:00,4316.635,4316.685,4314.63,4315.38,438.0
2026-09-23 11:13:00,4315.4,4315.81,4314.575,4315.585,242.0
2026-09-23 11:14:00,4315.665,4316.03,4314.105,4315.16,293.0
2026-09-23 11:15:00,4315.165,4315.895,4314.44,4315.29,478.0
2026-09-23 11:16:00,4315.265,4315.265,4314.415,4314.755,229.0
2026-09-23 11:17:00,4314.805,4315.21,4313.67,4313.73,317.0
2026-09-23 11:18:00,4313.825,4314.42,4313.405,4314.025,316.0
2026-09-23 11:19:00,4314.0,4314.01,4310.765,4311.285,455.0
2026-09-23 11:20:00,4311.295,4311.845,4310.525,4310.595,545.0
2026-09-23 11:21:00,4310.58,4310.805,4309.075,4309.86,750.0
2026-09-23 11:22:00,4309.78,4309.84,4305.645,4307.155,739.0
2026-09-23 11:23:00,4307.095,4307.455,4304.725,4306.38,488.0
2026-09-23 11:24:00,4306.33,4306.33,4304.135,4305.69,384.0
2026-09-23 11:25:00,4305.695,4308.92,4305.695,4306.4,520.0
2026-09-23 11:26:00,4306.335,4306.745,4304.085,4304.095,523.0
2026-09-23 11:27:00,4304.085,4306.47,4303.88,4305.97,602.0
2026-09-23 11:28:00,4305.965,4307.71,4305.2,4307.635,614.0
2026-09-23 11:29:00,4307.675,4307.81,4305.795,4306.315,506.0
2026-09-23 11:30:00,4306.44,4306.96,4302.45,4302.575,619.0
2026-09-23 11:31:00,4302.565,4302.75,4301.615,4301.885,527.0
2026-09-23 11:32:00,4301.9,4302.75,4300.965,4301.7,604.0
2026-09-23 11:33:00,4301.695,4302.9,4301.695,4301.945,472.0
2026-09-23 11:34:00,4301.95,4303.055,4301.555,4302.34,622.0
2026-09-23 11:35:00,4302.35,4302.68,4301.05,4302.365,565.0
2026-09-23 11:36:00,4302.43,4303.735,4301.335,4302.42,572.0
2026-09-23 11:37:00,4302.405,4302.545,4299.6,4300.28,577.0
2026-09-23 11:38:00,4300.275,4300.71,4297.435,4297.74,592.0
2026-09-23 11:39:00,4297.695,4299.88,4294.62,4299.75,1108.0
2026-09-23 11:40:00,4299.725,4301.37,4298.275,4299.335,879.0
2026-09-23 11:41:00,4299.19,4301.885,4298.735,4301.52,745.0
2026-09-23 11:42:00,4301.49,4302.6,4301.035,4301.775,699.0
2026-09-23 11:43:00,4301.78,4303.0,4301.09,4302.82,550.0
2026-09-23 11:44:00,4302.83,4305.085,4302.62,4304.905,582.0
2026-09-23 11:45:00,4304.865,4306.915,4304.555,4306.72,562.0
2026-09-23 11:46:00,4306.705,4308.425,4306.535,4308.205,504.0
2026-09-23 11:47:00,4308.24,4308.615,4306.3,4307.09,540.0
2026-09-23 11:48:00,4307.055,4308.32,4304.78,4307.72,592.0
2026-09-23 11:49:00,4307.67,4308.45,4307.39,4307.485,375.0
2026-09-23 11:50:00,4307.405,4307.5,4305.905,4306.77,395.0
2026-09-23 11:51:00,4306.72,4307.925,4306.685,4307.69,278.0
2026-09-23 11:52:00,4307.645,4310.065,4307.645,4309.035,403.0
2026-09-23 11:53:00,4309.045,4309.885,4308.855,4308.91,380.0
2026-09-23 11:54:00,4308.95,4309.935,4308.515,4309.445,360.0
2026-09-23 11:55:00,4309.46,4309.7,4308.24,4309.49,381.0
2026-09-23 11:56:00,4309.41,4309.46,4308.15,4308.505,390.0
2026-09-23 11:57:00,4308.455,4309.42,4308.455,4309.365,299.0
2026-09-23 11:58:00,4309.415,4309.9,4308.505,4308.56,380.0
2026-09-23 11:59:00,4308.8,4309.985,4308.72,4309.63,423.0
2026-09-23 12:00:00,4309.61,4312.94,4309.145,4311.77,584.0
2026-09-23 12:01:00,4311.795,4313.48,4310.79,4312.96,772.0
2026-09-23 12:02:00,4312.965,4313.67,4312.56,4313.03,624.0
2026-09-23 12:03:00,4313.03,4313.98,4312.255,4313.49,721.0
2026-09-23 12:04:00,4313.495,4313.9,4312.37,4312.61,643.0
2026-09-23 12:05:00,4312.58,4314.395,4312.415,4314.105,701.0
2026-09-23 12:06:00,4314.11,4315.275,4314.0,4314.085,651.0
2026-09-23 12:07:00,4314.09,4315.2,4313.955,4314.0,583.0
2026-09-23 12:08:00,4314.075,4315.33,4313.615,4314.15,567.0
2026-09-23 12:09:00,4314.035,4314.095,4312.185,4313.63,409.0
2026-09-23 12:10:00,4313.615,4315.815,4312.865,4315.715,545.0
2026-09-23 12:11:00,4315.72,4316.985,4315.635,4316.51,656.0
2026-09-23 12:12:00,4316.525,4317.865,4316.49,4317.59,663.0
2026-09-23 12:13:00,4317.595,4317.695,4315.53,4317.095,737.0
2026-09-23 12:14:00,4317.045,4319.225,4316.685,4318.925,656.0
2026-09-23 12:15:00,4318.945,4318.945,4317.27,4318.03,576.0
2026-09-23 12:16:00,4318.035,4318.46,4315.43,4315.71,542.0
2026-09-23 12:17:00,4315.69,4316.605,4314.315,4314.315,475.0
2026-09-23 12:18:00,4314.33,4315.25,4314.13,4315.05,316.0
2026-09-23 12:19:00,4315.105,4316.4,4314.435,4314.995,891.0
2026-09-23 12:20:00,4314.97,4314.97,4312.435,4312.91,664.0
2026-09-23 12:21:00,4312.995,4313.005,4310.045,4311.25,756.0
2026-09-23 12:22:00,4311.265,4312.93,4310.57,4312.27,652.0
2026-09-23 12:23:00,4312.32,4312.445,4310.69,4311.65,505.0
2026-09-23 12:24:00,4311.67,4314.735,4311.65,4314.59,796.0
2026-09-23 12:25:00,4314.57,4314.895,4313.075,4314.03,535.0
2026-09-23 12:26:00,4314.05,4314.17,4312.055,4312.08,347.0
2026-09-23 12:27:00,4312.27,4313.31,4311.73,4312.0,363.0
2026-09-23 12:28:00,4312.315,4312.785,4310.75,4311.83,471.0
2026-09-23 12:29:00,4311.77,4312.225,4310.63,4311.245,364.0
2026-09-23 12:30:00,4311.085,4311.32,4308.745,4309.875,518.0
2026-09-23 12:31:00,4309.85,4310.405,4309.05,4309.68,424.0
2026-09-23 12:32:00,4309.675,4310.875,4308.06,4308.775,489.0
2026-09-23 12:33:00,4308.955,4309.255,4307.865,4308.875,551.0
2026-09-23 12:34:00,4308.89,4309.285,4308.365,4309.03,386.0
2026-09-23 12:35:00,4308.98,4309.695,4307.185,4307.235,470.0
2026-09-23 12:36:00,4307.31,4308.765,4307.235,4307.855,471.0
2026-09-23 12:37:00,4307.945,4308.08,4304.23,4304.36,454.0
2026-09-23 12:38:00,4304.265,4305.845,4303.715,4304.02,553.0
2026-09-23 12:39:00,4304.075,4304.57,4303.475,4303.83,557.0
2026-09-23 12:40:00,4303.785,4304.515,4302.005,4302.005,533.0
2026-09-23 12:41:00,4301.955,4303.9,4301.955,4303.545,460.0
2026-09-23 12:42:00,4303.595,4304.695,4302.71,4303.895,388.0
2026-09-23 12:43:00,4303.865,4306.075,4303.065,4306.075,614.0
2026-09-23 12:44:00,4306.06,4306.795,4303.92,4303.955,411.0
2026-09-23 12:45:00,4303.975,4304.175,4302.195,4303.45,407.0
2026-09-23 12:46:00,4303.38,4304.815,4302.94,4304.065,659.0
2026-09-23 12:47:00,4304.1,4307.065,4303.795,4306.025,772.0
2026-09-23 12:48:00,4306.04,4306.215,4304.71,4304.725,380.0
2026-09-23 12:49:00,4304.47,4304.82,4303.265,4304.225,252.0
2026-09-23 12:50:00,4304.125,4304.39,4303.34,4303.77,277.0
2026-09-23 12:51:00,4303.72,4303.77,4301.72,4301.93,259.0
2026-09-23 12:52:00,4301.925,4302.355,4301.28,4301.41,269.0
2026-09-23 12:53:00,4301.5,4303.45,4300.98,4301.91,416.0
2026-09-23 12:54:00,4301.915,4303.59,4301.755,4303.55,401.0
2026-09-23 12:55:00,4303.5,4305.14,4301.96,4304.59,449.0
2026-09-23 12:56:00,4304.645,4307.595,4304.465,4307.515,495.0
2026-09-23 12:57:00,4307.51,4308.005,4306.915,4307.4,340.0
2026-09-23 12:58:00,4307.34,4308.08,4306.33,4307.855,595.0
2026-09-23 12:59:00,4307.825,4310.95,4307.825,4309.835,567.0
2026-09-23 13:00:00,4309.98,4310.55,4305.53,4307.225,1339.0
2026-09-23 13:01:00,4307.38,4309.245,4306.275,4308.99,927.0
2026-09-23 13:02:00,4308.975,4310.69,4308.095,4309.58,799.0
2026-09-23 13:03:00,4309.63,4309.98,4306.31,4306.65,985.0
2026-09-23 13:04:00,4306.63,4306.71,4304.65,4305.675,993.0
2026-09-23 13:05:00,4305.715,4306.185,4304.12,4305.055,850.0
2026-09-23 13:06:00,4305.065,4306.215,4304.18,4304.635,1027.0
2026-09-23 13:07:00,4304.605,4305.94,4303.615,4303.615,1140.0
2026-09-23 13:08:00,4303.605,4303.605,4301.07,4302.1,1103.0
2026-09-23 13:09:00,4302.07,4302.685,4301.54,4301.735,1006.0
2026-09-23 13:10:00,4301.725,4302.39,4298.945,4299.335,1316.0
2026-09-23 13:11:00,4299.34,4301.065,4298.12,4300.76,845.0
2026-09-23 13:12:00,4300.75,4301.79,4299.29,4300.915,860.0
2026-09-23 13:13:00,4300.81,4302.51,4300.72,4302.135,710.0
2026-09-23 13:14:00,4302.125,4302.975,4300.24,4302.41,710.0
2026-09-23 13:15:00,4302.395,4306.18,4301.905,4305.61,804.0
2026-09-23 13:16:00,4305.69,4305.855,4303.265,4303.855,1011.0
2026-09-23 13:17:00,4303.86,4304.02,4302.335,4303.465,707.0
2026-09-23 13:18:00,4303.46,4304.1,4301.83,4301.87,695.0
2026-09-23 13:19:00,4301.86,4303.085,4301.725,4302.62,938.0
2026-09-23 13:20:00,4302.545,4304.955,4302.325,4303.78,721.0
2026-09-23 13:21:00,4303.77,4305.275,4303.31,4303.83,802.0
2026-09-23 13:22:00,4303.78,4305.24,4303.61,4304.735,641.0
2026-09-23 13:23:00,4304.76,4305.98,4303.96,4304.18,702.0
2026-09-23 13:24:00,4304.19,4306.88,4304.095,4304.185,2221.0
2026-09-23 13:25:00,4304.19,4308.62,4303.955,4308.065,1255.0
2026-09-23 13:26:00,4308.055,4309.105,4307.635,4307.915,997.0
2026-09-23 13:27:00,4307.91,4310.705,4307.755,4309.99,1029.0
2026-09-23 13:28:00,4310.065,4311.875,4310.035,4311.725,946.0
2026-09-23 13:29:00,4311.735,4312.425,4311.11,4312.215,1114.0
2026-09-23 13:30:00,4312.245,4313.56,4308.015,4308.175,1553.0
2026-09-23 13:31:00,4308.185,4308.34,4304.13,4304.53,1555.0
2026-09-23 13:32:00,4304.545,4305.38,4302.98,4304.375,1675.0
2026-09-23 13:33:00,4304.31,4304.42,4302.49,4303.305,1061.0
2026-09-23 13:34:00,4303.345,4303.57,4301.025,4301.24,1037.0
2026-09-23 13:35:00,4301.185,4302.61,4298.75,4300.465,1734.0
2026-09-23 13:36:00,4300.47,4304.87,4299.97,4304.32,1468.0
2026-09-23 13:37:00,4304.295,4304.47,4301.72,4302.555,1176.0
2026-09-23 13:38:00,4302.56,4305.265,4301.845,4303.61,998.0
2026-09-23 13:39:00,4303.63,4304.62,4302.585,4303.42,614.0
2026-09-23 13:40:00,4303.46,4304.315,4302.525,4302.56,711.0
2026-09-23 13:41:00,4302.565,4302.69,4299.4,4300.005,963.0
2026-09-23 13:42:00,4300.075,4300.13,4286.895,4287.79,1866.0
2026-09-23 13:43:00,4287.785,4291.495,4286.795,4288.83,1316.0
2026-09-23 13:44:00,4288.88,4293.015,4288.88,4292.635,532.0
2026-09-23 13:45:00,4291.395,4291.395,4284.19,4284.36,1803.0
2026-09-23 13:46:00,4284.375,4286.115,4282.735,4284.56,1640.0
2026-09-23 13:47:00,4284.565,4286.1,4280.74,4284.48,2067.0
2026-09-23 13:48:00,4284.39,4287.13,4284.165,4285.11,1617.0
2026-09-23 13:49:00,4285.18,4286.035,4282.57,4285.0,1639.0
2026-09-23 13:50:00,4284.98,4289.835,4284.73,4287.475,1689.0
2026-09-23 13:51:00,4287.49,4287.555,4284.79,4285.54,1499.0
2026-09-23 13:52:00,4285.59,4287.195,4282.835,4286.39,1791.0
2026-09-23 13:53:00,4286.385,4287.02,4282.665,4282.825,1606.0
2026-09-23 13:54:00,4282.77,4284.395,4282.42,4283.26,1468.0
2026-09-23 13:55:00,4283.265,4285.445,4281.45,4282.7,1273.0
2026-09-23 13:56:00,4282.685,4284.62,4281.72,4283.685,1726.0
2026-09-23 13:57:00,4283.69,4286.775,4283.405,4286.775,1660.0
2026-09-23 13:58:00,4286.78,4287.115,4284.855,4285.805,1228.0
2026-09-23 13:59:00,4285.82,4286.655,4283.535,4284.02,1247.0
2026-09-23 14:00:00,4284.015,4290.41,4283.605,4289.015,1745.0
2026-09-23 14:01:00,4289.02,4290.315,4287.05,4289.795,1158.0
2026-09-23 14:02:00,4289.815,4291.08,4287.74,4288.535,1079.0
2026-09-23 14:03:00,4288.55,4290.47,4288.055,4288.655,830.0
2026-09-23 14:04:00,4288.63,4292.075,4288.63,4290.165,782.0
2026-09-23 14:05:00,4290.225,4290.85,4286.585,4287.46,873.0
2026-09-23 14:06:00,4287.56,4289.05,4286.055,4288.525,914.0
2026-09-23 14:07:00,4288.425,4288.94,4286.97,4288.56,799.0
2026-09-23 14:08:00,4288.61,4293.02,4288.38,4292.8,809.0
2026-09-23 14:09:00,4292.8,4293.49,4291.15,4291.735,712.0
2026-09-23 14:10:00,4291.755,4292.245,4286.765,4288.475,832.0
2026-09-23 14:11:00,4288.525,4288.64,4284.585,4286.665,1768.0
2026-09-23 14:12:00,4286.675,4288.455,4285.28,4285.285,852.0
2026-09-23 14:13:00,4285.305,4286.21,4283.505,4284.895,1112.0
2026-09-23 14:14:00,4284.915,4285.35,4282.085,4283.75,1114.0
2026-09-23 14:15:00,4283.69,4287.52,4282.295,4285.625,1181.0
2026-09-23 14:16:00,4285.675,4286.735,4284.935,4286.445,683.0
2026-09-23 14:17:00,4286.395,4286.88,4280.185,4280.29,802.0
2026-09-23 14:18:00,4280.22,4281.85,4279.215,4280.315,1709.0
2026-09-23 14:19:00,4280.32,4281.755,4278.015,4278.19,1657.0
2026-09-23 14:20:00,4278.245,4281.795,4278.245,4280.905,1434.0
2026-09-23 14:21:00,4280.93,4281.945,4279.16,4281.06,1167.0
2026-09-23 14:22:00,4281.12,4282.835,4278.34,4282.32,1106.0
2026-09-23 14:23:00,4282.215,4283.16,4280.35,4282.17,1105.0
2026-09-23 14:24:00,4282.165,4284.265,4280.855,4284.2,783.0
2026-09-23 14:25:00,4284.21,4285.04,4280.505,4281.045,1360.0
2026-09-23 14:26:00,4281.005,4281.785,4279.155,4280.805,1288.0
2026-09-23 14:27:00,4280.795,4280.985,4278.02,4278.405,884.0
2026-09-23 14:28:00,4278.38,4280.92,4277.815,4280.67,1192.0
2026-09-23 14:29:00,4280.655,4281.025,4278.565,4280.73,1249.0
2026-09-23 14:30:00,4280.685,4285.815,4280.42,4282.76,1589.0
2026-09-23 14:31:00,4282.775,4284.895,4282.29,4284.03,1621.0
2026-09-23 14:32:00,4284.045,4286.66,4283.035,4285.33,1340.0
2026-09-23 14:33:00,4285.35,4289.985,4285.35,4289.66,1321.0
2026-09-23 14:34:00,4289.655,4290.705,4288.775,4289.265,1057.0
2026-09-23 14:35:00,4289.275,4290.905,4289.275,4290.905,864.0
2026-09-23 14:36:00,4290.9,4291.035,4288.24,4289.24,945.0
2026-09-23 14:37:00,4289.235,4292.28,4286.735,4287.88,1593.0
2026-09-23 14:38:00,4288.055,4288.71,4285.935,4286.19,1325.0
2026-09-23 14:39:00,4286.185,4287.035,4282.365,4282.44,1010.0
2026-09-23 14:40:00,4282.465,4284.735,4282.465,4284.38,862.0
2026-09-23 14:41:00,4284.47,4287.04,4283.655,4286.735,1016.0
2026-09-23 14:42:00,4286.72,4288.14,4286.02,4287.21,1048.0
2026-09-23 14:43:00,4287.215,4288.13,4285.955,4287.675,1225.0
2026-09-23 14:44:00,4287.705,4288.07,4286.86,4286.885,1188.0
2026-09-23 14:45:00,4286.88,4287.695,4285.28,4285.645,1236.0
2026-09-23 14:46:00,4285.61,4286.76,4284.365,4285.83,1084.0
2026-09-23 14:47:00,4285.835,4288.17,4285.795,4286.27,1004.0
2026-09-23 14:48:00,4286.21,4288.16,4284.94,4285.73,804.0
2026-09-23 14:49:00,4285.74,4287.33,4284.845,4285.965,800.0
2026-09-23 14:50:00,4285.93,4286.79,4284.19,4284.275,672.0
2026-09-23 14:51:00,4284.345,4291.845,4284.345,4290.145,1519.0
2026-09-23 14:52:00,4290.15,4293.405,4289.5,4293.1,2215.0
2026-09-23 14:53:00,4293.12,4298.54,4293.115,4298.175,1804.0
2026-09-23 14:54:00,4298.185,4298.74,4295.59,4297.48,2306.0
2026-09-23 14:55:00,4297.445,4297.445,4293.2,4296.31,1920.0
2026-09-23 14:56:00,4296.315,4296.545,4292.455,4292.795,1288.0
2026-09-23 14:57:00,4292.825,4295.395,4291.635,4294.79,1063.0
2026-09-23 14:58:00,4294.795,4294.91,4290.97,4291.91,932.0
2026-09-23 14:59:00,4291.905,4294.44,4291.295,4294.395,999.0
2026-09-23 15:00:00,4294.46,4295.0,4291.135,4293.385,1079.0
2026-09-23 15:01:00,4293.38,4295.61,4292.26,4292.605,1023.0
2026-09-23 15:02:00,4292.545,4294.235,4292.055,4293.44,922.0
2026-09-23 15:03:00,4293.42,4293.595,4291.915,4293.025,1123.0
2026-09-23 15:04:00,4293.04,4293.195,4289.51,4290.355,899.0
2026-09-23 15:05:00,4290.295,4291.7,4289.62,4290.975,1092.0
2026-09-23 15:06:00,4290.98,4291.62,4289.61,4290.53,810.0
2026-09-23 15:07:00,4290.545,4292.89,4290.025,4292.76,742.0
2026-09-23 15:08:00,4292.77,4295.2,4292.71,4294.015,605.0
2026-09-23 15:09:00,4294.03,4294.8,4293.6,4294.45,736.0
2026-09-23 15:10:00,4294.47,4297.47,4294.34,4296.95,758.0
2026-09-23 15:11:00,4297.01,4297.43,4294.37,4294.915,704.0
2026-09-23 15:12:00,4294.9,4297.125,4294.745,4295.215,532.0
2026-09-23 15:13:00,4295.29,4295.415,4293.8,4295.16,619.0
2026-09-23 15:14:00,4295.21,4296.255,4294.205,4294.25,476.0
2026-09-23 15:15:00,4294.24,4295.4,4292.94,4292.995,625.0
2026-09-23 15:16:00,4293.02,4293.625,4292.345,4292.8,1153.0
2026-09-23 15:17:00,4292.805,4292.915,4290.19,4291.08,886.0
2026-09-23 15:18:00,4291.075,4292.125,4290.065,4291.615,637.0
2026-09-23 15:19:00,4291.625,4293.19,4291.16,4293.115,562.0
2026-09-23 15:20:00,4293.13,4293.66,4292.445,4292.745,449.0
2026-09-23 15:21:00,4292.645,4292.645,4290.68,4291.015,420.0
2026-09-23 15:22:00,4291.01,4292.515,4290.98,4292.31,395.0
2026-09-23 15:23:00,4292.29,4293.52,4291.44,4291.44,648.0
2026-09-23 15:24:00,4291.445,4291.915,4290.615,4291.875,594.0
2026-09-23 15:25:00,4291.88,4293.605,4291.74,4293.19,644.0
2026-09-23 15:26:00,4293.225,4294.005,4289.95,4290.9,745.0
2026-09-23 15:27:00,4290.925,4291.46,4289.465,4289.665,469.0
2026-09-23 15:28:00,4289.76,4289.76,4286.41,4286.65,483.0
2026-09-23 15:29:00,4286.7,4286.8,4282.955,4283.46,928.0
2026-09-23 15:30:00,4283.5,4284.46,4281.775,4284.28,1168.0
2026-09-23 15:31:00,4284.27,4284.27,4281.5,4282.505,892.0
2026-09-23 15:32:00,4282.515,4283.58,4281.84,4282.795,1037.0
2026-09-23 15:33:00,4282.805,4283.65,4281.73,4281.75,800.0
2026-09-23 15:34:00,4281.755,4284.295,4280.545,4284.09,1037.0
2026-09-23 15:35:00,4284.035,4285.965,4282.87,4285.26,1009.0
2026-09-23 15:36:00,4285.285,4285.97,4283.05,4283.12,880.0
2026-09-23 15:37:00,4283.125,4283.46,4281.365,4282.18,812.0
2026-09-23 15:38:00,4282.195,4283.085,4281.38,4281.465,880.0
2026-09-23 15:39:00,4281.47,4282.69,4278.83,4279.895,896.0
2026-09-23 15:40:00,4279.845,4280.765,4279.135,4280.165,711.0
2026-09-23 15:41:00,4280.15,4281.255,4279.315,4279.52,699.0
2026-09-23 15:42:00,4279.5,4282.715,4279.5,4282.61,505.0
2026-09-23 15:43:00,4282.66,4283.645,4281.61,4283.445,418.0
2026-09-23 15:44:00,4283.61,4284.675,4283.015,4284.09,260.0
2026-09-23 15:45:00,4284.04,4285.33,4283.465,4284.955,416.0
2026-09-23 15:46:00,4284.95,4285.05,4284.305,4284.805,457.0
2026-09-23 15:47:00,4284.9,4284.915,4281.755,4282.4,466.0
2026-09-23 15:48:00,4282.2,4283.59,4279.71,4280.165,487.0
2026-09-23 15:49:00,4280.23,4280.655,4277.65,4278.225,643.0
2026-09-23 15:50:00,4278.135,4280.095,4277.775,4279.715,608.0
2026-09-23 15:51:00,4279.75,4280.49,4278.355,4280.33,670.0
2026-09-23 15:52:00,4280.295,4281.29,4279.805,4280.35,665.0
2026-09-23 15:53:00,4280.425,4281.11,4279.56,4280.51,576.0
2026-09-23 15:54:00,4280.49,4281.54,4280.29,4281.245,480.0
2026-09-23 15:55:00,4281.24,4282.05,4281.09,4281.205,758.0
2026-09-23 15:56:00,4281.215,4282.01,4280.72,4281.875,652.0
2026-09-23 15:57:00,4281.83,4282.755,4281.3,4282.055,413.0
2026-09-23 15:58:00,4282.165,4282.575,4281.475,4282.31,317.0
2026-09-23 15:59:00,4282.36,4282.385,4281.28,4282.32,365.0
2026-09-23 16:00:00,4282.28,4283.385,4281.73,4282.095,393.0
2026-09-23 16:01:00,4282.075,4282.485,4281.115,4281.29,401.0
2026-09-23 16:02:00,4281.26,4281.605,4279.165,4279.61,296.0
2026-09-23 16:03:00,4279.51,4280.275,4279.33,4280.07,334.0
2026-09-23 16:04:00,4280.12,4280.265,4278.72,4279.24,432.0
2026-09-23 16:05:00,4279.12,4280.6,4278.485,4280.425,433.0
2026-09-23 16:06:00,4280.47,4281.4,4279.5,4280.53,462.0
2026-09-23 16:07:00,4280.485,4283.12,4280.485,4282.74,540.0
2026-09-23 16:08:00,4282.755,4284.55,4282.61,4283.35,464.0
2026-09-23 16:09:00,4283.315,4283.32,4282.345,4282.845,280.0
2026-09-23 16:10:00,4282.595,4282.74,4281.93,4282.405,343.0
2026-09-23 16:11:00,4282.43,4283.095,4281.995,4282.435,418.0
2026-09-23 16:12:00,4282.92,4284.13,4282.895,4283.735,337.0
2026-09-23 16:13:00,4283.75,4283.835,4282.96,4283.495,332.0
2026-09-23 16:14:00,4283.485,4283.57,4282.565,4283.285,259.0
2026-09-23 16:15:00,4283.235,4284.25,4282.605,4284.075,274.0
2026-09-23 16:16:00,4284.025,4284.985,4283.365,4283.555,314.0
2026-09-23 16:17:00,4283.455,4283.95,4283.19,4283.885,399.0
2026-09-23 16:18:00,4283.915,4284.64,4283.275,4283.625,328.0
2026-09-23 16:19:00,4283.65,4284.655,4282.57,4284.38,583.0
2026-09-23 16:20:00,4284.345,4284.48,4283.69,4284.105,415.0
2026-09-23 16:21:00,4284.155,4284.49,4283.425,4284.405,201.0
2026-09-23 16:22:00,4284.415,4284.415,4282.975,4283.58,250.0
2026-09-23 16:23:00,4283.54,4283.58,4282.68,4283.105,407.0
2026-09-23 16:24:00,4283.17,4283.595,4282.3,4282.41,234.0
2026-09-23 16:25:00,4282.395,4285.075,4282.195,4285.0,469.0
2026-09-23 16:26:00,4285.055,4285.535,4284.435,4284.505,370.0
2026-09-23 16:27:00,4284.51,4285.09,4284.19,4284.565,141.0
2026-09-23 16:28:00,4284.515,4285.615,4283.655,4285.105,326.0
2026-09-23 16:29:00,4285.04,4285.865,4284.305,4285.855,397.0
2026-09-23 16:30:00,4285.85,4286.835,4285.85,4286.35,543.0
2026-09-23 16:31:00,4286.34,4286.465,4284.88,4286.0,573.0
2026-09-23 16:32:00,4285.965,4286.785,4285.505,4285.63,661.0
2026-09-23 16:33:00,4285.625,4287.445,4285.4,4287.28,508.0
2026-09-23 16:34:00,4287.275,4288.095,4286.905,4287.005,296.0
2026-09-23 16:35:00,4287.0,4287.125,4286.1,4286.695,224.0
2026-09-23 16:36:00,4286.645,4288.755,4286.56,4288.225,294.0
2026-09-23 16:37:00,4288.205,4289.205,4288.15,4288.83,279.0
2026-09-23 16:38:00,4288.835,4289.705,4288.245,4289.67,305.0
2026-09-23 16:39:00,4289.665,4289.845,4287.84,4287.995,383.0
2026-09-23 16:40:00,4288.0,4288.07,4286.995,4287.77,350.0
2026-09-23 16:41:00,4287.82,4288.14,4286.815,4287.145,297.0
2026-09-23 16:42:00,4287.195,4287.95,4286.26,4286.41,294.0
2026-09-23 16:43:00,4286.39,4288.135,4286.125,4287.575,250.0
2026-09-23 16:44:00,4287.78,4288.135,4286.275,4286.275,231.0
2026-09-23 16:45:00,4286.255,4287.03,4284.14,4285.635,1332.0
2026-09-23 16:46:00,4285.645,4286.3,4285.335,4285.59,879.0
2026-09-23 16:47:00,4285.695,4286.7,4284.165,4285.05,609.0
2026-09-23 16:48:00,4285.025,4285.205,4284.025,4284.95,610.0
2026-09-23 16:49:00,4285.0,4285.145,4281.255,4283.095,633.0
2026-09-23 16:50:00,4283.145,4284.465,4282.715,4283.42,716.0
2026-09-23 16:51:00,4283.29,4283.39,4281.09,4281.19,856.0
2026-09-23 16:52:00,4281.22,4281.845,4279.94,4280.515,738.0
2026-09-23 16:53:00,4280.505,4281.94,4279.045,4281.94,853.0
2026-09-23 16:54:00,4281.96,4284.01,4281.95,4283.07,630.0
2026-09-23 16:55:00,4283.025,4284.34,4282.61,4283.555,540.0
2026-09-23 16:56:00,4283.565,4285.04,4282.905,4284.745,536.0
2026-09-23 16:57:00,4284.81,4285.305,4283.875,4284.065,461.0
2026-09-23 16:58:00,4284.015,4286.125,4283.84,4285.54,431.0
2026-09-23 16:59:00,4285.525,4285.995,4284.955,4284.975,250.0
2026-09-23 17:00:00,4285.07,4285.45,4284.07,4284.545,400.0
2026-09-23 17:01:00,4284.54,4285.9,4284.415,4284.96,626.0
2026-09-23 17:02:00,4284.975,4285.475,4275.715,4277.035,2427.0
2026-09-23 17:03:00,4277.025,4281.545,4276.49,4277.505,1931.0
2026-09-23 17:04:00,4277.495,4279.97,4277.4,4278.545,1476.0
2026-09-23 17:05:00,4278.535,4280.85,4278.28,4280.125,1219.0
2026-09-23 17:06:00,4280.14,4281.005,4278.71,4280.735,1029.0
2026-09-23 17:07:00,4280.725,4281.795,4280.03,4281.06,1235.0
2026-09-23 17:08:00,4281.045,4283.29,4280.785,4282.185,972.0
2026-09-23 17:09:00,4282.19,4284.08,4281.65,4283.8,1232.0
2026-09-23 17:10:00,4283.855,4284.255,4283.02,4283.94,1129.0
2026-09-23 17:11:00,4283.92,4285.395,4280.635,4280.78,909.0
2026-09-23 17:12:00,4280.835,4280.98,4277.725,4279.375,1211.0
2026-09-23 17:13:00,4279.215,4279.895,4278.3,4278.665,541.0
2026-09-23 17:14:00,4278.575,4279.52,4278.11,4279.05,490.0
2026-09-23 17:15:00,4279.15,4279.575,4276.925,4277.505,541.0
2026-09-23 17:16:00,4277.555,4278.915,4276.8,4278.695,430.0
2026-09-23 17:17:00,4278.68,4280.135,4278.11,4280.08,394.0
2026-09-23 17:18:00,4280.07,4280.65,4279.115,4279.14,401.0
2026-09-23 17:19:00,4279.115,4281.095,4278.76,4279.965,431.0
2026-09-23 17:20:00,4279.945,4282.33,4279.505,4282.31,521.0
2026-09-23 17:21:00,4282.325,4283.815,4281.915,4283.31,480.0
2026-09-23 17:22:00,4283.305,4283.53,4281.71,4282.97,343.0
2026-09-23 17:23:00,4283.07,4284.145,4282.495,4283.795,368.0
2026-09-23 17:24:00,4283.83,4283.88,4282.32,4282.445,586.0
2026-09-23 17:25:00,4282.405,4282.99,4281.85,4282.105,441.0
2026-09-23 17:26:00,4282.155,4282.615,4281.45,4282.425,326.0
2026-09-23 17:27:00,4282.63,4283.69,4281.235,4281.28,733.0
2026-09-23 17:28:00,4281.29,4283.1,4281.29,4281.335,897.0
2026-09-23 17:29:00,4281.39,4282.71,4281.16,4282.325,1230.0
2026-09-23 17:30:00,4282.28,4282.585,4281.0,4281.945,631.0
2026-09-23 17:31:00,4281.925,4282.04,4279.15,4279.27,492.0
2026-09-23 17:32:00,4279.25,4279.25,4277.26,4278.54,613.0
2026-09-23 17:33:00,4278.535,4279.68,4277.415,4279.58,453.0
2026-09-23 17:34:00,4279.6,4281.425,4279.385,4280.82,436.0
2026-09-23 17:35:00,4280.785,4280.805,4278.995,4279.135,605.0
2026-09-23 17:36:00,4279.14,4279.215,4277.84,4278.675,470.0
2026-09-23 17:37:00,4278.67,4280.975,4278.67,4280.17,516.0
2026-09-23 17:38:00,4280.185,4280.48,4279.045,4279.52,416.0
2026-09-23 17:39:00,4279.46,4279.755,4275.735,4276.54,681.0
2026-09-23 17:40:00,4276.52,4279.715,4274.745,4279.4,1045.0
2026-09-23 17:41:00,4279.405,4284.145,4278.725,4283.31,1827.0
2026-09-23 17:42:00,4283.285,4286.855,4282.59,4286.33,1509.0
2026-09-23 17:43:00,4286.455,4288.085,4285.73,4286.86,934.0
2026-09-23 17:44:00,4286.775,4289.665,4285.395,4288.23,961.0
2026-09-23 17:45:00,4288.235,4289.665,4287.775,4289.665,1048.0
2026-09-23 17:46:00,4289.655,4289.805,4287.095,4287.295,812.0
2026-09-23 17:47:00,4287.27,4290.95,4287.18,4289.895,700.0
2026-09-23 17:48:00,4289.885,4290.405,4288.9,4289.42,546.0
2026-09-23 17:49:00,4289.365,4290.965,4288.935,4290.785,602.0
2026-09-23 17:50:00,4290.915,4291.59,4289.74,4289.74,627.0
2026-09-23 17:51:00,4289.78,4291.04,4289.01,4289.525,921.0
2026-09-23 17:52:00,4289.54,4291.295,4289.54,4290.64,610.0
2026-09-23 17:53:00,4290.69,4291.71,4290.42,4291.4,441.0
2026-09-23 17:54:00,4291.5,4291.745,4290.755,4291.37,591.0
2026-09-23 17:55:00,4291.365,4291.65,4289.07,4289.085,885.0
2026-09-23 17:56:00,4289.095,4290.22,4288.92,4289.865,632.0
2026-09-23 17:57:00,4289.855,4292.01,4289.455,4291.695,775.0
2026-09-23 17:58:00,4291.7,4293.365,4291.7,4291.965,444.0
2026-09-23 17:59:00,4291.97,4293.115,4291.97,4293.015,240.0
2026-09-23 18:00:00,4293.065,4293.57,4292.605,4293.28,546.0
2026-09-23 18:01:00,4293.29,4294.705,4293.11,4293.97,519.0
2026-09-23 18:02:00,4293.965,4294.94,4293.13,4293.145,557.0
2026-09-23 18:03:00,4293.255,4293.475,4290.935,4291.3,394.0
2026-09-23 18:04:00,4291.315,4291.565,4290.31,4290.725,661.0
2026-09-23 18:05:00,4290.675,4290.795,4289.475,4290.14,431.0
2026-09-23 18:06:00,4290.095,4291.09,4290.04,4290.21,742.0
2026-09-23 18:07:00,4290.195,4290.9,4289.63,4290.63,514.0
2026-09-23 18:08:00,4290.655,4291.125,4290.415,4290.56,405.0
2026-09-23 18:09:00,4290.55,4290.825,4290.135,4290.38,328.0
2026-09-23 18:10:00,4290.31,4290.65,4289.38,4289.705,513.0
2026-09-23 18:11:00,4289.805,4290.235,4289.38,4289.545,243.0
2026-09-23 18:12:00,4289.64,4289.64,4288.3,4288.725,263.0
2026-09-23 18:13:00,4288.775,4289.86,4288.45,4289.405,346.0
2026-09-23 18:14:00,4289.365,4289.835,4289.19,4289.4,378.0
2026-09-23 18:15:00,4289.385,4290.49,4289.0,4290.33,403.0
2026-09-23 18:16:00,4290.38,4290.79,4288.505,4288.53,328.0
2026-09-23 18:17:00,4288.58,4291.02,4288.58,4290.33,500.0
2026-09-23 18:18:00,4290.4,4291.185,4290.08,4290.19,474.0
2026-09-23 18:19:00,4290.175,4291.495,4290.085,4290.17,392.0
2026-09-23 18:20:00,4290.14,4290.85,4290.05,4290.575,431.0
2026-09-23 18:21:00,4290.725,4290.94,4288.08,4288.57,411.0
2026-09-23 18:22:00,4288.625,4289.8,4288.59,4288.735,568.0
2026-09-23 18:23:00,4288.715,4290.035,4288.18,4288.2,560.0
2026-09-23 18:24:00,4288.205,4288.245,4287.835,4288.02,436.0
2026-09-23 18:25:00,4287.995,4288.545,4287.28,4287.635,438.0
2026-09-23 18:26:00,4287.705,4288.09,4286.745,4287.065,499.0
2026-09-23 18:27:00,4287.075,4287.545,4286.26,4286.525,377.0
2026-09-23 18:28:00,4286.51,4286.565,4284.365,4284.815,512.0
2026-09-23 18:29:00,4284.82,4286.31,4283.795,4286.12,460.0
2026-09-23 18:30:00,4286.21,4286.23,4284.715,4285.15,787.0
2026-09-23 18:31:00,4285.185,4287.42,4285.145,4287.385,650.0
2026-09-23 18:32:00,4287.445,4287.455,4286.305,4287.085,588.0
2026-09-23 18:33:00,4287.075,4287.47,4286.41,4286.73,479.0
2026-09-23 18:34:00,4286.7,4287.35,4286.22,4286.71,380.0
2026-09-23 18:35:00,4286.78,4287.645,4286.58,4287.47,419.0
2026-09-23 18:36:00,4287.505,4287.845,4286.38,4287.125,550.0
2026-09-23 18:37:00,4287.135,4287.235,4286.395,4286.49,437.0
2026-09-23 18:38:00,4286.505,4286.845,4285.32,4285.91,493.0
2026-09-23 18:39:00,4285.92,4285.965,4284.945,4285.32,420.0
2026-09-23 18:40:00,4285.3,4285.73,4284.835,4285.33,426.0
2026-09-23 18:41:00,4285.34,4285.98,4284.585,4285.665,499.0
2026-09-23 18:42:00,4285.66,4286.775,4285.42,4285.435,391.0
2026-09-23 18:43:00,4285.455,4286.06,4285.04,4285.345,449.0
2026-09-23 18:44:00,4285.36,4285.525,4284.25,4284.48,353.0
2026-09-23 18:45:00,4284.55,4284.55,4282.955,4284.17,580.0
2026-09-23 18:46:00,4284.11,4284.565,4283.535,4284.03,364.0
2026-09-23 18:47:00,4284.06,4285.21,4284.03,4284.915,389.0
2026-09-23 18:48:00,4284.955,4286.465,4284.825,4286.255,365.0
2026-09-23 18:49:00,4286.295,4287.265,4286.295,4286.97,268.0
2026-09-23 18:50:00,4286.915,4287.96,4286.75,4286.96,310.0
2026-09-23 18:51:00,4286.91,4288.02,4286.85,4287.575,230.0
2026-09-23 18:52:00,4287.595,4288.075,4287.45,4287.805,181.0
2026-09-23 18:53:00,4287.79,4288.11,4286.845,4287.305,242.0
2026-09-23 18:54:00,4287.37,4288.435,4287.2,4288.435,159.0
2026-09-23 18:55:00,4288.355,4289.985,4287.34,4289.87,287.0
2026-09-23 18:56:00,4289.88,4289.985,4289.22,4289.39,240.0
2026-09-23 18:57:00,4289.4,4289.42,4288.71,4289.2,204.0
2026-09-23 18:58:00,4289.175,4290.415,4288.935,4290.38,290.0
2026-09-23 18:59:00,4290.32,4290.755,4289.88,4290.465,439.0
2026-09-23 19:00:00,4290.47,4290.605,4289.195,4290.05,403.0
2026-09-23 19:01:00,4290.06,4290.735,4289.505,4289.895,441.0
2026-09-23 19:02:00,4289.805,4290.365,4289.67,4290.025,272.0
2026-09-23 19:03:00,4290.045,4290.43,4287.96,4288.285,422.0
2026-09-23 19:04:00,4288.31,4289.015,4287.865,4288.785,412.0
2026-09-23 19:05:00,4288.77,4289.405,4288.34,4288.66,434.0
2026-09-23 19:06:00,4288.61,4291.79,4288.51,4291.61,523.0
2026-09-23 19:07:00,4291.6,4293.135,4290.44,4292.62,991.0
2026-09-23 19:08:00,4292.67,4293.535,4291.565,4291.565,514.0
2026-09-23 19:09:00,4291.6,4291.775,4289.165,4289.68,453.0
2026-09-23 19:10:00,4289.67,4290.29,4289.165,4289.445,413.0
2026-09-23 19:11:00,4289.425,4290.215,4289.345,4290.035,379.0
2026-09-23 19:12:00,4290.04,4290.055,4287.59,4287.825,436.0
2026-09-23 19:13:00,4287.82,4287.82,4286.025,4286.735,432.0
2026-09-23 19:14:00,4286.855,4287.095,4284.455,4284.545,611.0
2026-09-23 19:15:00,4284.595,4285.87,4283.48,4283.83,675.0
2026-09-23 19:16:00,4283.805,4285.285,4283.25,4285.265,360.0
2026-09-23 19:17:00,4285.325,4285.415,4284.38,4285.365,375.0
2026-09-23 19:18:00,4285.315,4285.51,4284.165,4284.78,478.0
2026-09-23 19:19:00,4284.755,4285.47,4283.54,4284.145,500.0
2026-09-23 19:20:00,4284.185,4284.46,4283.74,4283.84,332.0
2026-09-23 19:21:00,4283.83,4284.31,4283.465,4283.96,324.0
2026-09-23 19:22:00,4283.95,4284.2,4283.46,4283.9,350.0
2026-09-23 19:23:00,4283.91,4285.405,4283.585,4285.09,401.0
2026-09-23 19:24:00,4285.075,4286.035,4285.04,4286.03,216.0
2026-09-23 19:25:00,4285.94,4286.27,4285.06,4285.13,434.0
2026-09-23 19:26:00,4285.12,4285.93,4284.43,4284.485,350.0
2026-09-23 19:27:00,4284.49,4286.625,4284.31,4286.19,260.0
2026-09-23 19:28:00,4286.195,4286.935,4285.845,4286.875,249.0
2026-09-23 19:29:00,4286.87,4287.22,4286.48,4286.66,256.0
2026-09-23 19:30:00,4286.645,4287.31,4285.89,4286.725,474.0
2026-09-23 19:31:00,4286.625,4286.74,4284.675,4284.895,415.0
2026-09-23 19:32:00,4284.71,4284.75,4283.745,4284.625,269.0
2026-09-23 19:33:00,4284.675,4285.235,4284.27,4285.135,250.0
2026-09-23 19:34:00,4285.185,4285.815,4285.055,4285.705,190.0
2026-09-23 19:35:00,4285.715,4285.94,4284.73,4284.845,232.0
2026-09-23 19:36:00,4284.805,4285.4,4283.55,4283.81,370.0
2026-09-23 19:37:00,4283.835,4283.925,4282.83,4282.855,192.0
2026-09-23 19:38:00,4282.655,4282.655,4281.25,4281.855,361.0
2026-09-23 19:39:00,4281.9,4282.575,4281.675,4282.165,260.0
2026-09-23 19:40:00,4282.17,4284.41,4282.17,4284.05,457.0
2026-09-23 19:41:00,4284.015,4284.965,4283.45,4283.495,318.0
2026-09-23 19:42:00,4283.525,4284.305,4282.81,4282.81,303.0
2026-09-23 19:43:00,4282.73,4283.405,4282.29,4282.395,483.0
2026-09-23 19:44:00,4282.4,4282.715,4281.765,4282.61,434.0
2026-09-23 19:45:00,4282.62,4284.36,4282.45,4283.92,614.0
2026-09-23 19:46:00,4283.885,4285.87,4283.71,4285.66,442.0
2026-09-23 19:47:00,4285.665,4286.78,4285.505,4286.095,457.0
2026-09-23 19:48:00,4286.085,4286.72,4285.545,4286.455,692.0
2026-09-23 19:49:00,4286.47,4287.055,4286.245,4287.01,669.0
2026-09-23 19:50:00,4286.995,4287.455,4285.265,4286.655,999.0
2026-09-23 19:51:00,4286.665,4287.1,4285.98,4287.02,453.0
2026-09-23 19:52:00,4287.0,4287.27,4284.425,4284.675,442.0
2026-09-23 19:53:00,4284.67,4285.49,4284.435,4284.65,636.0
2026-09-23 19:54:00,4284.66,4285.045,4283.415,4283.45,694.0
2026-09-23 19:55:00,4283.505,4284.715,4282.75,4283.77,927.0
2026-09-23 19:56:00,4283.825,4283.975,4282.89,4283.255,603.0
2026-09-23 19:57:00,4283.28,4284.195,4282.125,4283.675,988.0
2026-09-23 19:58:00,4283.655,4284.395,4283.425,4283.595,762.0
2026-09-23 19:59:00,4283.585,4285.15,4283.175,4284.38,899.0
2026-09-23 20:00:00,4284.37,4285.09,4283.55,4284.15,651.0
2026-09-23 20:01:00,4284.16,4284.935,4283.99,4284.75,439.0
2026-09-23 20:02:00,4284.765,4285.875,4284.765,4285.21,235.0
2026-09-23 20:03:00,4285.22,4285.695,4284.675,4284.965,230.0
2026-09-23 20:04:00,4284.97,4285.62,4284.755,4285.105,162.0
2026-09-23 20:05:00,4285.115,4287.06,4285.06,4286.865,263.0
2026-09-23 20:06:00,4286.87,4288.02,4286.755,4287.655,217.0
2026-09-23 20:07:00,4287.7,4287.785,4287.01,4287.345,193.0
2026-09-23 20:08:00,4287.335,4287.34,4286.555,4287.075,158.0
2026-09-23 20:09:00,4286.99,4287.585,4286.8,4287.36,153.0
2026-09-23 20:10:00,4287.335,4287.425,4286.005,4286.12,196.0
2026-09-23 20:11:00,4286.07,4286.19,4285.095,4285.38,138.0
2026-09-23 20:12:00,4285.43,4285.775,4285.26,4285.455,67.0
2026-09-23 20:13:00,4285.405,4285.885,4285.28,4285.885,70.0
2026-09-23 20:14:00,4285.985,4285.985,4284.9,4285.01,69.0
2026-09-23 20:15:00,4285.055,4285.83,4284.41,4285.035,102.0
2026-09-23 20:16:00,4285.135,4285.93,4285.065,4285.93,81.0
2026-09-23 20:17:00,4285.87,4285.87,4284.97,4285.825,123.0
2026-09-23 20:18:00,4285.835,4286.035,4284.915,4285.075,146.0
2026-09-23 20:19:00,4285.06,4285.06,4283.48,4283.515,121.0
2026-09-23 20:20:00,4283.525,4284.32,4283.015,4283.035,173.0
2026-09-23 20:21:00,4283.1,4283.665,4282.795,4283.605,143.0
2026-09-23 20:22:00,4283.64,4284.395,4283.64,4284.03,144.0
2026-09-23 20:23:00,4284.025,4284.48,4284.005,4284.33,115.0
2026-09-23 20:24:00,4284.38,4284.63,4284.005,4284.255,92.0
2026-09-23 20:25:00,4284.355,4284.77,4283.79,4284.255,116.0
2026-09-23 20:26:00,4284.205,4284.68,4283.9,4284.39,77.0
2026-09-23 20:27:00,4284.35,4284.435,4284.115,4284.22,83.0
2026-09-23 20:28:00,4284.235,4284.81,4284.215,4284.325,93.0
2026-09-23 20:29:00,4284.425,4285.615,4284.325,4285.615,88.0
2026-09-23 20:30:00,4285.69,4286.175,4285.365,4286.175,79.0
2026-09-23 20:31:00,4286.075,4286.195,4284.715,4285.86,119.0
2026-09-23 20:32:00,4285.855,4285.865,4284.485,4284.5,61.0
2026-09-23 20:33:00,4284.725,4284.93,4283.11,4283.245,128.0
2026-09-23 20:34:00,4283.295,4283.86,4282.755,4282.91,154.0
2026-09-23 20:35:00,4282.935,4284.055,4282.935,4284.05,148.0
2026-09-23 20:36:00,4284.03,4284.035,4283.495,4283.75,98.0
2026-09-23 20:37:00,4283.82,4283.875,4283.235,4283.745,153.0
2026-09-23 20:38:00,4283.765,4284.235,4283.645,4284.08,155.0
2026-09-23 20:39:00,4284.12,4284.995,4284.08,4284.735,97.0
2026-09-23 20:40:00,4284.755,4285.255,4284.755,4285.255,100.0
2026-09-23 20:41:00,4285.175,4285.74,4284.985,4285.07,109.0
2026-09-23 20:42:00,4285.075,4285.21,4284.96,4285.06,46.0
2026-09-23 20:43:00,4285.11,4285.625,4285.01,4285.045,93.0
2026-09-23 20:44:00,4285.05,4285.87,4284.51,4285.585,206.0
2026-09-23 20:45:00,4285.605,4286.215,4285.3,4285.35,160.0
2026-09-23 20:46:00,4285.25,4285.82,4284.915,4285.8,129.0
2026-09-23 20:47:00,4285.795,4286.31,4285.615,4285.825,152.0
2026-09-23 20:48:00,4285.775,4286.19,4285.425,4286.14,63.0
2026-09-23 20:49:00,4286.115,4286.24,4285.57,4285.965,81.0
2026-09-23 20:50:00,4286.065,4286.785,4286.065,4286.345,153.0
2026-09-23 20:51:00,4286.375,4286.605,4286.105,4286.6,95.0
2026-09-23 20:52:00,4286.75,4287.09,4286.58,4286.975,77.0
2026-09-23 20:53:00,4287.075,4287.7,4287.025,4287.445,87.0
2026-09-23 20:54:00,4287.565,4289.725,4287.565,4289.505,160.0
2026-09-23 20:55:00,4289.555,4290.245,4289.555,4289.885,147.0
2026-09-23 20:56:00,4289.835,4289.905,4287.31,4287.415,147.0
2026-09-23 20:57:00,4287.49,4288.245,4286.74,4286.785,109.0
2026-09-23 20:58:00,4286.805,4287.695,4286.695,4287.455,162.0
2026-09-23 20:59:00,4287.405,4287.54,4287.34,4287.41,23.0
2026-09-23 22:04:00,4293.19,4293.19,4293.13,4293.18,6.0
2026-09-23 22:05:00,4293.165,4293.975,4293.025,4293.875,201.0
2026-09-23 22:06:00,4293.845,4294.395,4293.735,4294.065,132.0
2026-09-23 22:07:00,4294.115,4294.115,4293.48,4293.73,76.0
2026-09-23 22:08:00,4293.75,4294.57,4293.29,4293.72,110.0
2026-09-23 22:09:00,4293.725,4294.075,4292.365,4292.835,126.0
2026-09-23 22:10:00,4292.83,4292.88,4290.87,4290.975,158.0
2026-09-23 22:11:00,4290.925,4291.175,4288.84,4289.355,305.0
2026-09-23 22:12:00,4289.36,4289.36,4287.445,4287.575,129.0
2026-09-23 22:13:00,4287.4,4288.6,4286.895,4288.41,292.0
2026-09-23 22:14:00,4288.31,4288.83,4287.145,4288.23,194.0
2026-09-23 22:15:00,4288.29,4288.595,4287.56,4288.26,163.0
2026-09-23 22:16:00,4288.255,4288.75,4287.04,4287.29,158.0
2026-09-23 22:17:00,4287.28,4288.14,4287.225,4287.84,84.0
2026-09-23 22:18:00,4287.85,4287.96,4287.12,4287.86,71.0
2026-09-23 22:19:00,4287.885,4288.49,4287.2,4287.895,165.0
2026-09-23 22:20:00,4287.865,4288.14,4287.4,4288.14,72.0
2026-09-23 22:21:00,4288.19,4289.11,4288.19,4288.505,107.0
2026-09-23 22:22:00,4288.475,4290.04,4288.425,4289.295,245.0
2026-09-23 22:23:00,4289.285,4292.775,4289.23,4290.71,479.0
2026-09-23 22:24:00,4290.865,4292.23,4290.205,4291.65,578.0
2026-09-23 22:25:00,4291.6,4291.6,4289.555,4290.835,409.0
2026-09-23 22:26:00,4290.82,4291.75,4289.18,4289.18,281.0
2026-09-23 22:27:00,4289.175,4290.62,4288.515,4289.33,198.0
2026-09-23 22:28:00,4289.345,4290.035,4288.27,4288.275,221.0
2026-09-23 22:29:00,4288.27,4288.77,4288.01,4288.5,146.0
2026-09-23 22:30:00,4288.385,4288.625,4287.86,4288.05,153.0
2026-09-23 22:31:00,4288.025,4288.41,4287.655,4287.8,169.0
2026-09-23 22:32:00,4287.825,4289.14,4287.755,4288.81,326.0
2026-09-23 22:33:00,4288.835,4289.495,4288.275,4288.985,243.0
2026-09-23 22:34:00,4288.95,4289.35,4288.51,4289.145,261.0
2026-09-23 22:35:00,4289.15,4289.88,4288.775,4289.185,299.0
2026-09-23 22:36:00,4289.18,4290.55,4288.68,4289.96,264.0
2026-09-23 22:37:00,4289.955,4291.345,4289.955,4290.93,124.0
2026-09-23 22:38:00,4290.78,4290.8,4288.065,4288.36,229.0
2026-09-23 22:39:00,4288.19,4290.36,4288.1,4289.555,107.0
2026-09-23 22:40:00,4289.545,4289.975,4289.03,4289.805,64.0
2026-09-23 22:41:00,4289.755,4290.2,4289.275,4290.12,60.0
2026-09-23 22:42:00,4290.17,4290.605,4288.99,4288.99,67.0
2026-09-23 22:43:00,4288.97,4289.335,4288.36,4288.815,72.0
2026-09-23 22:44:00,4288.82,4289.4,4288.61,4289.4,60.0
2026-09-23 22:45:00,4289.29,4289.375,4288.58,4288.725,54.0
2026-09-23 22:46:00,4288.67,4290.41,4288.195,4289.995,112.0
2026-09-23 22:47:00,4290.045,4290.835,4289.97,4290.815,131.0
2026-09-23 22:48:00,4290.795,4291.39,4290.685,4291.24,83.0
2026-09-23 22:49:00,4291.23,4291.36,4289.705,4289.765,232.0
2026-09-23 22:50:00,4289.81,4289.83,4288.06,4288.34,171.0
2026-09-23 22:51:00,4288.355,4288.92,4288.07,4288.68,100.0
2026-09-23 22:52:00,4288.665,4288.815,4287.75,4287.84,79.0
2026-09-23 22:53:00,4288.1,4289.74,4287.965,4289.74,180.0
2026-09-23 22:54:00,4289.725,4290.05,4288.115,4288.275,238.0
2026-09-23 22:55:00,4288.27,4290.955,4287.62,4290.665,245.0
2026-09-23 22:56:00,4290.6,4291.125,4290.49,4290.64,64.0
2026-09-23 22:57:00,4290.655,4290.655,4289.15,4289.245,74.0
2026-09-23 22:58:00,4289.24,4290.11,4289.24,4289.62,48.0
2026-09-23 22:59:00,4289.675,4289.755,4289.51,4289.51,34.0
2026-09-23 23:00:00,4289.49,4289.96,4288.865,4289.955,89.0
2026-09-23 23:01:00,4289.935,4289.955,4289.4,4289.415,27.0
2026-09-23 23:02:00,4289.45,4289.945,4289.13,4289.565,88.0
2026-09-23 23:03:00,4289.54,4289.67,4289.13,4289.66,57.0
2026-09-23 23:04:00,4289.665,4290.67,4289.665,4290.45,139.0
2026-09-23 23:05:00,4290.445,4291.38,4290.445,4290.6,137.0
2026-09-23 23:06:00,4290.67,4291.19,4290.285,4290.49,99.0
2026-09-23 23:07:00,4290.495,4290.585,4290.215,4290.58,55.0
2026-09-23 23:08:00,4290.52,4291.35,4290.515,4291.195,72.0
2026-09-23 23:09:00,4291.055,4291.1,4290.545,4290.84,46.0
2026-09-23 23:10:00,4290.835,4291.53,4290.65,4290.905,98.0
2026-09-23 23:11:00,4290.895,4291.06,4290.885,4291.04,40.0
2026-09-23 23:12:00,4291.065,4291.325,4290.88,4290.95,67.0
2026-09-23 23:13:00,4290.955,4291.03,4290.775,4290.91,40.0
2026-09-23 23:14:00,4290.935,4291.365,4290.935,4291.365,53.0
2026-09-23 23:15:00,4291.355,4293.39,4291.145,4292.88,184.0
2026-09-23 23:16:00,4292.875,4292.965,4291.81,4291.855,125.0
2026-09-23 23:17:00,4291.835,4292.2,4290.835,4291.12,200.0
2026-09-23 23:18:00,4291.11,4291.245,4290.025,4290.395,120.0
2026-09-23 23:19:00,4290.4,4290.44,4289.075,4290.015,217.0
2026-09-23 23:20:00,4290.02,4291.185,4289.245,4291.12,234.0
2026-09-23 23:21:00,4291.135,4291.135,4289.245,4289.555,176.0
2026-09-23 23:22:00,4289.39,4290.115,4289.005,4289.915,75.0
2026-09-23 23:23:00,4290.01,4290.445,4289.91,4290.18,84.0
2026-09-23 23:24:00,4290.17,4290.2,4289.65,4289.975,73.0
2026-09-23 23:25:00,4289.895,4289.975,4289.405,4289.44,58.0
2026-09-23 23:26:00,4289.39,4289.72,4288.25,4288.905,108.0
2026-09-23 23:27:00,4288.995,4289.205,4288.805,4288.955,81.0
2026-09-23 23:28:00,4289.005,4289.64,4288.945,4288.945,86.0
2026-09-23 23:29:00,4288.895,4288.895,4287.92,4288.12,146.0
2026-09-23 23:30:00,4288.22,4288.84,4287.95,4288.555,173.0
2026-09-23 23:31:00,4288.56,4288.62,4286.37,4286.47,129.0
2026-09-23 23:32:00,4286.305,4286.975,4286.27,4286.465,93.0
2026-09-23 23:33:00,4286.515,4286.77,4286.03,4286.07,102.0
2026-09-23 23:34:00,4286.12,4286.17,4285.63,4285.86,98.0
2026-09-23 23:35:00,4285.705,4285.94,4285.555,4285.68,57.0
2026-09-23 23:36:00,4285.78,4286.495,4285.68,4286.495,77.0
2026-09-23 23:37:00,4286.65,4287.245,4285.895,4287.07,109.0
2026-09-23 23:38:00,4287.045,4287.575,4286.64,4287.31,112.0
2026-09-23 23:39:00,4287.305,4287.48,4286.425,4286.695,85.0
2026-09-23 23:40:00,4286.72,4287.32,4286.395,4286.8,127.0
2026-09-23 23:41:00,4286.85,4286.855,4285.445,4285.545,47.0
2026-09-23 23:42:00,4285.595,4285.795,4285.34,4285.685,70.0
2026-09-23 23:43:00,4285.65,4285.65,4285.105,4285.335,57.0
2026-09-23 23:44:00,4285.395,4285.55,4285.155,4285.35,65.0
2026-09-23 23:45:00,4285.45,4287.19,4285.285,4286.85,254.0
2026-09-23 23:46:00,4286.83,4287.365,4286.635,4287.16,151.0
2026-09-23 23:47:00,4287.17,4288.98,4287.17,4288.68,163.0
2026-09-23 23:48:00,4288.52,4288.93,4287.95,4288.585,166.0
2026-09-23 23:49:00,4288.59,4289.995,4288.59,4289.85,187.0
2026-09-23 23:50:00,4289.9,4290.21,4288.955,4289.845,275.0
2026-09-23 23:51:00,4289.9,4290.525,4289.185,4290.525,252.0
2026-09-23 23:52:00,4290.425,4291.835,4290.425,4291.2,264.0
2026-09-23 23:53:00,4291.285,4291.3,4290.58,4290.585,254.0
2026-09-23 23:54:00,4290.575,4291.405,4290.21,4290.705,302.0
2026-09-23 23:55:00,4290.71,4290.86,4289.965,4290.42,209.0
2026-09-23 23:56:00,4290.465,4291.64,4290.455,4291.09,259.0
2026-09-23 23:57:00,4291.105,4291.24,4290.35,4290.485,217.0
2026-09-23 23:58:00,4290.525,4290.65,4289.045,4289.065,326.0
2026-09-23 23:59:00,4289.085,4290.51,4288.55,4288.7,403.0
2026-09-24 00:00:00,4288.73,4290.47,4288.55,4289.95,760.0
2026-09-24 00:01:00,4289.955,4291.825,4289.95,4290.125,657.0
2026-09-24 00:02:00,4290.11,4290.4,4288.085,4288.845,454.0
2026-09-24 00:03:00,4288.895,4291.0,4288.895,4290.175,436.0
2026-09-24 00:04:00,4290.165,4291.02,4288.64,4289.955,451.0
2026-09-24 00:05:00,4289.98,4290.725,4288.5,4288.59,539.0
2026-09-24 00:06:00,4288.53,4291.005,4288.53,4290.795,440.0
2026-09-24 00:07:00,4290.8,4291.45,4289.785,4290.14,294.0
2026-09-24 00:08:00,4290.165,4290.82,4289.15,4290.075,564.0
2026-09-24 00:09:00,4290.14,4291.635,4289.915,4291.445,307.0
2026-09-24 00:10:00,4291.51,4291.97,4288.845,4289.585,355.0
2026-09-24 00:11:00,4289.605,4290.42,4287.6,4288.215,504.0
2026-09-24 00:12:00,4288.125,4289.45,4287.34,4288.37,355.0
2026-09-24 00:13:00,4288.335,4289.55,4288.01,4289.4,230.0
2026-09-24 00:14:00,4289.445,4289.59,4288.705,4289.095,252.0
2026-09-24 00:15:00,4289.205,4291.81,4288.045,4288.84,786.0
2026-09-24 00:16:00,4288.79,4289.075,4287.12,4288.75,588.0
2026-09-24 00:17:00,4288.78,4288.83,4287.335,4288.395,422.0
2026-09-24 00:18:00,4288.33,4288.76,4287.58,4288.24,369.0
2026-09-24 00:19:00,4288.265,4289.215,4288.055,4288.88,411.0
2026-09-24 00:20:00,4288.91,4289.025,4287.26,4288.135,425.0
2026-09-24 00:21:00,4288.165,4288.57,4286.56,4286.565,594.0
2026-09-24 00:22:00,4286.545,4287.3,4284.16,4284.285,722.0
2026-09-24 00:23:00,4284.23,4286.9,4284.115,4286.435,555.0
2026-09-24 00:24:00,4286.49,4289.315,4286.37,4287.75,322.0
2026-09-24 00:25:00,4287.735,4289.03,4287.355,4288.76,745.0
2026-09-24 00:26:00,4288.745,4290.29,4287.82,4288.265,539.0
2026-09-24 00:27:00,4288.18,4288.605,4286.31,4286.525,534.0
2026-09-24 00:28:00,4286.54,4288.53,4286.145,4288.305,454.0
2026-09-24 00:29:00,4288.315,4292.475,4288.19,4292.1,380.0
2026-09-24 00:30:00,4292.0,4292.39,4290.335,4292.185,368.0
2026-09-24 00:31:00,4292.135,4294.53,4292.135,4293.01,382.0
2026-09-24 00:32:00,4292.96,4293.3,4291.73,4292.09,308.0
2026-09-24 00:33:00,4292.14,4292.395,4291.48,4291.7,223.0
2026-09-24 00:34:00,4291.65,4292.965,4291.315,4292.05,439.0
2026-09-24 00:35:00,4292.02,4292.695,4291.88,4292.095,422.0
2026-09-24 00:36:00,4292.09,4293.25,4291.77,4292.57,440.0
2026-09-24 00:37:00,4292.47,4292.875,4291.72,4292.875,379.0
2026-09-24 00:38:00,4292.86,4293.49,4292.47,4292.785,381.0
2026-09-24 00:39:00,4292.79,4292.84,4291.69,4291.695,328.0
2026-09-24 00:40:00,4291.675,4293.53,4291.465,4293.43,356.0
2026-09-24 00:41:00,4293.445,4294.635,4293.0,4293.22,440.0
2026-09-24 00:42:00,4293.23,4294.995,4293.155,4293.805,402.0
2026-09-24 00:43:00,4293.795,4294.82,4293.12,4294.82,439.0
2026-09-24 00:44:00,4294.765,4294.97,4293.805,4294.74,486.0
2026-09-24 00:45:00,4294.695,4294.705,4292.575,4293.83,626.0
2026-09-24 00:46:00,4293.915,4295.165,4293.21,4293.67,633.0
2026-09-24 00:47:00,4293.65,4293.99,4291.785,4291.805,583.0
2026-09-24 00:48:00,4291.8,4293.375,4291.38,4293.275,594.0
2026-09-24 00:49:00,4293.28,4293.36,4292.58,4292.69,387.0
2026-09-24 00:50:00,4292.71,4294.57,4292.065,4292.24,482.0
2026-09-24 00:51:00,4292.295,4295.22,4292.115,4294.075,337.0
2026-09-24 00:52:00,4294.08,4294.32,4292.87,4293.01,267.0
2026-09-24 00:53:00,4293.0,4294.73,4292.465,4294.24,440.0
2026-09-24 00:54:00,4294.15,4295.59,4294.15,4295.355,324.0
2026-09-24 00:55:00,4295.365,4297.52,4294.935,4297.22,625.0
2026-09-24 00:56:00,4297.31,4297.645,4296.155,4297.37,423.0
2026-09-24 00:57:00,4297.38,4299.46,4297.38,4298.41,648.0
2026-09-24 00:58:00,4298.335,4299.02,4297.85,4298.58,583.0
2026-09-24 00:59:00,4298.545,4298.765,4297.745,4298.445,470.0
2026-09-24 01:00:00,4298.505,4298.675,4295.685,4297.81,1261.0
2026-09-24 01:01:00,4297.805,4299.225,4296.185,4296.45,843.0
2026-09-24 01:02:00,4296.485,4297.215,4293.585,4294.105,613.0
2026-09-24 01:03:00,4294.12,4294.705,4291.42,4291.62,1110.0
2026-09-24 01:04:00,4291.64,4293.655,4290.305,4292.28,857.0
2026-09-24 01:05:00,4292.245,4292.55,4289.75,4290.19,834.0
2026-09-24 01:06:00,4290.155,4295.33,4290.155,4295.33,644.0
2026-09-24 01:07:00,4295.315,4297.4,4295.18,4296.87,643.0
2026-09-24 01:08:00,4296.83,4297.41,4295.41,4295.81,649.0
2026-09-24 01:09:00,4295.79,4296.525,4295.035,4296.07,466.0
2026-09-24 01:10:00,4296.12,4298.205,4295.785,4297.835,562.0
2026-09-24 01:11:00,4297.8,4299.405,4297.045,4297.38,607.0
2026-09-24 01:12:00,4297.315,4301.87,4296.995,4300.385,901.0
2026-09-24 01:13:00,4300.37,4301.62,4300.36,4301.475,316.0
2026-09-24 01:14:00,4301.46,4303.14,4301.21,4303.14,599.0
2026-09-24 01:15:00,4303.135,4303.395,4301.325,4301.5,896.0
2026-09-24 01:16:00,4301.45,4302.03,4300.58,4300.69,410.0
2026-09-24 01:17:00,4300.7,4300.725,4297.8,4299.19,526.0
2026-09-24 01:18:00,4299.13,4299.595,4297.55,4299.575,661.0
2026-09-24 01:19:00,4299.525,4300.595,4298.18,4300.11,705.0
2026-09-24 01:20:00,4300.16,4300.745,4299.18,4299.645,504.0
2026-09-24 01:21:00,4299.675,4300.35,4298.36,4299.365,548.0
2026-09-24 01:22:00,4299.495,4300.72,4297.545,4297.645,466.0
2026-09-24 01:23:00,4297.54,4298.295,4296.745,4297.11,445.0
2026-09-24 01:24:00,4297.115,4297.84,4295.575,4297.775,571.0
2026-09-24 01:25:00,4297.755,4297.79,4295.24,4296.22,508.0
2026-09-24 01:26:00,4296.225,4297.585,4296.145,4297.35,270.0
2026-09-24 01:27:00,4297.355,4298.35,4296.88,4298.295,355.0
2026-09-24 01:28:00,4298.3,4299.68,4297.61,4299.095,423.0
2026-09-24 01:29:00,4299.085,4300.03,4298.38,4299.49,601.0
2026-09-24 01:30:00,4299.5,4300.87,4297.655,4300.4,1014.0
2026-09-24 01:31:00,4300.35,4300.85,4299.225,4299.5,723.0
2026-09-24 01:32:00,4299.49,4300.18,4298.49,4299.785,539.0
2026-09-24 01:33:00,4299.755,4299.86,4297.185,4297.185,570.0
2026-09-24 01:34:00,4297.195,4300.865,4296.98,4297.565,677.0
2026-09-24 01:35:00,4297.52,4299.375,4297.52,4297.89,414.0
2026-09-24 01:36:00,4297.79,4298.47,4295.24,4295.49,515.0
2026-09-24 01:37:00,4295.51,4296.01,4294.235,4294.77,697.0
2026-09-24 01:38:00,4294.83,4294.83,4293.055,4293.475,635.0
2026-09-24 01:39:00,4293.51,4293.85,4292.725,4293.5,740.0
2026-09-24 01:40:00,4293.5,4293.83,4292.575,4292.7,674.0
2026-09-24 01:41:00,4292.695,4293.77,4291.54,4293.38,610.0
2026-09-24 01:42:00,4293.37,4293.71,4292.095,4292.095,616.0
2026-09-24 01:43:00,4292.075,4292.215,4289.37,4289.74,618.0
2026-09-24 01:44:00,4289.78,4291.19,4289.57,4289.92,653.0
2026-09-24 01:45:00,4289.86,4290.53,4287.745,4288.24,652.0
2026-09-24 01:46:00,4288.25,4288.49,4283.395,4284.69,798.0
2026-09-24 01:47:00,4284.705,4288.75,4284.605,4288.505,978.0
2026-09-24 01:48:00,4288.515,4289.1,4285.51,4285.645,869.0
2026-09-24 01:49:00,4285.63,4286.045,4283.125,4283.995,705.0
2026-09-24 01:50:00,4283.79,4284.77,4281.26,4281.83,563.0
2026-09-24 01:51:00,4281.795,4283.85,4281.695,4283.615,644.0
2026-09-24 01:52:00,4283.61,4287.505,4283.61,4287.475,843.0
2026-09-24 01:53:00,4287.485,4288.77,4285.59,4286.15,537.0
2026-09-24 01:54:00,4286.14,4286.25,4282.33,4282.34,511.0
2026-09-24 01:55:00,4282.275,4284.645,4281.775,4284.555,588.0
2026-09-24 01:56:00,4284.505,4284.795,4282.86,4283.325,545.0
2026-09-24 01:57:00,4283.085,4283.735,4278.23,4278.87,676.0
2026-09-24 01:58:00,4278.875,4279.625,4278.055,4279.625,861.0
2026-09-24 01:59:00,4279.645,4280.295,4279.15,4279.16,487.0
2026-09-24 02:00:00,4278.99,4279.64,4274.2,4274.35,1001.0
2026-09-24 02:01:00,4274.3,4277.59,4274.3,4276.97,678.0
2026-09-24 02:02:00,4276.92,4278.295,4275.42,4277.3,407.0
2026-09-24 02:03:00,4277.395,4277.565,4274.405,4275.15,482.0
2026-09-24 02:04:00,4275.25,4275.88,4274.75,4275.28,369.0
2026-09-24 02:05:00,4275.38,4275.495,4273.85,4274.185,554.0
2026-09-24 02:06:00,4274.19,4274.725,4273.815,4274.35,638.0
2026-09-24 02:07:00,4274.355,4276.055,4274.34,4274.915,743.0
2026-09-24 02:08:00,4274.995,4275.25,4273.835,4274.35,848.0
2026-09-24 02:09:00,4274.395,4276.47,4274.365,4276.4,500.0
2026-09-24 02:10:00,4276.38,4277.805,4275.835,4277.685,408.0
2026-09-24 02:11:00,4277.585,4278.225,4276.41,4277.955,412.0
2026-09-24 02:12:00,4277.97,4278.32,4276.705,4277.89,399.0
2026-09-24 02:13:00,4277.94,4281.26,4277.84,4281.255,501.0
2026-09-24 02:14:00,4281.245,4282.765,4280.585,4282.75,456.0
2026-09-24 02:15:00,4282.755,4284.685,4282.64,4284.525,336.0
2026-09-24 02:16:00,4284.63,4286.15,4284.42,4284.835,261.0
2026-09-24 02:17:00,4284.825,4285.305,4284.71,4285.01,215.0
2026-09-24 02:18:00,4285.06,4285.38,4284.19,4285.155,221.0
2026-09-24 02:19:00,4285.205,4286.65,4284.765,4284.835,305.0
2026-09-24 02:20:00,4284.9,4285.23,4283.915,4284.205,277.0
2026-09-24 02:21:00,4284.21,4285.21,4283.54,4285.09,234.0
2026-09-24 02:22:00,4285.145,4285.15,4283.47,4284.335,328.0
2026-09-24 02:23:00,4284.325,4285.175,4282.86,4284.95,381.0
2026-09-24 02:24:00,4284.95,4285.74,4284.56,4285.56,394.0
2026-09-24 02:25:00,4285.625,4286.33,4284.54,4284.54,489.0
2026-09-24 02:26:00,4284.59,4287.44,4284.59,4285.95,563.0
2026-09-24 02:27:00,4285.865,4286.01,4284.5,4284.97,415.0
2026-09-24 02:28:00,4284.98,4285.96,4284.705,4285.77,407.0
2026-09-24 02:29:00,4285.81,4286.875,4285.485,4286.115,389.0
2026-09-24 02:30:00,4286.315,4288.04,4284.485,4286.855,958.0
2026-09-24 02:31:00,4286.9,4289.06,4286.9,4288.125,522.0
2026-09-24 02:32:00,4288.115,4292.175,4288.08,4291.78,588.0
2026-09-24 02:33:00,4291.7,4294.025,4291.685,4293.06,433.0
2026-09-24 02:34:00,4293.07,4293.365,4290.995,4292.695,566.0
2026-09-24 02:35:00,4292.745,4294.27,4291.545,4291.785,572.0
2026-09-24 02:36:00,4291.885,4293.1,4291.045,4291.195,472.0
2026-09-24 02:37:00,4291.23,4292.85,4290.635,4292.455,487.0
2026-09-24 02:38:00,4292.525,4293.705,4292.4,4293.025,520.0
2026-09-24 02:39:00,4292.995,4296.08,4292.55,4295.2,572.0
2026-09-24 02:40:00,4295.1,4295.315,4293.585,4293.59,365.0
2026-09-24 02:41:00,4293.64,4296.465,4293.57,4295.945,371.0
2026-09-24 02:42:00,4295.895,4296.325,4295.395,4295.845,418.0
2026-09-24 02:43:00,4295.84,4297.12,4294.39,4295.495,464.0
2026-09-24 02:44:00,4295.54,4295.93,4294.8,4295.385,580.0
2026-09-24 02:45:00,4295.4,4295.69,4293.5,4294.295,651.0
2026-09-24 02:46:00,4294.28,4294.43,4293.375,4294.105,436.0
2026-09-24 02:47:00,4294.095,4294.485,4293.56,4294.14,312.0
2026-09-24 02:48:00,4294.145,4294.985,4291.98,4292.135,558.0
2026-09-24 02:49:00,4292.125,4292.515,4291.04,4292.505,407.0
2026-09-24 02:50:00,4292.525,4292.845,4290.03,4290.14,337.0
2026-09-24 02:51:00,4290.255,4290.85,4288.52,4288.65,419.0
2026-09-24 02:52:00,4288.67,4289.31,4287.9,4288.4,466.0
2026-09-24 02:53:00,4288.48,4289.05,4287.16,4288.605,387.0
2026-09-24 02:54:00,4288.58,4290.295,4288.435,4289.81,293.0
2026-09-24 02:55:00,4289.82,4292.8,4289.8,4292.755,508.0
2026-09-24 02:56:00,4292.755,4292.925,4291.605,4292.01,348.0
2026-09-24 02:57:00,4291.98,4292.82,4291.215,4291.795,282.0
2026-09-24 02:58:00,4291.61,4292.325,4290.85,4291.215,371.0
2026-09-24 02:59:00,4291.28,4291.52,4290.285,4290.885,352.0
2026-09-24 03:00:00,4290.845,4292.89,4290.46,4292.155,401.0
2026-09-24 03:01:00,4292.205,4293.415,4291.915,4293.125,432.0
2026-09-24 03:02:00,4293.13,4293.865,4290.25,4290.87,491.0
2026-09-24 03:03:00,4290.865,4291.77,4290.24,4291.77,278.0
2026-09-24 03:04:00,4291.76,4291.8,4289.855,4290.125,380.0
2026-09-24 03:05:00,4290.11,4290.405,4288.135,4288.195,499.0
2026-09-24 03:06:00,4288.2,4288.505,4286.035,4286.035,392.0
2026-09-24 03:07:00,4286.03,4286.195,4285.285,4285.96,350.0
2026-09-24 03:08:00,4286.0,4287.04,4285.77,4286.335,354.0
2026-09-24 03:09:00,4286.385,4287.32,4285.855,4286.74,309.0
2026-09-24 03:10:00,4286.75,4287.085,4285.845,4285.88,331.0
2026-09-24 03:11:00,4285.87,4286.34,4285.445,4286.1,314.0
2026-09-24 03:12:00,4286.085,4286.13,4285.02,4285.7,221.0
2026-09-24 03:13:00,4285.67,4288.37,4285.655,4288.35,300.0
2026-09-24 03:14:00,4288.35,4288.36,4286.85,4287.115,243.0
2026-09-24 03:15:00,4287.165,4288.125,4287.015,4287.275,205.0
2026-09-24 03:16:00,4287.29,4288.46,4287.045,4287.99,234.0
2026-09-24 03:17:00,4287.985,4288.885,4287.47,4288.73,392.0
2026-09-24 03:18:00,4288.745,4289.965,4288.59,4289.915,281.0
2026-09-24 03:19:00,4290.0,4290.615,4287.755,4287.815,339.0
2026-09-24 03:20:00,4287.88,4288.855,4287.43,4287.7,209.0
2026-09-24 03:21:00,4287.695,4287.695,4286.735,4286.96,196.0
2026-09-24 03:22:00,4286.745,4288.35,4286.635,4287.72,279.0
2026-09-24 03:23:00,4287.7,4288.68,4286.75,4287.095,269.0
2026-09-24 03:24:00,4287.14,4288.23,4287.04,4287.565,228.0
2026-09-24 03:25:00,4287.635,4288.535,4287.4,4287.53,342.0
2026-09-24 03:26:00,4287.58,4288.665,4286.815,4287.27,336.0
2026-09-24 03:27:00,4287.28,4287.435,4285.91,4286.455,274.0
2026-09-24 03:28:00,4286.505,4286.73,4285.645,4286.425,232.0
2026-09-24 03:29:00,4286.34,4286.875,4285.23,4285.825,246.0
2026-09-24 03:30:00,4285.835,4287.055,4285.39,4286.2,305.0
2026-09-24 03:31:00,4286.245,4286.295,4285.29,4285.705,169.0
2026-09-24 03:32:00,4285.83,4286.325,4285.34,4285.675,246.0
2026-09-24 03:33:00,4285.67,4286.235,4285.155,4285.555,199.0
2026-09-24 03:34:00,4285.54,4286.115,4284.37,4284.41,127.0
2026-09-24 03:35:00,4284.46,4284.595,4283.34,4283.735,229.0
2026-09-24 03:36:00,4283.715,4284.855,4283.205,4283.25,282.0
2026-09-24 03:37:00,4283.2,4283.92,4282.745,4283.61,205.0
2026-09-24 03:38:00,4283.71,4284.77,4283.52,4284.71,175.0
2026-09-24 03:39:00,4284.76,4285.975,4284.36,4285.25,216.0
2026-09-24 03:40:00,4285.205,4285.365,4284.45,4284.94,238.0
2026-09-24 03:41:00,4284.92,4285.725,4283.97,4284.09,309.0
2026-09-24 03:42:00,4284.085,4284.22,4282.86,4282.86,173.0
2026-09-24 03:43:00,4282.66,4282.955,4282.295,4282.455,173.0
2026-09-24 03:44:00,4282.41,4282.55,4281.7,4281.845,209.0
2026-09-24 03:45:00,4281.78,4282.285,4280.62,4282.155,158.0
2026-09-24 03:46:00,4282.305,4284.34,4282.305,4284.01,211.0
2026-09-24 03:47:00,4284.025,4284.59,4283.495,4284.145,189.0
2026-09-24 03:48:00,4284.15,4284.215,4283.23,4283.69,194.0
2026-09-24 03:49:00,4283.705,4283.96,4283.12,4283.22,246.0
2026-09-24 03:50:00,4283.24,4283.94,4282.535,4283.755,307.0
2026-09-24 03:51:00,4283.855,4283.93,4282.45,4282.61,311.0
2026-09-24 03:52:00,4282.66,4282.88,4281.31,4281.36,183.0
2026-09-24 03:53:00,4281.5,4283.13,4281.335,4283.01,287.0
2026-09-24 03:54:00,4283.015,4284.255,4283.01,4283.31,332.0
2026-09-24 03:55:00,4283.36,4283.935,4282.87,4283.915,385.0
2026-09-24 03:56:00,4283.785,4285.115,4283.4,4284.32,387.0
2026-09-24 03:57:00,4284.325,4284.465,4282.59,4284.135,401.0
2026-09-24 03:58:00,4284.205,4284.56,4282.52,4283.97,393.0
2026-09-24 03:59:00,4283.95,4285.37,4283.805,4285.165,211.0
2026-09-24 04:00:00,4285.145,4286.895,4284.205,4284.51,488.0
2026-09-24 04:01:00,4284.505,4285.205,4282.505,4283.595,286.0
2026-09-24 04:02:00,4283.645,4283.885,4282.66,4283.09,193.0
2026-09-24 04:03:00,4283.155,4283.785,4281.675,4282.61,452.0
2026-09-24 04:04:00,4282.66,4285.185,4282.66,4284.295,451.0
2026-09-24 04:05:00,4284.34,4284.475,4283.755,4283.765,248.0
2026-09-24 04:06:00,4283.77,4283.94,4283.075,4283.645,420.0
2026-09-24 04:07:00,4283.65,4284.525,4283.385,4283.755,356.0
2026-09-24 04:08:00,4283.675,4284.36,4283.365,4283.955,317.0
2026-09-24 04:09:00,4283.96,4284.68,4283.8,4284.19,341.0
2026-09-24 04:10:00,4284.175,4284.585,4283.905,4284.16,315.0
2026-09-24 04:11:00,4284.185,4285.39,4284.09,4285.29,281.0
2026-09-24 04:12:00,4285.155,4285.31,4283.825,4283.865,252.0
2026-09-24 04:13:00,4283.88,4285.17,4283.505,4284.305,274.0
2026-09-24 04:14:00,4284.275,4286.265,4284.275,4285.04,315.0
2026-09-24 04:15:00,4285.09,4285.725,4284.85,4285.535,219.0
2026-09-24 04:16:00,4285.49,4286.525,4285.39,4286.52,187.0
2026-09-24 04:17:00,4286.515,4287.19,4285.98,4286.76,187.0
2026-09-24 04:18:00,4286.71,4288.405,4285.985,4285.995,284.0
2026-09-24 04:19:00,4285.87,4286.94,4285.61,4286.69,297.0
2026-09-24 04:20:00,4286.65,4287.59,4285.905,4285.925,203.0
2026-09-24 04:21:00,4285.93,4286.995,4285.785,4286.19,164.0
2026-09-24 04:22:00,4286.195,4286.95,4285.695,4285.895,157.0
2026-09-24 04:23:00,4285.815,4285.815,4284.725,4285.41,185.0
2026-09-24 04:24:00,4285.39,4285.4,4284.55,4284.945,215.0
2026-09-24 04:25:00,4285.03,4285.315,4284.37,4285.11,165.0
2026-09-24 04:26:00,4285.205,4285.59,4284.34,4284.605,195.0
2026-09-24 04:27:00,4284.61,4285.085,4284.495,4284.825,147.0
2026-09-24 04:28:00,4284.82,4285.175,4284.145,4284.31,155.0
2026-09-24 04:29:00,4284.335,4286.505,4284.335,4286.295,257.0
2026-09-24 04:30:00,4286.17,4286.72,4286.075,4286.44,162.0
2026-09-24 04:31:00,4286.415,4287.105,4286.1,4286.81,159.0
2026-09-24 04:32:00,4286.785,4287.59,4286.62,4286.885,252.0
2026-09-24 04:33:00,4286.88,4288.365,4286.88,4288.0,202.0
2026-09-24 04:34:00,4288.07,4289.095,4287.0,4289.015,248.0
2026-09-24 04:35:00,4289.015,4289.4,4288.08,4288.955,278.0
2026-09-24 04:36:00,4288.95,4289.01,4288.18,4288.195,178.0
2026-09-24 04:37:00,4288.24,4288.645,4287.12,4287.12,185.0
2026-09-24 04:38:00,4287.17,4288.71,4286.995,4288.375,213.0
2026-09-24 04:39:00,4288.335,4288.36,4287.17,4287.195,188.0
2026-09-24 04:40:00,4287.175,4287.41,4286.61,4287.195,222.0
2026-09-24 04:41:00,4287.045,4287.59,4286.205,4286.9,178.0
2026-09-24 04:42:00,4286.855,4287.155,4285.905,4286.25,249.0
2026-09-24 04:43:00,4286.35,4286.97,4285.885,4286.94,168.0
2026-09-24 04:44:00,4286.935,4287.37,4286.445,4286.735,113.0
2026-09-24 04:45:00,4286.69,4287.43,4286.22,4286.96,184.0
2026-09-24 04:46:00,4287.01,4287.95,4286.445,4287.75,133.0
2026-09-24 04:47:00,4287.705,4288.465,4287.39,4288.335,122.0
2026-09-24 04:48:00,4288.38,4289.03,4288.195,4288.52,272.0
2026-09-24 04:49:00,4288.515,4288.87,4288.07,4288.815,173.0
2026-09-24 04:50:00,4288.83,4289.07,4288.105,4288.79,258.0
2026-09-24 04:51:00,4288.76,4288.855,4288.435,4288.68,177.0
2026-09-24 04:52:00,4288.6,4289.77,4288.6,4289.62,104.0
2026-09-24 04:53:00,4289.67,4289.75,4287.82,4289.6,202.0
2026-09-24 04:54:00,4289.59,4290.115,4289.395,4289.98,160.0
2026-09-24 04:55:00,4289.955,4290.26,4289.645,4290.13,172.0
2026-09-24 04:56:00,4290.115,4290.435,4289.55,4289.83,167.0
2026-09-24 04:57:00,4289.805,4289.985,4289.235,4289.835,116.0
2026-09-24 04:58:00,4289.885,4289.99,4289.3,4289.86,117.0
2026-09-24 04:59:00,4289.855,4289.94,4289.33,4289.575,130.0
2026-09-24 05:00:00,4289.58,4292.105,4289.58,4291.76,353.0
2026-09-24 05:01:00,4291.51,4292.555,4291.02,4292.505,179.0
2026-09-24 05:02:00,4292.395,4292.94,4292.165,4292.6,205.0
2026-09-24 05:03:00,4292.535,4294.79,4292.315,4294.77,232.0
2026-09-24 05:04:00,4294.865,4296.095,4294.865,4295.185,264.0
2026-09-24 05:05:00,4295.175,4296.435,4294.77,4294.775,270.0
2026-09-24 05:06:00,4294.745,4295.205,4292.79,4292.815,321.0
2026-09-24 05:07:00,4292.865,4294.975,4292.865,4293.745,428.0
2026-09-24 05:08:00,4293.75,4295.905,4293.75,4294.11,436.0
2026-09-24 05:09:00,4294.09,4294.97,4293.61,4293.615,397.0
2026-09-24 05:10:00,4293.605,4293.825,4292.775,4292.98,304.0
2026-09-24 05:11:00,4292.985,4293.105,4292.09,4292.175,191.0
2026-09-24 05:12:00,4292.18,4292.215,4291.49,4291.885,189.0
2026-09-24 05:13:00,4291.79,4291.79,4290.69,4290.81,257.0
2026-09-24 05:14:00,4290.79,4290.91,4290.09,4290.32,118.0
2026-09-24 05:15:00,4290.255,4290.385,4288.635,4288.635,192.0
2026-09-24 05:16:00,4288.64,4288.68,4286.25,4286.63,268.0
2026-09-24 05:17:00,4286.505,4288.505,4286.45,4288.42,212.0
2026-09-24 05:18:00,4288.32,4289.215,4287.97,4289.065,186.0
2026-09-24 05:19:00,4289.115,4289.64,4287.51,4289.58,159.0
2026-09-24 05:20:00,4289.63,4291.44,4289.58,4290.325,173.0
2026-09-24 05:21:00,4290.375,4290.695,4288.185,4288.8,260.0
2026-09-24 05:22:00,4288.85,4289.89,4288.8,4289.88,203.0
2026-09-24 05:23:00,4289.82,4290.155,4289.045,4289.98,226.0
2026-09-24 05:24:00,4289.99,4290.09,4289.29,4289.535,192.0
2026-09-24 05:25:00,4289.52,4291.22,4289.485,4290.21,343.0
2026-09-24 05:26:00,4290.205,4290.765,4289.375,4289.47,234.0
2026-09-24 05:27:00,4289.505,4289.57,4288.64,4289.07,243.0
2026-09-24 05:28:00,4289.02,4290.86,4288.88,4290.24,325.0
2026-09-24 05:29:00,4290.27,4290.76,4289.6,4290.725,309.0
2026-09-24 05:30:00,4290.63,4291.105,4288.08,4289.05,903.0
2026-09-24 05:31:00,4289.025,4289.09,4285.41,4285.77,569.0
2026-09-24 05:32:00,4285.785,4288.11,4285.13,4287.34,595.0
2026-09-24 05:33:00,4287.43,4290.5,4286.715,4286.925,674.0
2026-09-24 05:34:00,4286.915,4286.99,4285.215,4285.285,498.0
2026-09-24 05:35:00,4285.22,4285.83,4284.345,4284.385,488.0
2026-09-24 05:36:00,4284.39,4287.22,4284.385,4287.205,527.0
2026-09-24 05:37:00,4287.31,4287.555,4286.13,4286.325,458.0
2026-09-24 05:38:00,4286.315,4287.47,4285.62,4287.44,466.0
2026-09-24 05:39:00,4287.14,4287.245,4283.71,4284.195,594.0
2026-09-24 05:40:00,4284.2,4286.775,4284.08,4284.53,631.0
2026-09-24 05:41:00,4284.47,4284.625,4282.095,4282.935,463.0
2026-09-24 05:42:00,4282.885,4283.355,4281.39,4281.99,537.0
2026-09-24 05:43:00,4282.04,4283.075,4281.19,4281.76,397.0
2026-09-24 05:44:00,4281.72,4281.84,4280.615,4281.065,448.0
2026-09-24 05:45:00,4280.965,4282.89,4280.175,4282.395,526.0
2026-09-24 05:46:00,4282.475,4285.885,4282.41,4284.79,795.0
2026-09-24 05:47:00,4284.72,4285.375,4284.205,4284.97,505.0
2026-09-24 05:48:00,4284.935,4285.155,4284.015,4284.53,426.0
2026-09-24 05:49:00,4284.485,4284.66,4281.655,4282.975,446.0
2026-09-24 05:50:00,4283.13,4284.25,4282.54,4283.14,390.0
2026-09-24 05:51:00,4283.05,4283.375,4282.215,4282.355,270.0
2026-09-24 05:52:00,4282.36,4283.85,4281.985,4283.81,344.0
2026-09-24 05:53:00,4283.745,4284.55,4281.525,4281.685,506.0
2026-09-24 05:54:00,4281.68,4282.19,4280.49,4280.625,449.0
2026-09-24 05:55:00,4280.575,4281.48,4279.91,4280.105,557.0
2026-09-24 05:56:00,4280.085,4280.135,4278.27,4278.465,518.0
2026-09-24 05:57:00,4278.475,4279.29,4277.81,4279.14,558.0
2026-09-24 05:58:00,4279.09,4279.73,4277.995,4278.255,392.0
2026-09-24 05:59:00,4278.28,4280.165,4277.405,4279.3,401.0
2026-09-24 06:00:00,4279.25,4282.29,4279.04,4281.36,723.0
2026-09-24 06:01:00,4281.23,4283.455,4281.0,4282.67,846.0
2026-09-24 06:02:00,4282.68,4283.505,4281.375,4282.395,930.0
2026-09-24 06:03:00,4282.39,4282.765,4281.335,4282.04,801.0
2026-09-24 06:04:00,4282.045,4282.27,4279.44,4279.9,723.0
2026-09-24 06:05:00,4279.93,4282.31,4279.675,4281.965,639.0
2026-09-24 06:06:00,4281.86,4283.38,4281.82,4282.34,751.0
2026-09-24 06:07:00,4282.365,4285.98,4282.34,4285.67,695.0
2026-09-24 06:08:00,4285.735,4286.245,4284.15,4284.15,474.0
2026-09-24 06:09:00,4284.205,4286.43,4283.405,4286.225,519.0
2026-09-24 06:10:00,4286.175,4286.765,4284.64,4285.725,583.0
2026-09-24 06:11:00,4285.715,4286.245,4284.605,4285.01,524.0
2026-09-24 06:12:00,4285.005,4285.585,4283.87,4284.26,433.0
2026-09-24 06:13:00,4284.25,4284.49,4283.205,4283.72,438.0
2026-09-24 06:14:00,4283.725,4283.74,4281.09,4282.225,703.0
2026-09-24 06:15:00,4282.425,4283.015,4281.3,4281.33,631.0
2026-09-24 06:16:00,4281.325,4282.38,4280.57,4281.885,659.0
2026-09-24 06:17:00,4281.935,4284.07,4281.53,4283.195,593.0
2026-09-24 06:18:00,4283.115,4284.805,4280.835,4284.685,638.0
2026-09-24 06:19:00,4284.675,4284.79,4282.895,4283.01,712.0
2026-09-24 06:20:00,4282.92,4285.115,4282.685,4284.265,611.0
2026-09-24 06:21:00,4284.295,4285.77,4284.205,4284.835,919.0
2026-09-24 06:22:00,4284.705,4286.725,4284.205,4286.335,867.0
2026-09-24 06:23:00,4286.405,4286.55,4284.95,4285.185,604.0
2026-09-24 06:24:00,4285.205,4285.39,4283.01,4284.025,685.0
2026-09-24 06:25:00,4284.02,4284.595,4282.935,4283.52,597.0
2026-09-24 06:26:00,4283.51,4284.47,4282.73,4284.31,572.0
2026-09-24 06:27:00,4284.315,4285.115,4283.48,4283.805,534.0
2026-09-24 06:28:00,4283.81,4284.07,4281.43,4281.71,526.0
2026-09-24 06:29:00,4281.66,4282.565,4281.31,4282.035,593.0
2026-09-24 06:30:00,4281.86,4282.725,4280.45,4282.645,571.0
2026-09-24 06:31:00,4282.64,4283.73,4282.595,4282.635,725.0
2026-09-24 06:32:00,4282.65,4283.755,4282.345,4282.54,574.0
2026-09-24 06:33:00,4282.49,4282.59,4280.875,4280.935,506.0
2026-09-24 06:34:00,4280.93,4282.39,4280.08,4281.1,727.0
2026-09-24 06:35:00,4281.1,4281.63,4279.18,4279.18,693.0
2026-09-24 06:36:00,4279.18,4280.0,4278.35,4278.47,568.0
2026-09-24 06:37:00,4278.43,4279.005,4275.33,4278.915,886.0
2026-09-24 06:38:00,4279.015,4279.485,4278.37,4279.17,366.0
2026-09-24 06:39:00,4279.075,4280.57,4278.92,4280.05,319.0
2026-09-24 06:40:00,4280.05,4280.455,4278.945,4279.24,254.0
2026-09-24 06:41:00,4279.14,4279.58,4277.08,4277.165,601.0
2026-09-24 06:42:00,4277.16,4278.42,4276.96,4277.105,492.0
2026-09-24 06:43:00,4277.085,4279.43,4276.835,4278.5,473.0
2026-09-24 06:44:00,4278.495,4279.53,4277.39,4277.975,535.0
2026-09-24 06:45:00,4277.98,4278.18,4276.66,4276.84,339.0
2026-09-24 06:46:00,4276.845,4276.845,4274.95,4274.95,534.0
2026-09-24 06:47:00,4274.885,4275.685,4274.41,4274.85,513.0
2026-09-24 06:48:00,4274.81,4276.03,4274.53,4274.785,372.0
2026-09-24 06:49:00,4274.835,4276.1,4274.435,4275.62,315.0
2026-09-24 06:50:00,4275.92,4277.205,4275.905,4276.83,318.0
2026-09-24 06:51:00,4276.875,4277.13,4275.44,4275.985,323.0
2026-09-24 06:52:00,4276.035,4276.615,4275.265,4276.355,321.0
2026-09-24 06:53:00,4276.36,4278.05,4276.36,4277.57,356.0
2026-09-24 06:54:00,4277.61,4278.1,4276.76,4276.945,324.0
2026-09-24 06:55:00,4276.95,4278.23,4276.95,4278.23,383.0
2026-09-24 06:56:00,4278.11,4278.285,4276.975,4277.02,495.0
2026-09-24 06:57:00,4277.01,4278.02,4276.635,4277.795,427.0
2026-09-24 06:58:00,4277.815,4278.155,4276.45,4277.28,265.0
2026-09-24 06:59:00,4277.185,4277.27,4276.165,4276.445,387.0
2026-09-24 07:00:00,4276.41,4277.67,4275.19,4275.25,738.0
2026-09-24 07:01:00,4275.255,4276.51,4275.2,4276.17,463.0
2026-09-24 07:02:00,4276.165,4276.17,4274.335,4275.4,462.0
2026-09-24 07:03:00,4275.48,4278.81,4275.4,4278.535,584.0
2026-09-24 07:04:00,4278.52,4280.535,4278.235,4280.115,667.0
2026-09-24 07:05:00,4280.07,4282.87,4279.58,4282.78,608.0
2026-09-24 07:06:00,4282.795,4285.095,4282.315,4283.925,711.0
2026-09-24 07:07:00,4283.9,4283.9,4280.735,4281.755,706.0
2026-09-24 07:08:00,4281.635,4283.215,4281.45,4281.73,671.0
2026-09-24 07:09:00,4281.75,4283.61,4281.295,4283.31,651.0
2026-09-24 07:10:00,4283.23,4283.46,4282.085,4282.81,571.0
2026-09-24 07:11:00,4282.79,4283.265,4281.735,4281.97,417.0
2026-09-24 07:12:00,4281.99,4283.85,4281.66,4283.655,483.0
2026-09-24 07:13:00,4283.57,4285.305,4283.155,4284.005,519.0
2026-09-24 07:14:00,4284.0,4284.945,4283.88,4284.135,302.0
2026-09-24 07:15:00,4284.1,4285.36,4283.16,4285.36,605.0
2026-09-24 07:16:00,4285.405,4288.1,4285.335,4286.155,740.0
2026-09-24 07:17:00,4286.09,4286.58,4285.48,4285.505,552.0
2026-09-24 07:18:00,4285.47,4286.85,4284.62,4286.81,470.0
2026-09-24 07:19:00,4286.84,4287.345,4286.16,4286.725,442.0
2026-09-24 07:20:00,4286.745,4286.745,4284.695,4284.885,467.0
2026-09-24 07:21:00,4284.935,4285.14,4283.855,4284.105,334.0
2026-09-24 07:22:00,4284.125,4284.21,4281.44,4281.5,414.0
2026-09-24 07:23:00,4281.47,4283.265,4281.19,4282.075,566.0
2026-09-24 07:24:00,4282.08,4282.655,4281.28,4281.935,709.0
2026-09-24 07:25:00,4281.94,4284.03,4281.865,4283.675,780.0
2026-09-24 07:26:00,4283.635,4283.635,4282.22,4282.495,584.0
2026-09-24 07:27:00,4282.49,4283.72,4282.33,4283.115,363.0
2026-09-24 07:28:00,4283.125,4284.11,4283.125,4283.155,332.0
2026-09-24 07:29:00,4282.985,4285.025,4282.695,4284.91,241.0
2026-09-24 07:30:00,4284.945,4286.28,4284.24,4284.41,784.0
2026-09-24 07:31:00,4284.42,4286.3,4284.075,4284.14,748.0
2026-09-24 07:32:00,4284.13,4287.39,4284.005,4287.125,381.0
2026-09-24 07:33:00,4287.145,4287.835,4286.05,4286.105,449.0
2026-09-24 07:34:00,4286.09,4286.39,4282.16,4282.85,597.0
2026-09-24 07:35:00,4282.88,4285.37,4282.72,4285.37,470.0
2026-09-24 07:36:00,4285.38,4286.73,4285.115,4285.37,365.0
2026-09-24 07:37:00,4285.36,4286.405,4285.155,4286.065,435.0
2026-09-24 07:38:00,4286.035,4286.44,4284.56,4284.785,410.0
2026-09-24 07:39:00,4284.815,4285.17,4284.015,4284.615,371.0
2026-09-24 07:40:00,4284.585,4284.65,4282.3,4282.3,435.0
2026-09-24 07:41:00,4282.28,4282.61,4280.29,4281.14,379.0
2026-09-24 07:42:00,4281.145,4282.09,4280.265,4281.63,283.0
2026-09-24 07:43:00,4281.62,4282.72,4281.21,4281.835,413.0
2026-09-24 07:44:00,4281.955,4283.62,4281.955,4282.98,333.0
2026-09-24 07:45:00,4282.975,4285.025,4282.76,4284.54,317.0
2026-09-24 07:46:00,4284.475,4285.7,4284.14,4284.605,349.0
2026-09-24 07:47:00,4284.57,4284.72,4281.27,4281.27,550.0
2026-09-24 07:48:00,4281.29,4281.9,4280.32,4281.38,590.0
2026-09-24 07:49:00,4281.43,4282.19,4279.805,4280.345,523.0
2026-09-24 07:50:00,4280.34,4281.545,4278.995,4281.435,896.0
2026-09-24 07:51:00,4281.445,4283.035,4280.735,4283.035,873.0
2026-09-24 07:52:00,4283.01,4283.98,4281.98,4282.465,630.0
2026-09-24 07:53:00,4282.5,4283.635,4281.465,4283.41,773.0
2026-09-24 07:54:00,4283.415,4283.845,4282.805,4283.465,731.0
2026-09-24 07:55:00,4283.39,4283.51,4279.315,4279.53,964.0
2026-09-24 07:56:00,4279.475,4280.5,4279.235,4279.665,696.0
2026-09-24 07:57:00,4279.67,4280.38,4279.105,4279.145,738.0
2026-09-24 07:58:00,4279.14,4279.975,4278.415,4278.68,680.0
2026-09-24 07:59:00,4278.69,4278.9,4276.07,4278.72,805.0
2026-09-24 08:00:00,4278.685,4282.885,4277.67,4281.615,1337.0
2026-09-24 08:01:00,4281.395,4284.58,4280.23,4284.125,1251.0
2026-09-24 08:02:00,4283.985,4284.2,4282.58,4283.34,868.0
2026-09-24 08:03:00,4283.365,4285.01,4282.585,4284.355,1136.0
2026-09-24 08:04:00,4284.36,4284.525,4281.3,4284.495,1030.0
2026-09-24 08:05:00,4284.49,4285.635,4282.605,4283.865,691.0
2026-09-24 08:06:00,4283.82,4284.09,4282.22,4283.96,718.0
2026-09-24 08:07:00,4283.97,4284.375,4283.15,4283.81,1058.0
2026-09-24 08:08:00,4283.785,4284.305,4281.63,4281.7,1104.0
2026-09-24 08:09:00,4281.605,4283.445,4281.495,4282.78,1015.0
2026-09-24 08:10:00,4282.785,4283.445,4281.325,4281.61,1178.0
2026-09-24 08:11:00,4281.615,4282.515,4280.11,4280.625,1138.0
2026-09-24 08:12:00,4280.6,4281.12,4278.83,4280.655,807.0
2026-09-24 08:13:00,4280.645,4281.38,4278.94,4279.385,793.0
2026-09-24 08:14:00,4279.34,4279.865,4276.585,4277.45,965.0
2026-09-24 08:15:00,4277.47,4279.305,4270.24,4270.31,1324.0
2026-09-24 08:16:00,4270.295,4272.075,4269.585,4271.065,1628.0
2026-09-24 08:17:00,4271.035,4274.06,4270.33,4270.54,1047.0
2026-09-24 08:18:00,4270.525,4270.56,4268.25,4268.845,1486.0
2026-09-24 08:19:00,4268.86,4272.075,4267.81,4271.31,1359.0
2026-09-24 08:20:00,4271.31,4273.88,4270.385,4270.39,1407.0
2026-09-24 08:21:00,4270.435,4271.035,4267.87,4267.965,1449.0
2026-09-24 08:22:00,4268.095,4270.7,4267.89,4268.755,1404.0
2026-09-24 08:23:00,4268.705,4269.97,4268.135,4268.47,1229.0
2026-09-24 08:24:00,4268.5,4269.11,4264.425,4265.88,1089.0
2026-09-24 08:25:00,4265.92,4267.16,4263.125,4264.165,1649.0
2026-09-24 08:26:00,4264.16,4264.545,4262.655,4264.11,1202.0
2026-09-24 08:27:00,4264.07,4265.925,4262.89,4265.72,1099.0
2026-09-24 08:28:00,4265.74,4265.74,4262.82,4263.585,1001.0
2026-09-24 08:29:00,4263.59,4266.385,4263.235,4264.75,830.0
2026-09-24 08:30:00,4264.66,4268.745,4263.79,4267.695,1139.0
2026-09-24 08:31:00,4267.71,4272.91,4267.71,4272.405,1075.0
2026-09-24 08:32:00,4272.385,4273.945,4271.44,4273.12,976.0
2026-09-24 08:33:00,4273.16,4273.4,4270.45,4271.065,688.0
2026-09-24 08:34:00,4271.135,4271.855,4266.315,4267.3,1497.0
2026-09-24 08:35:00,4267.35,4268.52,4265.54,4267.26,1006.0
2026-09-24 08:36:00,4267.355,4267.915,4265.78,4265.84,804.0
2026-09-24 08:37:00,4265.845,4267.51,4264.4,4267.43,660.0
2026-09-24 08:38:00,4267.45,4268.525,4266.02,4268.065,700.0
2026-09-24 08:39:00,4267.93,4268.96,4267.035,4268.295,699.0
2026-09-24 08:40:00,4268.305,4268.84,4266.32,4266.565,752.0
2026-09-24 08:41:00,4266.53,4268.78,4266.35,4267.545,692.0
2026-09-24 08:42:00,4267.515,4268.33,4266.385,4267.865,489.0
2026-09-24 08:43:00,4267.645,4270.035,4267.575,4270.035,518.0
2026-09-24 08:44:00,4269.94,4269.965,4267.38,4268.04,519.0
2026-09-24 08:45:00,4268.01,4270.095,4267.21,4269.13,490.0
2026-09-24 08:46:00,4268.845,4270.435,4268.32,4269.2,414.0
2026-09-24 08:47:00,4269.18,4270.05,4268.39,4269.665,430.0
2026-09-24 08:48:00,4269.68,4270.54,4268.335,4269.565,336.0
2026-09-24 08:49:00,4269.49,4269.745,4266.945,4267.695,362.0
2026-09-24 08:50:00,4267.7,4267.72,4266.145,4266.145,496.0
2026-09-24 08:51:00,4266.245,4268.39,4266.13,4267.715,461.0
2026-09-24 08:52:00,4267.665,4267.96,4266.085,4267.65,500.0
2026-09-24 08:53:00,4267.655,4267.73,4262.875,4262.945,813.0
2026-09-24 08:54:00,4262.915,4263.305,4261.5,4262.34,780.0
2026-09-24 08:55:00,4262.36,4263.24,4261.235,4262.32,415.0
2026-09-24 08:56:00,4262.36,4263.445,4261.285,4261.47,443.0
2026-09-24 08:57:00,4261.505,4262.215,4261.105,4261.51,446.0
2026-09-24 08:58:00,4261.56,4262.455,4261.2,4261.3,582.0
2026-09-24 08:59:00,4261.455,4261.84,4260.75,4261.5,329.0
2026-09-24 09:00:00,4261.505,4263.08,4259.225,4263.075,849.0
2026-09-24 09:01:00,4263.12,4267.35,4262.39,4265.015,866.0
2026-09-24 09:02:00,4265.035,4265.265,4261.85,4262.145,544.0
2026-09-24 09:03:00,4262.135,4262.825,4259.84,4260.735,373.0
2026-09-24 09:04:00,4260.695,4260.725,4259.12,4259.45,390.0
2026-09-24 09:05:00,4259.47,4260.64,4258.86,4259.74,613.0
2026-09-24 09:06:00,4259.775,4261.925,4259.325,4261.705,436.0
2026-09-24 09:07:00,4261.655,4262.335,4261.005,4261.93,437.0
2026-09-24 09:08:00,4261.945,4264.67,4261.63,4263.725,687.0
2026-09-24 09:09:00,4263.66,4264.76,4262.75,4263.125,384.0
2026-09-24 09:10:00,4263.035,4265.435,4263.035,4264.345,400.0
2026-09-24 09:11:00,4264.365,4265.37,4263.0,4263.815,894.0
2026-09-24 09:12:00,4263.785,4264.075,4260.935,4261.485,806.0
2026-09-24 09:13:00,4261.545,4262.995,4261.085,4262.72,711.0
2026-09-24 09:14:00,4262.73,4263.46,4262.1,4263.23,608.0
2026-09-24 09:15:00,4263.19,4265.45,4262.935,4265.305,918.0
2026-09-24 09:16:00,4265.315,4265.53,4262.06,4262.07,752.0
2026-09-24 09:17:00,4261.91,4264.215,4261.34,4263.25,744.0
2026-09-24 09:18:00,4263.27,4263.405,4261.725,4262.245,1024.0
2026-09-24 09:19:00,4262.2,4263.66,4261.48,4263.03,861.0
2026-09-24 09:20:00,4263.015,4264.525,4262.965,4264.415,601.0
2026-09-24 09:21:00,4264.44,4264.835,4262.305,4262.6,862.0
2026-09-24 09:22:00,4262.63,4263.135,4261.485,4261.775,704.0
2026-09-24 09:23:00,4261.77,4263.915,4261.175,4262.945,804.0
2026-09-24 09:24:00,4262.955,4265.33,4262.385,4263.455,729.0
2026-09-24 09:25:00,4263.46,4264.08,4262.895,4263.38,643.0
2026-09-24 09:26:00,4263.375,4263.755,4261.36,4261.82,399.0
2026-09-24 09:27:00,4261.825,4261.845,4258.34,4258.965,694.0
2026-09-24 09:28:00,4259.025,4259.34,4257.375,4257.765,645.0
2026-09-24 09:29:00,4257.775,4257.775,4255.285,4255.72,710.0
2026-09-24 09:30:00,4255.62,4257.465,4254.42,4257.03,925.0
2026-09-24 09:31:00,4256.93,4259.25,4254.99,4259.06,697.0
2026-09-24 09:32:00,4259.035,4260.545,4258.36,4260.105,575.0
2026-09-24 09:33:00,4260.065,4260.27,4257.43,4258.91,414.0
2026-09-24 09:34:00,4258.86,4259.285,4257.74,4257.78,356.0
2026-09-24 09:35:00,4257.8,4259.46,4257.53,4258.59,452.0
2026-09-24 09:36:00,4258.585,4259.675,4257.915,4258.445,492.0
2026-09-24 09:37:00,4258.435,4258.735,4256.78,4256.84,371.0
2026-09-24 09:38:00,4256.695,4257.045,4255.715,4256.82,550.0
2026-09-24 09:39:00,4256.87,4258.165,4256.37,4257.59,355.0
2026-09-24 09:40:00,4257.505,4258.205,4256.61,4257.84,501.0
2026-09-24 09:41:00,4257.825,4257.85,4254.63,4255.425,479.0
2026-09-24 09:42:00,4255.37,4255.41,4253.595,4254.49,442.0
2026-09-24 09:43:00,4254.42,4254.55,4251.5,4252.17,662.0
2026-09-24 09:44:00,4252.165,4252.455,4250.86,4252.15,617.0
2026-09-24 09:45:00,4252.155,4253.42,4252.04,4252.43,630.0
2026-09-24 09:46:00,4252.345,4254.075,4252.3,4253.97,309.0
2026-09-24 09:47:00,4254.03,4254.35,4253.075,4253.725,480.0
2026-09-24 09:48:00,4253.66,4255.77,4253.165,4253.425,629.0
2026-09-24 09:49:00,4253.385,4254.175,4252.79,4252.855,483.0
2026-09-24 09:50:00,4252.84,4255.985,4252.83,4255.71,494.0
2026-09-24 09:51:00,4255.725,4256.425,4254.75,4255.255,350.0
2026-09-24 09:52:00,4255.25,4255.69,4254.765,4255.16,348.0
2026-09-24 09:53:00,4255.18,4255.56,4253.955,4254.73,387.0
2026-09-24 09:54:00,4254.715,4254.715,4252.605,4253.71,435.0
2026-09-24 09:55:00,4253.705,4255.87,4253.705,4255.23,500.0
2026-09-24 09:56:00,4255.215,4255.82,4254.555,4255.115,388.0
2026-09-24 09:57:00,4255.105,4255.59,4254.36,4254.405,368.0
2026-09-24 09:58:00,4254.49,4254.84,4253.465,4254.585,401.0
2026-09-24 09:59:00,4254.475,4255.97,4254.245,4255.54,449.0
2026-09-24 10:00:00,4255.52,4258.395,4254.64,4258.33,579.0
2026-09-24 10:01:00,4258.325,4259.475,4256.845,4257.5,797.0
2026-09-24 10:02:00,4257.435,4258.005,4254.595,4255.085,871.0
2026-09-24 10:03:00,4254.94,4256.055,4254.42,4255.35,755.0
2026-09-24 10:04:00,4255.335,4256.535,4253.525,4253.525,876.0
2026-09-24 10:05:00,4253.52,4253.655,4251.51,4252.155,863.0
2026-09-24 10:06:00,4252.1,4253.125,4250.465,4250.48,722.0
2026-09-24 10:07:00,4250.5,4251.47,4250.295,4251.465,606.0
2026-09-24 10:08:00,4251.45,4253.165,4251.09,4253.1,621.0
2026-09-24 10:09:00,4253.05,4253.37,4251.765,4252.815,542.0
2026-09-24 10:10:00,4252.855,4257.205,4252.525,4255.63,1664.0
2026-09-24 10:11:00,4255.61,4257.57,4255.39,4255.65,1236.0
2026-09-24 10:12:00,4255.61,4255.96,4254.575,4254.77,416.0
2026-09-24 10:13:00,4254.775,4254.895,4251.85,4251.905,420.0
2026-09-24 10:14:00,4251.925,4252.735,4251.465,4252.2,373.0
2026-09-24 10:15:00,4252.27,4252.525,4250.37,4251.545,551.0
2026-09-24 10:16:00,4251.595,4255.025,4250.765,4254.945,553.0
2026-09-24 10:17:00,4254.935,4255.18,4250.865,4251.335,779.0
2026-09-24 10:18:00,4251.345,4252.315,4249.545,4249.86,413.0
2026-09-24 10:19:00,4249.93,4252.26,4249.7,4251.93,360.0
2026-09-24 10:20:00,4251.935,4253.365,4251.395,4251.4,635.0
2026-09-24 10:21:00,4251.32,4251.48,4248.715,4250.69,994.0
2026-09-24 10:22:00,4250.79,4251.235,4249.43,4249.43,491.0
2026-09-24 10:23:00,4249.38,4249.43,4247.655,4247.755,347.0
2026-09-24 10:24:00,4247.705,4249.66,4247.55,4247.83,949.0
2026-09-24 10:25:00,4247.87,4249.15,4245.71,4246.355,887.0
2026-09-24 10:26:00,4246.44,4250.725,4245.825,4250.38,745.0
2026-09-24 10:27:00,4250.395,4250.89,4248.935,4250.295,713.0
2026-09-24 10:28:00,4250.27,4252.345,4248.325,4249.415,965.0
2026-09-24 10:29:00,4249.38,4249.38,4244.975,4245.695,1026.0
2026-09-24 10:30:00,4245.74,4247.31,4244.27,4245.22,824.0
2026-09-24 10:31:00,4245.205,4249.085,4244.68,4248.96,695.0
2026-09-24 10:32:00,4248.905,4252.06,4248.905,4251.765,665.0
2026-09-24 10:33:00,4251.755,4254.245,4251.745,4252.425,652.0
2026-09-24 10:34:00,4252.47,4254.445,4252.47,4254.12,549.0
2026-09-24 10:35:00,4254.2,4257.595,4253.66,4257.595,837.0
2026-09-24 10:36:00,4257.61,4259.855,4257.28,4259.74,1068.0
2026-09-24 10:37:00,4259.835,4260.715,4258.79,4260.01,640.0
2026-09-24 10:38:00,4260.06,4261.72,4259.19,4261.035,823.0
2026-09-24 10:39:00,4261.025,4262.72,4260.625,4260.66,773.0
2026-09-24 10:40:00,4260.74,4261.335,4259.16,4261.195,628.0
2026-09-24 10:41:00,4261.145,4261.525,4260.275,4261.115,543.0
2026-09-24 10:42:00,4261.1,4262.445,4261.1,4261.755,451.0
2026-09-24 10:43:00,4261.76,4261.76,4259.11,4259.365,351.0
2026-09-24 10:44:00,4259.38,4259.72,4257.98,4258.405,324.0
2026-09-24 10:45:00,4258.425,4258.82,4258.05,4258.08,353.0
2026-09-24 10:46:00,4258.025,4259.995,4257.97,4259.76,304.0
2026-09-24 10:47:00,4259.755,4260.525,4259.665,4259.905,229.0
2026-09-24 10:48:00,4259.83,4260.08,4258.905,4259.825,302.0
2026-09-24 10:49:00,4259.85,4264.52,4259.75,4262.735,1413.0
2026-09-24 10:50:00,4262.685,4263.92,4261.28,4261.565,581.0
2026-09-24 10:51:00,4261.415,4261.565,4258.835,4259.475,439.0
2026-09-24 10:52:00,4259.425,4259.575,4258.27,4258.93,262.0
2026-09-24 10:53:00,4258.935,4259.155,4257.9,4258.0,358.0
2026-09-24 10:54:00,4257.955,4258.9,4257.325,4257.36,490.0
2026-09-24 10:55:00,4257.37,4257.37,4255.895,4257.02,511.0
2026-09-24 10:56:00,4257.015,4257.23,4256.16,4256.865,482.0
2026-09-24 10:57:00,4256.915,4258.71,4256.69,4258.455,426.0
2026-09-24 10:58:00,4258.445,4260.025,4258.4,4258.595,407.0
2026-09-24 10:59:00,4258.595,4258.795,4257.355,4258.375,439.0
2026-09-24 11:00:00,4258.34,4260.655,4257.985,4258.835,1066.0
2026-09-24 11:01:00,4258.88,4259.33,4258.135,4258.855,756.0
2026-09-24 11:02:00,4258.85,4258.97,4257.82,4258.27,530.0
2026-09-24 11:03:00,4258.205,4258.335,4256.655,4256.855,425.0
2026-09-24 11:04:00,4256.85,4256.995,4255.955,4256.04,339.0
2026-09-24 11:05:00,4255.955,4256.735,4255.475,4256.19,416.0
2026-09-24 11:06:00,4256.22,4256.95,4255.945,4256.68,402.0
2026-09-24 11:07:00,4256.63,4256.875,4255.415,4255.625,345.0
2026-09-24 11:08:00,4255.72,4256.55,4252.27,4252.555,434.0
2026-09-24 11:09:00,4252.535,4255.22,4252.125,4255.05,505.0
2026-09-24 11:10:00,4255.065,4256.75,4254.805,4256.46,696.0
2026-09-24 11:11:00,4256.485,4257.065,4255.83,4255.92,600.0
2026-09-24 11:12:00,4255.865,4257.02,4255.265,4255.33,647.0
2026-09-24 11:13:00,4255.34,4257.42,4254.44,4256.9,575.0
2026-09-24 11:14:00,4256.88,4259.46,4256.68,4258.98,755.0
2026-09-24 11:15:00,4258.935,4262.54,4256.86,4261.8,1390.0
2026-09-24 11:16:00,4261.75,4263.995,4260.735,4263.425,1557.0
2026-09-24 11:17:00,4263.45,4263.57,4258.5,4259.095,815.0
2026-09-24 11:18:00,4259.2,4260.605,4258.56,4260.43,639.0
2026-09-24 11:19:00,4260.46,4262.765,4260.45,4261.87,610.0
2026-09-24 11:20:00,4261.845,4266.485,4261.58,4266.095,869.0
2026-09-24 11:21:00,4266.125,4266.175,4264.415,4265.07,367.0
2026-09-24 11:22:00,4265.085,4267.895,4264.7,4266.645,449.0
2026-09-24 11:23:00,4266.655,4266.995,4265.61,4265.78,347.0
2026-09-24 11:24:00,4265.765,4266.375,4264.715,4266.26,518.0
2026-09-24 11:25:00,4266.24,4266.99,4264.83,4265.645,661.0
2026-09-24 11:26:00,4265.685,4267.815,4265.105,4267.815,398.0
2026-09-24 11:27:00,4267.645,4268.025,4265.69,4267.23,384.0
2026-09-24 11:28:00,4267.275,4267.95,4265.32,4265.58,366.0
2026-09-24 11:29:00,4265.655,4265.89,4263.725,4263.87,369.0
2026-09-24 11:30:00,4263.795,4266.1,4263.585,4265.17,541.0
2026-09-24 11:31:00,4265.22,4266.115,4263.855,4263.855,444.0
2026-09-24 11:32:00,4263.765,4264.075,4262.275,4262.335,424.0
2026-09-24 11:33:00,4262.385,4263.18,4261.855,4262.34,317.0
2026-09-24 11:34:00,4262.36,4263.25,4261.335,4261.355,428.0
2026-09-24 11:35:00,4261.35,4261.565,4260.295,4261.275,475.0
2026-09-24 11:36:00,4261.36,4262.43,4261.3,4262.195,471.0
2026-09-24 11:37:00,4262.11,4262.2,4259.59,4259.605,264.0
2026-09-24 11:38:00,4259.645,4260.035,4258.28,4258.305,440.0
2026-09-24 11:39:00,4258.335,4259.93,4258.24,4259.645,348.0
2026-09-24 11:40:00,4259.725,4261.335,4259.725,4259.84,277.0
2026-09-24 11:41:00,4259.785,4260.545,4259.43,4260.15,275.0
2026-09-24 11:42:00,4260.1,4260.43,4259.38,4259.81,334.0
2026-09-24 11:43:00,4259.625,4259.965,4258.54,4259.465,246.0
2026-09-24 11:44:00,4259.47,4260.75,4259.235,4260.75,217.0
2026-09-24 11:45:00,4260.755,4261.25,4259.69,4260.295,322.0
2026-09-24 11:46:00,4260.33,4260.99,4259.835,4259.94,282.0
2026-09-24 11:47:00,4259.985,4261.5,4259.665,4260.12,563.0
2026-09-24 11:48:00,4260.155,4261.575,4260.08,4261.11,492.0
2026-09-24 11:49:00,4261.135,4261.68,4260.445,4260.7,419.0
2026-09-24 11:50:00,4260.825,4261.45,4260.19,4260.595,264.0
2026-09-24 11:51:00,4260.55,4261.125,4260.16,4260.55,299.0
2026-09-24 11:52:00,4260.48,4261.225,4259.905,4260.38,291.0
2026-09-24 11:53:00,4260.32,4260.92,4259.925,4259.965,375.0
2026-09-24 11:54:00,4259.935,4261.225,4259.06,4260.76,387.0
2026-09-24 11:55:00,4260.81,4261.54,4259.44,4260.305,226.0
2026-09-24 11:56:00,4260.35,4261.325,4260.19,4261.275,260.0
2026-09-24 11:57:00,4261.18,4262.13,4260.62,4261.505,440.0
2026-09-24 11:58:00,4261.555,4264.32,4261.38,4264.32,490.0
2026-09-24 11:59:00,4264.25,4266.495,4263.775,4265.965,695.0
2026-09-24 12:00:00,4265.9,4265.91,4262.82,4263.87,604.0
2026-09-24 12:01:00,4263.96,4265.04,4261.75,4262.4,647.0
2026-09-24 12:02:00,4262.405,4266.8,4261.53,4264.54,882.0
2026-09-24 12:03:00,4264.615,4265.165,4260.74,4261.105,632.0
2026-09-24 12:04:00,4261.075,4262.42,4260.51,4261.705,566.0
2026-09-24 12:05:00,4261.67,4262.905,4260.92,4262.62,411.0
2026-09-24 12:06:00,4262.57,4262.955,4260.795,4262.455,381.0
2026-09-24 12:07:00,4262.445,4263.545,4261.38,4262.045,441.0
2026-09-24 12:08:00,4262.12,4266.41,4262.045,4265.99,612.0
2026-09-24 12:09:00,4265.87,4266.395,4264.415,4265.23,527.0
2026-09-24 12:10:00,4265.245,4266.01,4264.475,4265.935,432.0
2026-09-24 12:11:00,4265.895,4266.64,4265.4,4265.655,453.0
2026-09-24 12:12:00,4265.665,4268.305,4265.655,4267.645,536.0
2026-09-24 12:13:00,4267.625,4269.45,4267.13,4268.45,384.0
2026-09-24 12:14:00,4268.37,4270.005,4268.305,4268.775,472.0
2026-09-24 12:15:00,4268.725,4269.505,4267.84,4269.505,312.0
2026-09-24 12:16:00,4269.545,4271.08,4269.405,4270.51,454.0
2026-09-24 12:17:00,4270.485,4271.06,4268.13,4269.07,364.0
2026-09-24 12:18:00,4269.045,4269.94,4268.87,4269.415,381.0
2026-09-24 12:19:00,4269.41,4270.115,4268.365,4269.335,512.0
2026-09-24 12:20:00,4269.405,4271.68,4268.035,4270.035,633.0
2026-09-24 12:21:00,4270.04,4272.385,4269.195,4270.585,826.0
2026-09-24 12:22:00,4270.555,4270.945,4269.365,4269.985,556.0
2026-09-24 12:23:00,4270.01,4271.715,4269.075,4269.31,563.0
2026-09-24 12:24:00,4269.365,4270.945,4266.97,4270.285,677.0
2026-09-24 12:25:00,4270.36,4271.185,4267.05,4269.47,1341.0
2026-09-24 12:26:00,4269.485,4269.775,4267.045,4268.125,553.0
2026-09-24 12:27:00,4268.075,4269.94,4268.075,4269.855,312.0
2026-09-24 12:28:00,4269.905,4270.465,4269.155,4270.075,302.0
2026-09-24 12:29:00,4270.2,4272.125,4270.135,4271.7,305.0
2026-09-24 12:30:00,4271.76,4273.175,4269.735,4271.8,720.0
2026-09-24 12:31:00,4271.695,4271.735,4268.645,4269.065,534.0
2026-09-24 12:32:00,4269.115,4270.83,4268.655,4269.98,472.0
2026-09-24 12:33:00,4270.03,4270.03,4266.0,4266.35,534.0
2026-09-24 12:34:00,4266.26,4268.125,4265.895,4266.955,631.0
2026-09-24 12:35:00,4266.675,4267.155,4264.93,4266.3,481.0
2026-09-24 12:36:00,4266.375,4267.155,4265.22,4266.71,932.0
2026-09-24 12:37:00,4266.675,4269.28,4266.475,4267.22,1176.0
2026-09-24 12:38:00,4267.215,4267.295,4265.36,4267.055,746.0
2026-09-24 12:39:00,4267.195,4268.705,4267.005,4268.43,496.0
2026-09-24 12:40:00,4268.36,4270.855,4268.255,4270.465,635.0
2026-09-24 12:41:00,4270.515,4273.71,4270.425,4273.64,727.0
2026-09-24 12:42:00,4273.595,4274.415,4270.95,4270.95,894.0
2026-09-24 12:43:00,4271.0,4271.98,4269.97,4271.34,1040.0
2026-09-24 12:44:00,4271.35,4272.335,4270.875,4271.865,671.0
2026-09-24 12:45:00,4271.915,4274.49,4271.33,4273.615,515.0
2026-09-24 12:46:00,4273.48,4274.44,4272.835,4273.165,518.0
2026-09-24 12:47:00,4273.23,4274.31,4273.07,4273.895,631.0
2026-09-24 12:48:00,4273.87,4275.025,4273.2,4273.725,507.0
2026-09-24 12:49:00,4273.745,4274.765,4273.195,4274.45,503.0
2026-09-24 12:50:00,4274.44,4276.51,4272.625,4274.245,643.0
2026-09-24 12:51:00,4274.25,4276.095,4274.055,4275.33,607.0
2026-09-24 12:52:00,4275.335,4279.795,4274.9,4279.525,520.0
2026-09-24 12:53:00,4279.425,4279.425,4275.935,4276.265,801.0
2026-09-24 12:54:00,4276.275,4280.545,4276.26,4280.245,867.0
2026-09-24 12:55:00,4280.155,4281.245,4279.3,4281.135,731.0
2026-09-24 12:56:00,4281.165,4283.115,4280.955,4281.965,752.0
2026-09-24 12:57:00,4282.015,4283.37,4281.515,4282.99,482.0
2026-09-24 12:58:00,4283.005,4283.265,4281.35,4282.09,473.0
2026-09-24 12:59:00,4281.95,4283.12,4280.965,4281.115,437.0
2026-09-24 13:00:00,4281.175,4283.38,4280.755,4283.31,821.0
2026-09-24 13:01:00,4283.35,4285.005,4283.05,4284.52,723.0
2026-09-24 13:02:00,4284.525,4284.99,4283.08,4283.87,602.0
2026-09-24 13:03:00,4283.975,4284.19,4279.39,4280.54,702.0
2026-09-24 13:04:00,4280.555,4281.49,4279.96,4280.38,579.0
2026-09-24 13:05:00,4280.33,4282.675,4279.665,4279.97,717.0
2026-09-24 13:06:00,4280.0,4280.28,4279.12,4279.725,696.0
2026-09-24 13:07:00,4279.825,4280.025,4277.71,4277.82,440.0
2026-09-24 13:08:00,4277.815,4280.495,4277.1,4279.94,634.0
2026-09-24 13:09:00,4279.97,4280.32,4278.655,4279.7,452.0
2026-09-24 13:10:00,4279.65,4282.04,4279.44,4280.72,569.0
2026-09-24 13:11:00,4280.705,4282.895,4280.615,4281.43,597.0
2026-09-24 13:12:00,4281.435,4282.675,4280.775,4280.945,623.0
2026-09-24 13:13:00,4280.99,4281.72,4279.555,4280.05,427.0
2026-09-24 13:14:00,4280.07,4280.37,4277.435,4278.23,340.0
2026-09-24 13:15:00,4278.28,4278.65,4276.14,4277.495,557.0
2026-09-24 13:16:00,4277.5,4278.53,4277.135,4277.63,444.0
2026-09-24 13:17:00,4277.625,4278.005,4276.72,4276.83,417.0
2026-09-24 13:18:00,4276.85,4278.92,4276.85,4277.935,355.0
2026-09-24 13:19:00,4277.9,4278.19,4276.605,4278.13,350.0
2026-09-24 13:20:00,4278.11,4279.215,4276.835,4277.14,343.0
2026-09-24 13:21:00,4277.235,4278.025,4276.66,4276.845,298.0
2026-09-24 13:22:00,4276.895,4278.165,4275.815,4278.045,341.0
2026-09-24 13:23:00,4277.995,4277.995,4276.885,4277.01,332.0
2026-09-24 13:24:00,4277.03,4277.415,4276.595,4277.175,305.0
2026-09-24 13:25:00,4277.135,4277.825,4275.75,4276.405,458.0
2026-09-24 13:26:00,4276.39,4278.24,4275.475,4277.865,544.0
2026-09-24 13:27:00,4277.845,4277.895,4275.69,4276.54,484.0
2026-09-24 13:28:00,4276.59,4277.285,4275.565,4276.14,520.0
2026-09-24 13:29:00,4276.065,4277.235,4275.665,4276.49,390.0
2026-09-24 13:30:00,4276.54,4277.905,4274.445,4276.89,1127.0
2026-09-24 13:31:00,4276.94,4277.325,4274.865,4275.455,934.0
2026-09-24 13:32:00,4275.39,4276.08,4273.965,4274.29,828.0
2026-09-24 13:33:00,4274.295,4276.455,4272.82,4273.35,907.0
2026-09-24 13:34:00,4273.4,4274.85,4272.205,4272.93,610.0
2026-09-24 13:35:00,4272.925,4273.47,4271.095,4271.125,983.0
2026-09-24 13:36:00,4271.175,4273.295,4270.7,4272.04,604.0
2026-09-24 13:37:00,4272.09,4273.28,4270.145,4271.285,1071.0
2026-09-24 13:38:00,4271.2,4273.735,4270.935,4273.08,944.0
2026-09-24 13:39:00,4273.13,4275.98,4271.305,4271.655,1185.0
2026-09-24 13:40:00,4271.67,4271.985,4269.49,4269.84,1166.0
2026-09-24 13:41:00,4269.845,4270.18,4267.615,4269.115,832.0
2026-09-24 13:42:00,4269.185,4272.845,4269.185,4271.425,1119.0
2026-09-24 13:43:00,4271.375,4274.08,4270.535,4272.41,809.0
2026-09-24 13:44:00,4272.51,4273.695,4271.3,4273.4,718.0
2026-09-24 13:45:00,4273.41,4276.6,4270.915,4272.635,877.0
2026-09-24 13:46:00,4272.68,4276.355,4272.645,4273.92,873.0
2026-09-24 13:47:00,4273.925,4275.595,4271.31,4271.64,1014.0
2026-09-24 13:48:00,4271.625,4273.045,4271.15,4273.02,894.0
2026-09-24 13:49:00,4273.12,4273.355,4270.36,4271.445,875.0
2026-09-24 13:50:00,4271.295,4271.905,4269.375,4271.245,1059.0
2026-09-24 13:51:00,4271.045,4272.15,4267.905,4268.595,1126.0
2026-09-24 13:52:00,4268.54,4270.96,4268.01,4270.08,733.0
2026-09-24 13:53:00,4269.98,4269.98,4265.95,4266.805,647.0
2026-09-24 13:54:00,4266.935,4269.95,4266.385,4266.4,732.0
2026-09-24 13:55:00,4266.405,4269.245,4266.02,4267.155,714.0
2026-09-24 13:56:00,4266.985,4267.32,4264.995,4266.625,899.0
2026-09-24 13:57:00,4266.49,4266.49,4264.805,4265.48,918.0
2026-09-24 13:58:00,4265.485,4266.865,4265.065,4266.865,1067.0
2026-09-24 13:59:00,4266.87,4268.085,4265.975,4267.755,746.0
2026-09-24 14:00:00,4267.7,4267.7,4265.4,4267.245,1251.0
2026-09-24 14:01:00,4267.12,4268.285,4265.495,4266.455,879.0
2026-09-24 14:02:00,4266.415,4268.54,4266.005,4266.575,984.0
2026-09-24 14:03:00,4266.56,4269.68,4266.245,4269.45,907.0
2026-09-24 14:04:00,4269.4,4271.07,4268.755,4270.875,670.0
2026-09-24 14:05:00,4270.895,4271.05,4267.81,4268.955,937.0
2026-09-24 14:06:00,4268.96,4270.025,4267.785,4269.41,816.0
2026-09-24 14:07:00,4269.41,4273.285,4268.89,4272.38,1182.0
2026-09-24 14:08:00,4272.335,4272.75,4270.4,4271.775,1135.0
2026-09-24 14:09:00,4271.8,4272.36,4268.5,4270.35,1216.0
2026-09-24 14:10:00,4270.335,4270.98,4268.26,4269.225,1088.0
2026-09-24 14:11:00,4269.24,4269.4,4267.41,4268.36,696.0
2026-09-24 14:12:00,4268.395,4268.735,4266.995,4268.625,755.0
2026-09-24 14:13:00,4268.69,4271.14,4268.4,4270.065,920.0
2026-09-24 14:14:00,4270.05,4271.795,4269.595,4269.865,921.0
2026-09-24 14:15:00,4269.91,4271.735,4266.595,4266.78,1193.0
2026-09-24 14:16:00,4266.755,4266.855,4264.29,4266.655,1532.0
2026-09-24 14:17:00,4266.665,4268.745,4264.695,4267.565,1274.0
2026-09-24 14:18:00,4267.56,4269.43,4265.765,4268.07,1259.0
2026-09-24 14:19:00,4268.12,4268.695,4264.75,4265.015,1328.0
2026-09-24 14:20:00,4265.03,4265.095,4263.025,4264.18,1158.0
2026-09-24 14:21:00,4264.22,4264.22,4261.925,4262.56,1194.0
2026-09-24 14:22:00,4262.585,4263.6,4262.16,4262.415,1014.0
2026-09-24 14:23:00,4262.4,4264.03,4261.77,4262.045,977.0
2026-09-24 14:24:00,4262.055,4264.77,4261.145,4263.72,630.0
2026-09-24 14:25:00,4263.63,4263.82,4262.205,4262.405,607.0
2026-09-24 14:26:00,4262.445,4264.63,4261.91,4264.545,616.0
2026-09-24 14:27:00,4264.57,4268.1,4263.8,4267.7,735.0
2026-09-24 14:28:00,4267.71,4268.955,4266.97,4267.18,505.0
2026-09-24 14:29:00,4267.2,4267.725,4266.36,4267.45,671.0
2026-09-24 14:30:00,4267.275,4267.275,4262.105,4262.42,1022.0
2026-09-24 14:31:00,4262.445,4263.18,4260.83,4261.71,886.0
2026-09-24 14:32:00,4261.7,4262.425,4259.89,4260.47,1072.0
2026-09-24 14:33:00,4260.475,4260.675,4256.72,4258.765,823.0
2026-09-24 14:34:00,4258.98,4262.31,4258.98,4261.78,741.0
2026-09-24 14:35:00,4261.72,4262.49,4259.91,4262.25,665.0
2026-09-24 14:36:00,4262.35,4262.35,4260.07,4261.39,513.0
2026-09-24 14:37:00,4261.49,4262.06,4259.785,4260.48,723.0
2026-09-24 14:38:00,4260.435,4260.9,4256.925,4257.035,814.0
2026-09-24 14:39:00,4257.02,4257.325,4255.565,4257.13,891.0
2026-09-24 14:40:00,4257.155,4257.38,4255.325,4255.68,946.0
2026-09-24 14:41:00,4255.655,4255.795,4254.755,4254.755,969.0
2026-09-24 14:42:00,4254.74,4257.32,4254.44,4254.61,1202.0
2026-09-24 14:43:00,4254.635,4256.3,4254.285,4256.3,1097.0
2026-09-24 14:44:00,4256.22,4256.84,4256.09,4256.6,544.0
2026-09-24 14:45:00,4256.67,4256.675,4254.73,4255.295,980.0
2026-09-24 14:46:00,4255.27,4257.63,4254.965,4256.465,894.0
2026-09-24 14:47:00,4256.49,4258.325,4255.73,4257.165,745.0
2026-09-24 14:48:00,4257.14,4258.6,4256.895,4257.9,833.0
2026-09-24 14:49:00,4257.895,4257.995,4256.58,4257.52,721.0
2026-09-24 14:50:00,4257.47,4261.69,4257.31,4258.885,1128.0
2026-09-24 14:51:00,4258.855,4259.49,4258.385,4259.155,662.0
2026-09-24 14:52:00,4259.135,4262.24,4259.13,4260.655,800.0
2026-09-24 14:53:00,4260.625,4261.14,4259.64,4261.14,695.0
2026-09-24 14:54:00,4261.11,4261.8,4259.695,4259.95,688.0
2026-09-24 14:55:00,4259.935,4259.935,4256.875,4257.615,796.0
2026-09-24 14:56:00,4257.6,4257.755,4255.485,4255.595,688.0
2026-09-24 14:57:00,4255.565,4255.575,4253.385,4253.775,774.0
2026-09-24 14:58:00,4253.73,4255.07,4252.535,4253.785,729.0
2026-09-24 14:59:00,4253.695,4254.36,4252.985,4253.195,805.0
2026-09-24 15:00:00,4253.18,4254.27,4252.58,4253.175,1194.0
2026-09-24 15:01:00,4253.125,4253.69,4250.635,4251.975,1153.0
2026-09-24 15:02:00,4251.955,4253.29,4250.345,4251.265,899.0
2026-09-24 15:03:00,4251.325,4253.46,4249.77,4251.355,886.0
2026-09-24 15:04:00,4251.24,4253.46,4250.645,4250.825,830.0
2026-09-24 15:05:00,4250.8,4251.31,4250.32,4250.565,633.0
2026-09-24 15:06:00,4250.63,4251.56,4249.47,4249.925,761.0
2026-09-24 15:07:00,4249.94,4250.915,4248.735,4250.495,900.0
2026-09-24 15:08:00,4250.565,4251.415,4249.65,4250.43,865.0
2026-09-24 15:09:00,4250.465,4250.925,4249.185,4249.74,662.0
2026-09-24 15:10:00,4249.88,4250.915,4249.365,4249.785,613.0
2026-09-24 15:11:00,4249.815,4251.19,4249.685,4250.61,665.0
2026-09-24 15:12:00,4250.605,4250.765,4248.025,4248.375,909.0
2026-09-24 15:13:00,4248.305,4248.385,4244.83,4244.86,1294.0
2026-09-24 15:14:00,4244.815,4247.175,4244.815,4247.175,1000.0
2026-09-24 15:15:00,4247.155,4250.035,4246.505,4248.635,1212.0
2026-09-24 15:16:00,4248.74,4253.215,4248.135,4250.6,1965.0
2026-09-24 15:17:00,4250.645,4252.145,4250.135,4250.57,1290.0
2026-09-24 15:18:00,4250.56,4251.645,4249.475,4251.425,828.0
2026-09-24 15:19:00,4251.4,4253.42,4250.475,4250.565,779.0
2026-09-24 15:20:00,4250.515,4251.885,4249.795,4251.08,916.0
2026-09-24 15:21:00,4251.055,4253.95,4250.645,4253.575,742.0
2026-09-24 15:22:00,4253.57,4254.96,4252.895,4254.955,895.0
2026-09-24 15:23:00,4254.89,4255.525,4254.52,4255.065,604.0
2026-09-24 15:24:00,4255.075,4255.58,4253.975,4255.41,631.0
2026-09-24 15:25:00,4255.43,4255.625,4251.92,4252.345,854.0
2026-09-24 15:26:00,4252.34,4252.49,4251.31,4251.595,701.0
2026-09-24 15:27:00,4251.645,4251.905,4249.24,4249.725,948.0
2026-09-24 15:28:00,4249.715,4251.565,4249.015,4249.875,811.0
2026-09-24 15:29:00,4250.055,4250.795,4249.7,4250.455,547.0
2026-09-24 15:30:00,4250.49,4250.885,4249.135,4249.135,686.0
2026-09-24 15:31:00,4249.02,4249.58,4247.405,4247.59,1109.0
2026-09-24 15:32:00,4247.595,4249.735,4246.51,4248.485,1059.0
2026-09-24 15:33:00,4248.62,4250.15,4248.455,4249.72,800.0
2026-09-24 15:34:00,4249.705,4249.705,4247.275,4247.82,982.0
2026-09-24 15:35:00,4247.765,4249.255,4246.885,4249.245,741.0
2026-09-24 15:36:00,4249.205,4250.855,4248.66,4248.98,778.0
2026-09-24 15:37:00,4248.965,4252.08,4248.925,4251.76,791.0
2026-09-24 15:38:00,4251.75,4253.145,4251.55,4253.06,693.0
2026-09-24 15:39:00,4253.055,4253.855,4251.515,4253.855,687.0
2026-09-24 15:40:00,4253.825,4254.145,4252.345,4252.8,644.0
2026-09-24 15:41:00,4252.82,4254.595,4252.525,4253.2,628.0
2026-09-24 15:42:00,4253.185,4253.95,4252.64,4253.635,513.0
2026-09-24 15:43:00,4253.595,4254.275,4253.06,4254.105,625.0
2026-09-24 15:44:00,4254.1,4255.52,4253.74,4255.345,537.0
2026-09-24 15:45:00,4255.365,4256.645,4255.065,4255.675,721.0
2026-09-24 15:46:00,4255.595,4255.78,4253.49,4254.365,784.0
2026-09-24 15:47:00,4254.355,4257.085,4254.355,4255.73,740.0
2026-09-24 15:48:00,4255.725,4256.1,4254.85,4255.025,752.0
2026-09-24 15:49:00,4255.02,4256.625,4253.925,4254.735,863.0
2026-09-24 15:50:00,4254.72,4258.11,4254.265,4258.105,589.0
2026-09-24 15:51:00,4258.075,4259.875,4258.03,4259.545,819.0
2026-09-24 15:52:00,4259.625,4259.94,4258.34,4258.6,797.0
2026-09-24 15:53:00,4258.57,4260.79,4257.47,4257.535,771.0
2026-09-24 15:54:00,4257.465,4258.1,4256.66,4257.725,681.0
2026-09-24 15:55:00,4257.72,4257.84,4255.27,4255.435,978.0
2026-09-24 15:56:00,4255.405,4257.63,4254.985,4257.065,802.0
2026-09-24 15:57:00,4257.035,4257.85,4256.46,4256.93,477.0
2026-09-24 15:58:00,4256.925,4257.395,4256.29,4256.79,892.0
2026-09-24 15:59:00,4256.725,4257.045,4256.16,4256.775,390.0
2026-09-24 16:00:00,4256.775,4257.725,4255.385,4256.095,642.0
2026-09-24 16:01:00,4255.835,4257.17,4254.655,4256.025,616.0
2026-09-24 16:02:00,4256.05,4257.11,4255.82,4256.38,406.0
2026-09-24 16:03:00,4256.395,4257.785,4255.835,4257.58,496.0
2026-09-24 16:04:00,4257.6,4258.57,4256.72,4258.57,564.0
2026-09-24 16:05:00,4258.365,4258.585,4257.135,4257.705,552.0
2026-09-24 16:06:00,4257.605,4258.13,4254.495,4254.54,535.0
2026-09-24 16:07:00,4254.485,4254.59,4253.185,4253.6,427.0
2026-09-24 16:08:00,4253.595,4254.175,4253.35,4254.11,480.0
2026-09-24 16:09:00,4254.115,4254.255,4252.7,4253.245,324.0
2026-09-24 16:10:00,4253.195,4254.565,4253.195,4253.57,416.0
2026-09-24 16:11:00,4253.52,4253.86,4253.105,4253.72,349.0
2026-09-24 16:12:00,4253.83,4254.945,4253.515,4253.68,372.0
2026-09-24 16:13:00,4253.7,4254.325,4253.12,4253.965,407.0
2026-09-24 16:14:00,4253.87,4259.51,4253.87,4259.305,379.0
2026-09-24 16:15:00,4259.295,4270.455,4258.31,4269.43,3674.0
2026-09-24 16:16:00,4269.38,4287.11,4268.02,4283.3,3751.0
2026-09-24 16:17:00,4283.205,4287.54,4279.08,4280.62,4212.0
2026-09-24 16:18:00,4280.565,4288.555,4276.92,4276.92,3841.0
2026-09-24 16:19:00,4276.94,4280.215,4271.84,4274.68,2667.0
2026-09-24 16:20:00,4274.695,4281.305,4274.465,4275.945,3413.0
2026-09-24 16:21:00,4275.95,4279.435,4274.83,4275.835,2341.0
2026-09-24 16:22:00,4275.855,4277.53,4273.235,4274.43,2055.0
2026-09-24 16:23:00,4274.44,4276.69,4271.75,4271.895,1983.0
2026-09-24 16:24:00,4271.945,4276.5,4271.355,4276.18,1588.0
2026-09-24 16:25:00,4276.215,4278.165,4272.57,4273.68,1672.0
2026-09-24 16:26:00,4273.685,4276.715,4272.775,4274.38,1117.0
2026-09-24 16:27:00,4274.43,4277.195,4271.83,4275.275,1498.0
2026-09-24 16:28:00,4275.22,4276.865,4274.09,4275.625,1636.0
2026-09-24 16:29:00,4275.6,4276.915,4273.595,4275.875,1371.0
2026-09-24 16:30:00,4275.975,4277.195,4275.79,4276.3,1128.0
2026-09-24 16:31:00,4276.385,4278.23,4272.05,4272.1,1045.0
2026-09-24 16:32:00,4272.14,4273.465,4270.555,4272.495,1091.0
2026-09-24 16:33:00,4272.48,4276.91,4271.795,4274.645,1101.0
2026-09-24 16:34:00,4274.62,4276.165,4272.38,4273.71,966.0
2026-09-24 16:35:00,4273.66,4277.065,4272.885,4275.745,1221.0
2026-09-24 16:36:00,4275.795,4277.975,4275.745,4277.895,941.0
2026-09-24 16:37:00,4277.915,4278.845,4276.745,4277.015,1101.0
2026-09-24 16:38:00,4276.995,4277.745,4275.02,4275.535,952.0
2026-09-24 16:39:00,4275.54,4277.405,4274.69,4277.315,1360.0
2026-09-24 16:40:00,4277.305,4278.81,4276.275,4278.805,896.0
2026-09-24 16:41:00,4278.73,4280.795,4278.73,4280.795,993.0
2026-09-24 16:42:00,4280.85,4285.53,4280.85,4283.945,1022.0
2026-09-24 16:43:00,4283.98,4284.34,4279.84,4279.855,970.0
2026-09-24 16:44:00,4279.905,4280.24,4274.25,4274.31,1078.0
2026-09-24 16:45:00,4274.335,4275.225,4272.7,4274.51,1201.0
2026-09-24 16:46:00,4274.585,4277.31,4273.955,4277.31,1162.0
2026-09-24 16:47:00,4277.36,4277.57,4275.155,4275.75,881.0
2026-09-24 16:48:00,4275.785,4277.06,4275.34,4275.96,762.0
2026-09-24 16:49:00,4276.035,4276.405,4275.185,4275.285,690.0
2026-09-24 16:50:00,4275.3,4277.055,4274.205,4274.32,847.0
2026-09-24 16:51:00,4274.37,4278.855,4273.895,4277.89,1096.0
2026-09-24 16:52:00,4277.84,4278.02,4272.97,4273.615,801.0
2026-09-24 16:53:00,4273.63,4274.89,4271.105,4271.985,746.0
2026-09-24 16:54:00,4272.085,4274.095,4271.7,4273.235,671.0
2026-09-24 16:55:00,4273.285,4274.845,4273.0,4274.025,552.0
2026-09-24 16:56:00,4274.075,4275.68,4273.755,4275.52,638.0
2026-09-24 16:57:00,4275.55,4276.425,4274.385,4274.485,538.0
2026-09-24 16:58:00,4274.435,4275.685,4274.285,4274.835,352.0
2026-09-24 16:59:00,4274.885,4274.885,4273.235,4273.235,323.0
2026-09-24 17:00:00,4273.085,4273.16,4270.335,4271.92,672.0
2026-09-24 17:01:00,4271.945,4274.68,4271.065,4272.7,1043.0
2026-09-24 17:02:00,4272.8,4274.335,4268.985,4274.225,1363.0
2026-09-24 17:03:00,4274.305,4278.085,4274.13,4275.315,1368.0
2026-09-24 17:04:00,4275.265,4275.605,4269.79,4271.97,1556.0
2026-09-24 17:05:00,4271.945,4274.34,4271.6,4272.005,1155.0
2026-09-24 17:06:00,4271.96,4273.69,4270.885,4271.69,1456.0
2026-09-24 17:07:00,4271.74,4273.455,4271.14,4271.265,716.0
2026-09-24 17:08:00,4271.215,4272.37,4270.0,4272.255,835.0
2026-09-24 17:09:00,4272.24,4272.24,4270.385,4270.955,766.0
2026-09-24 17:10:00,4271.0,4271.215,4266.43,4268.655,1644.0
2026-09-24 17:11:00,4268.555,4270.055,4267.265,4269.265,880.0
2026-09-24 17:12:00,4269.245,4270.175,4267.855,4269.09,661.0
2026-09-24 17:13:00,4269.075,4270.61,4268.925,4270.525,466.0
2026-09-24 17:14:00,4270.54,4271.815,4270.04,4271.155,690.0
2026-09-24 17:15:00,4271.095,4271.275,4267.25,4267.42,656.0
2026-09-24 17:16:00,4267.405,4269.21,4267.385,4267.515,699.0
2026-09-24 17:17:00,4267.465,4268.08,4265.95,4266.0,460.0
2026-09-24 17:18:00,4266.05,4267.685,4265.33,4267.135,705.0
2026-09-24 17:19:00,4267.085,4267.395,4262.39,4262.56,859.0
2026-09-24 17:20:00,4262.47,4265.49,4261.995,4264.23,1104.0
2026-09-24 17:21:00,4264.22,4265.875,4263.565,4264.385,707.0
2026-09-24 17:22:00,4264.38,4265.69,4264.24,4264.525,605.0
2026-09-24 17:23:00,4264.425,4264.51,4263.245,4263.275,762.0
2026-09-24 17:24:00,4263.225,4264.455,4261.025,4261.475,993.0
2026-09-24 17:25:00,4261.49,4262.69,4260.505,4261.58,1004.0
2026-09-24 17:26:00,4261.66,4261.69,4259.22,4260.065,562.0
2026-09-24 17:27:00,4260.06,4261.205,4259.89,4260.255,845.0
2026-09-24 17:28:00,4260.495,4263.22,4260.285,4262.07,657.0
2026-09-24 17:29:00,4261.975,4263.33,4261.055,4263.105,778.0
2026-09-24 17:30:00,4263.205,4264.455,4262.845,4263.99,836.0
2026-09-24 17:31:00,4263.94,4265.535,4263.595,4264.55,653.0
2026-09-24 17:32:00,4264.545,4265.34,4263.475,4264.795,531.0
2026-09-24 17:33:00,4264.885,4266.97,4264.07,4266.91,759.0
2026-09-24 17:34:00,4266.895,4267.365,4263.055,4263.105,615.0
2026-09-24 17:35:00,4263.055,4263.95,4262.405,4262.875,438.0
2026-09-24 17:36:00,4262.925,4263.885,4262.555,4263.37,441.0
2026-09-24 17:37:00,4263.335,4263.495,4261.98,4262.24,889.0
2026-09-24 17:38:00,4262.235,4263.245,4261.675,4261.96,783.0
2026-09-24 17:39:00,4261.915,4262.96,4261.9,4262.355,314.0
2026-09-24 17:40:00,4262.455,4263.15,4261.985,4262.775,334.0
2026-09-24 17:41:00,4262.825,4262.98,4260.745,4260.745,654.0
2026-09-24 17:42:00,4260.82,4261.995,4260.59,4260.78,436.0
2026-09-24 17:43:00,4260.775,4261.085,4258.9,4259.345,549.0
2026-09-24 17:44:00,4259.39,4259.76,4258.225,4258.91,565.0
2026-09-24 17:45:00,4258.93,4259.495,4257.945,4258.95,562.0
2026-09-24 17:46:00,4258.955,4260.39,4258.775,4259.635,436.0
2026-09-24 17:47:00,4259.685,4260.755,4258.88,4260.695,519.0
2026-09-24 17:48:00,4260.665,4260.665,4258.045,4258.16,809.0
2026-09-24 17:49:00,4258.165,4258.79,4257.955,4258.765,430.0
2026-09-24 17:50:00,4258.7,4259.78,4258.265,4259.575,415.0
2026-09-24 17:51:00,4259.59,4260.065,4258.57,4258.83,419.0
2026-09-24 17:52:00,4258.865,4260.74,4258.84,4260.295,462.0
2026-09-24 17:53:00,4260.235,4261.51,4259.795,4260.37,453.0
2026-09-24 17:54:00,4260.325,4260.91,4259.535,4260.705,677.0
2026-09-24 17:55:00,4260.76,4262.085,4260.56,4261.12,502.0
2026-09-24 17:56:00,4261.235,4262.39,4260.825,4262.06,433.0
2026-09-24 17:57:00,4262.05,4264.385,4261.52,4264.33,586.0
2026-09-24 17:58:00,4264.4,4265.075,4263.805,4265.03,610.0
2026-09-24 17:59:00,4264.94,4266.03,4264.78,4264.895,484.0
2026-09-24 18:00:00,4264.9,4265.915,4263.7,4264.745,982.0
2026-09-24 18:01:00,4264.745,4265.815,4260.52,4261.66,896.0
2026-09-24 18:02:00,4261.71,4262.02,4258.185,4259.05,1122.0
2026-09-24 18:03:00,4259.07,4259.925,4256.405,4256.725,1166.0
2026-09-24 18:04:00,4256.73,4258.4,4256.395,4257.955,736.0
2026-09-24 18:05:00,4257.905,4260.025,4257.38,4258.575,809.0
2026-09-24 18:06:00,4258.6,4262.97,4258.165,4262.02,1103.0
2026-09-24 18:07:00,4261.99,4262.77,4260.845,4262.145,564.0
2026-09-24 18:08:00,4262.195,4263.465,4261.465,4261.665,542.0
2026-09-24 18:09:00,4261.715,4263.235,4261.665,4262.575,351.0
2026-09-24 18:10:00,4262.525,4265.27,4262.33,4265.14,372.0
2026-09-24 18:11:00,4265.09,4267.67,4265.04,4267.305,593.0
2026-09-24 18:12:00,4267.255,4269.32,4267.01,4267.565,941.0
2026-09-24 18:13:00,4267.56,4269.97,4267.38,4269.705,667.0
2026-09-24 18:14:00,4269.655,4269.97,4268.56,4269.795,554.0
2026-09-24 18:15:00,4269.785,4269.91,4267.84,4269.49,1110.0
2026-09-24 18:16:00,4269.495,4272.155,4269.155,4270.855,1007.0
2026-09-24 18:17:00,4270.86,4271.325,4269.015,4270.34,599.0
2026-09-24 18:18:00,4270.28,4271.44,4269.03,4269.04,910.0
2026-09-24 18:19:00,4269.035,4269.485,4268.37,4268.935,808.0
2026-09-24 18:20:00,4268.965,4269.24,4266.975,4267.125,984.0
2026-09-24 18:21:00,4267.03,4268.53,4266.985,4268.155,864.0
2026-09-24 18:22:00,4268.185,4268.63,4267.73,4267.935,788.0
2026-09-24 18:23:00,4267.96,4269.42,4267.47,4269.23,560.0
2026-09-24 18:24:00,4269.17,4269.89,4268.49,4269.19,754.0
2026-09-24 18:25:00,4269.13,4274.245,4268.55,4272.655,1676.0
2026-09-24 18:26:00,4272.605,4275.17,4272.585,4273.94,1025.0
2026-09-24 18:27:00,4273.935,4274.38,4272.855,4272.855,645.0
2026-09-24 18:28:00,4272.83,4274.875,4272.75,4274.155,1002.0
2026-09-24 18:29:00,4274.21,4275.45,4273.79,4274.63,665.0
2026-09-24 18:30:00,4274.615,4276.925,4274.155,4275.83,725.0
2026-09-24 18:31:00,4275.83,4276.045,4273.945,4274.39,639.0
2026-09-24 18:32:00,4274.385,4274.385,4272.435,4272.635,429.0
2026-09-24 18:33:00,4272.735,4274.045,4272.44,4272.58,547.0
2026-09-24 18:34:00,4272.59,4272.605,4270.37,4270.485,494.0
2026-09-24 18:35:00,4270.48,4270.63,4268.1,4268.43,534.0
2026-09-24 18:36:00,4268.395,4269.36,4268.005,4268.025,615.0
2026-09-24 18:37:00,4268.005,4269.665,4267.76,4269.5,559.0
2026-09-24 18:38:00,4269.505,4278.025,4269.505,4277.93,1531.0
2026-09-24 18:39:00,4277.9,4281.935,4277.14,4277.485,1513.0
2026-09-24 18:40:00,4277.555,4277.81,4272.755,4273.94,989.0
2026-09-24 18:41:00,4274.035,4275.065,4272.795,4274.77,897.0
2026-09-24 18:42:00,4274.8,4274.875,4271.735,4272.405,952.0
2026-09-24 18:43:00,4272.385,4272.41,4269.905,4271.215,804.0
2026-09-24 18:44:00,4271.22,4272.215,4271.155,4271.53,851.0
2026-09-24 18:45:00,4271.605,4272.65,4270.735,4271.425,764.0
2026-09-24 18:46:00,4271.47,4272.265,4270.97,4271.63,577.0
2026-09-24 18:47:00,4271.625,4271.845,4270.39,4270.69,540.0
2026-09-24 18:48:00,4270.67,4272.28,4270.67,4272.15,503.0
2026-09-24 18:49:00,4272.17,4272.87,4271.39,4272.655,640.0
2026-09-24 18:50:00,4272.645,4277.13,4272.23,4276.575,1032.0
2026-09-24 18:51:00,4276.59,4276.615,4273.18,4274.555,936.0
2026-09-24 18:52:00,4274.56,4275.33,4274.25,4275.08,683.0
2026-09-24 18:53:00,4275.035,4275.035,4273.305,4273.33,582.0
2026-09-24 18:54:00,4273.34,4274.33,4273.07,4273.575,519.0
2026-09-24 18:55:00,4273.545,4274.575,4273.48,4273.825,521.0
2026-09-24 18:56:00,4273.81,4274.935,4273.76,4274.365,414.0
2026-09-24 18:57:00,4274.415,4274.795,4273.35,4273.395,502.0
2026-09-24 18:58:00,4273.41,4274.83,4273.215,4273.315,472.0
2026-09-24 18:59:00,4273.34,4273.91,4271.505,4271.93,643.0
2026-09-24 19:00:00,4271.945,4272.62,4270.78,4271.945,954.0
2026-09-24 19:01:00,4271.915,4272.39,4268.23,4269.855,1398.0
2026-09-24 19:02:00,4269.86,4270.55,4268.335,4268.795,1273.0
2026-09-24 19:03:00,4268.815,4269.66,4267.1,4267.22,1108.0
2026-09-24 19:04:00,4267.195,4268.465,4267.005,4268.46,880.0
2026-09-24 19:05:00,4268.39,4268.95,4268.19,4268.63,997.0
2026-09-24 19:06:00,4268.54,4270.44,4268.3,4269.51,849.0
2026-09-24 19:07:00,4269.5,4270.5,4268.84,4269.9,931.0
2026-09-24 19:08:00,4269.88,4270.115,4269.205,4269.86,802.0
2026-09-24 19:09:00,4269.82,4269.925,4268.86,4269.92,685.0
2026-09-24 19:10:00,4269.925,4269.945,4268.22,4268.375,692.0
2026-09-24 19:11:00,4268.33,4268.64,4267.485,4268.065,683.0
2026-09-24 19:12:00,4268.075,4268.815,4268.07,4268.61,424.0
2026-09-24 19:13:00,4268.555,4269.48,4268.24,4269.045,463.0
2026-09-24 19:14:00,4269.02,4269.16,4267.48,4267.755,519.0
2026-09-24 19:15:00,4267.725,4269.64,4267.685,4269.55,545.0
2026-09-24 19:16:00,4269.545,4270.345,4269.195,4270.325,382.0
2026-09-24 19:17:00,4270.33,4271.045,4269.41,4270.635,551.0
2026-09-24 19:18:00,4270.6,4271.36,4270.41,4271.125,402.0
2026-09-24 19:19:00,4271.1,4271.385,4269.82,4271.175,360.0
2026-09-24 19:20:00,4271.18,4271.765,4269.58,4269.58,542.0
2026-09-24 19:21:00,4269.64,4271.59,4269.445,4271.15,456.0
2026-09-24 19:22:00,4271.17,4272.005,4270.74,4271.725,452.0
2026-09-24 19:23:00,4271.68,4273.33,4271.01,4273.245,429.0
2026-09-24 19:24:00,4273.155,4274.52,4272.93,4274.515,419.0
2026-09-24 19:25:00,4274.48,4275.9,4274.42,4275.425,449.0
2026-09-24 19:26:00,4275.435,4275.555,4274.6,4275.13,541.0
2026-09-24 19:27:00,4275.11,4275.155,4273.435,4273.805,594.0
2026-09-24 19:28:00,4273.77,4273.925,4272.865,4272.945,484.0
2026-09-24 19:29:00,4272.95,4273.145,4271.535,4272.155,509.0
2026-09-24 19:30:00,4272.17,4273.02,4271.49,4272.005,710.0
2026-09-24 19:31:00,4272.01,4273.095,4271.56,4272.89,368.0
2026-09-24 19:32:00,4272.79,4272.89,4271.535,4272.1,410.0
2026-09-24 19:33:00,4272.105,4272.77,4272.055,4272.745,296.0
2026-09-24 19:34:00,4272.69,4273.215,4271.455,4272.98,440.0
2026-09-24 19:35:00,4273.03,4273.03,4271.72,4272.16,309.0
2026-09-24 19:36:00,4272.2,4273.685,4272.2,4272.445,414.0
2026-09-24 19:37:00,4272.44,4272.69,4271.825,4272.635,319.0
2026-09-24 19:38:00,4272.7,4273.265,4272.305,4272.93,326.0
2026-09-24 19:39:00,4272.94,4275.695,4272.875,4275.595,421.0
2026-09-24 19:40:00,4275.695,4275.725,4274.115,4274.165,471.0
2026-09-24 19:41:00,4274.15,4274.815,4273.91,4274.005,314.0
2026-09-24 19:42:00,4274.02,4274.805,4273.665,4274.435,449.0
2026-09-24 19:43:00,4274.425,4275.675,4274.425,4275.515,435.0
2026-09-24 19:44:00,4275.525,4275.875,4274.465,4274.495,566.0
2026-09-24 19:45:00,4274.49,4275.46,4273.825,4273.91,493.0
2026-09-24 19:46:00,4273.905,4275.31,4273.495,4275.23,521.0
2026-09-24 19:47:00,4275.225,4276.015,4275.06,4275.52,358.0
2026-09-24 19:48:00,4275.51,4275.705,4273.8,4274.325,300.0
2026-09-24 19:49:00,4274.29,4274.85,4273.625,4273.65,396.0
2026-09-24 19:50:00,4273.695,4274.325,4272.77,4273.32,753.0
2026-09-24 19:51:00,4273.35,4274.35,4273.3,4273.93,721.0
2026-09-24 19:52:00,4273.985,4274.57,4273.505,4274.54,322.0
2026-09-24 19:53:00,4274.53,4274.63,4273.45,4274.115,557.0
2026-09-24 19:54:00,4274.17,4275.085,4273.88,4274.995,299.0
2026-09-24 19:55:00,4274.99,4275.23,4273.835,4274.205,743.0
2026-09-24 19:56:00,4274.21,4274.85,4273.58,4274.665,534.0
2026-09-24 19:57:00,4274.66,4274.66,4273.375,4273.52,548.0
2026-09-24 19:58:00,4273.525,4273.665,4272.63,4272.88,499.0
2026-09-24 19:59:00,4272.955,4274.025,4272.5,4273.945,914.0
2026-09-24 20:00:00,4273.905,4274.555,4273.575,4273.74,510.0
2026-09-24 20:01:00,4273.555,4273.96,4272.97,4273.165,318.0
2026-09-24 20:02:00,4273.18,4273.245,4271.905,4272.075,242.0
2026-09-24 20:03:00,4272.115,4272.85,4271.505,4272.84,284.0
2026-09-24 20:04:00,4272.775,4273.145,4271.86,4272.285,197.0
2026-09-24 20:05:00,4272.235,4272.685,4271.705,4271.72,260.0
2026-09-24 20:06:00,4271.715,4272.285,4271.68,4272.265,214.0
2026-09-24 20:07:00,4272.285,4272.465,4271.82,4272.02,146.0
2026-09-24 20:08:00,4272.09,4272.38,4271.535,4271.715,201.0
2026-09-24 20:09:00,4271.775,4271.96,4270.225,4270.545,269.0
2026-09-24 20:10:00,4270.595,4272.51,4270.595,4272.445,361.0
2026-09-24 20:11:00,4272.43,4272.75,4271.485,4272.57,417.0
2026-09-24 20:12:00,4272.575,4273.075,4271.355,4271.53,265.0
2026-09-24 20:13:00,4271.5,4271.75,4270.97,4270.98,252.0
2026-09-24 20:14:00,4271.0,4271.08,4269.94,4270.015,396.0
2026-09-24 20:15:00,4270.0,4270.845,4268.91,4269.025,453.0
2026-09-24 20:16:00,4269.035,4269.74,4268.42,4268.48,454.0
2026-09-24 20:17:00,4268.45,4268.665,4266.32,4266.465,623.0
2026-09-24 20:18:00,4266.485,4266.545,4264.995,4265.745,383.0
2026-09-24 20:19:00,4265.77,4265.86,4265.25,4265.38,212.0
2026-09-24 20:20:00,4265.24,4265.385,4264.61,4264.75,183.0
2026-09-24 20:21:00,4264.715,4265.915,4264.715,4265.84,336.0
2026-09-24 20:22:00,4265.855,4265.995,4264.875,4265.13,244.0
2026-09-24 20:23:00,4265.155,4265.935,4264.565,4265.83,358.0
2026-09-24 20:24:00,4265.88,4266.89,4265.5,4265.93,280.0
2026-09-24 20:25:00,4265.905,4266.91,4265.11,4266.74,250.0
2026-09-24 20:26:00,4266.695,4266.785,4265.4,4265.655,238.0
2026-09-24 20:27:00,4265.67,4266.09,4265.12,4265.53,217.0
2026-09-24 20:28:00,4265.535,4265.78,4265.0,4265.255,235.0
2026-09-24 20:29:00,4265.305,4265.815,4264.515,4265.67,266.0
2026-09-24 20:30:00,4265.755,4266.43,4265.255,4266.18,335.0
2026-09-24 20:31:00,4266.23,4266.405,4265.585,4266.3,189.0
2026-09-24 20:32:00,4266.25,4267.43,4266.19,4267.005,208.0
2026-09-24 20:33:00,4267.02,4267.165,4266.655,4266.875,119.0
2026-09-24 20:34:00,4266.83,4267.12,4266.715,4267.025,134.0
2026-09-24 20:35:00,4267.04,4267.795,4266.815,4267.275,222.0
2026-09-24 20:36:00,4267.29,4267.375,4266.65,4267.125,147.0
2026-09-24 20:37:00,4267.175,4267.28,4266.235,4266.47,152.0
2026-09-24 20:38:00,4266.47,4268.29,4266.365,4268.26,221.0
2026-09-24 20:39:00,4268.27,4268.99,4267.95,4268.98,198.0
2026-09-24 20:40:00,4269.06,4270.88,4268.83,4270.84,290.0
2026-09-24 20:41:00,4270.845,4270.85,4269.365,4269.605,213.0
2026-09-24 20:42:00,4269.615,4270.41,4269.595,4270.17,248.0
2026-09-24 20:43:00,4270.11,4271.685,4269.895,4271.685,287.0
2026-09-24 20:44:00,4271.7,4271.8,4270.84,4270.89,267.0
2026-09-24 20:45:00,4270.93,4272.64,4270.78,4271.52,375.0
2026-09-24 20:46:00,4271.505,4271.535,4270.285,4271.03,288.0
2026-09-24 20:47:00,4271.1,4271.77,4270.93,4271.05,213.0
2026-09-24 20:48:00,4271.08,4271.82,4270.545,4271.705,274.0
2026-09-24 20:49:00,4271.71,4272.19,4271.63,4271.79,249.0
2026-09-24 20:50:00,4271.835,4272.27,4271.225,4271.675,330.0
2026-09-24 20:51:00,4271.68,4272.24,4271.475,4271.93,203.0
2026-09-24 20:52:00,4271.9,4272.08,4271.56,4271.775,193.0
2026-09-24 20:53:00,4271.815,4271.915,4271.395,4271.905,107.0
2026-09-24 20:54:00,4271.94,4273.035,4271.635,4272.94,259.0
2026-09-24 20:55:00,4272.93,4274.65,4272.74,4274.145,324.0
2026-09-24 20:56:00,4274.04,4274.22,4273.57,4274.075,257.0
2026-09-24 20:57:00,4274.07,4275.115,4273.99,4274.57,284.0
2026-09-24 20:58:00,4274.575,4275.185,4273.88,4273.91,248.0
2026-09-24 20:59:00,4273.915,4273.96,4273.8,4273.8,5.0
2026-09-24 22:04:00,4274.82,4274.82,4274.46,4274.46,35.0
2026-09-24 22:05:00,4274.5,4274.615,4271.79,4272.245,375.0
2026-09-24 22:06:00,4272.27,4273.305,4272.245,4272.56,147.0
2026-09-24 22:07:00,4272.555,4273.34,4272.135,4273.195,211.0
2026-09-24 22:08:00,4273.235,4273.275,4272.55,4272.625,129.0
2026-09-24 22:09:00,4272.7,4272.77,4271.64,4272.045,195.0
2026-09-24 22:10:00,4272.035,4272.035,4270.94,4271.555,255.0
2026-09-24 22:11:00,4271.505,4271.575,4270.47,4270.83,270.0
2026-09-24 22:12:00,4270.835,4271.42,4270.71,4270.865,134.0
2026-09-24 22:13:00,4270.85,4271.14,4270.55,4270.835,144.0
2026-09-24 22:14:00,4270.815,4271.43,4270.31,4270.53,206.0
2026-09-24 22:15:00,4270.54,4271.025,4270.43,4270.73,150.0
2026-09-24 22:16:00,4270.735,4270.925,4270.065,4270.27,165.0
2026-09-24 22:17:00,4270.285,4270.92,4270.1,4270.195,173.0
2026-09-24 22:18:00,4270.215,4270.215,4269.465,4269.48,99.0
2026-09-24 22:19:00,4269.505,4269.505,4268.255,4268.475,127.0
2026-09-24 22:20:00,4268.425,4269.21,4268.275,4269.085,153.0
2026-09-24 22:21:00,4269.075,4269.485,4268.185,4268.21,152.0
2026-09-24 22:22:00,4268.285,4269.095,4267.93,4269.045,142.0
2026-09-24 22:23:00,4269.04,4269.175,4268.51,4269.135,173.0
2026-09-24 22:24:00,4269.19,4270.255,4269.085,4270.075,127.0
2026-09-24 22:25:00,4270.125,4270.95,4269.72,4270.755,141.0
2026-09-24 22:26:00,4270.71,4271.505,4270.71,4271.235,127.0
2026-09-24 22:27:00,4271.185,4271.345,4270.725,4270.915,78.0
2026-09-24 22:28:00,4270.985,4271.63,4270.89,4271.5,108.0
2026-09-24 22:29:00,4271.57,4271.69,4271.135,4271.275,174.0
2026-09-24 22:30:00,4271.28,4273.16,4271.25,4272.275,343.0
2026-09-24 22:31:00,4272.25,4272.25,4271.33,4271.49,206.0
2026-09-24 22:32:00,4271.48,4271.835,4270.995,4271.655,202.0
2026-09-24 22:33:00,4271.66,4272.255,4271.48,4272.12,176.0
2026-09-24 22:34:00,4272.145,4272.67,4271.93,4272.145,140.0
2026-09-24 22:35:00,4272.15,4272.255,4270.945,4271.125,141.0
2026-09-24 22:36:00,4271.12,4271.155,4270.77,4271.155,90.0
2026-09-24 22:37:00,4271.14,4271.675,4270.935,4271.59,121.0
2026-09-24 22:38:00,4271.625,4271.835,4270.985,4270.985,186.0
2026-09-24 22:39:00,4271.05,4271.7,4269.39,4270.13,275.0
2026-09-24 22:40:00,4270.075,4271.115,4268.97,4270.745,323.0
2026-09-24 22:41:00,4270.74,4272.125,4270.3,4271.6,404.0
2026-09-24 22:42:00,4271.565,4271.905,4270.75,4271.85,188.0
2026-09-24 22:43:00,4271.88,4272.48,4270.735,4270.88,244.0
2026-09-24 22:44:00,4270.76,4271.6,4270.455,4271.13,195.0
2026-09-24 22:45:00,4271.19,4271.94,4271.095,4271.94,86.0
2026-09-24 22:46:00,4272.03,4272.39,4271.565,4271.72,112.0
2026-09-24 22:47:00,4271.745,4271.93,4270.93,4271.005,114.0
2026-09-24 22:48:00,4271.05,4271.595,4271.03,4271.595,68.0
2026-09-24 22:49:00,4271.665,4272.11,4271.35,4271.485,84.0
2026-09-24 22:50:00,4271.535,4272.24,4271.49,4272.24,99.0
2026-09-24 22:51:00,4272.335,4272.355,4271.475,4271.475,54.0
2026-09-24 22:52:00,4271.48,4271.865,4271.335,4271.555,68.0
2026-09-24 22:53:00,4271.51,4271.975,4271.18,4271.275,123.0
2026-09-24 22:54:00,4271.285,4272.72,4271.275,4272.245,126.0
2026-09-24 22:55:00,4272.24,4273.46,4271.965,4273.015,192.0
2026-09-24 22:56:00,4272.875,4274.615,4272.715,4273.045,301.0
2026-09-24 22:57:00,4273.03,4273.36,4272.83,4273.29,80.0
2026-09-24 22:58:00,4273.29,4273.29,4272.63,4272.65,155.0
2026-09-24 22:59:00,4272.7,4273.015,4272.31,4272.51,159.0
2026-09-24 23:00:00,4272.56,4274.255,4272.56,4273.275,261.0
2026-09-24 23:01:00,4273.285,4273.295,4272.735,4273.225,84.0
2026-09-24 23:02:00,4273.17,4273.68,4272.36,4273.675,185.0
2026-09-24 23:03:00,4273.62,4275.6,4273.425,4274.525,294.0
2026-09-24 23:04:00,4274.52,4274.52,4273.89,4274.145,47.0
2026-09-24 23:05:00,4274.41,4275.105,4273.63,4274.305,140.0
2026-09-24 23:06:00,4274.725,4275.225,4273.68,4273.855,365.0
2026-09-24 23:07:00,4274.005,4274.385,4273.175,4273.175,301.0
2026-09-24 23:08:00,4273.17,4274.39,4272.085,4272.1,483.0
2026-09-24 23:09:00,4272.09,4273.625,4272.01,4273.54,221.0
2026-09-24 23:10:00,4273.535,4273.535,4272.2,4273.04,192.0
2026-09-24 23:11:00,4273.06,4274.33,4272.645,4273.355,261.0
2026-09-24 23:12:00,4273.29,4274.015,4273.19,4273.41,109.0
2026-09-24 23:13:00,4273.415,4274.295,4273.355,4273.66,186.0
2026-09-24 23:14:00,4273.655,4274.8,4272.945,4273.325,266.0
2026-09-24 23:15:00,4273.32,4273.405,4272.615,4273.4,136.0
2026-09-24 23:16:00,4273.38,4274.09,4272.74,4272.895,311.0
2026-09-24 23:17:00,4272.905,4273.505,4271.485,4272.5,305.0
2026-09-24 23:18:00,4272.46,4273.56,4272.265,4273.555,140.0
2026-09-24 23:19:00,4273.56,4275.045,4273.115,4273.34,376.0
2026-09-24 23:20:00,4273.33,4274.26,4272.28,4272.92,259.0
2026-09-24 23:21:00,4272.925,4273.645,4272.56,4273.11,155.0
2026-09-24 23:22:00,4273.105,4273.115,4272.91,4273.005,55.0
2026-09-24 23:23:00,4273.01,4273.545,4272.795,4272.855,180.0
2026-09-24 23:24:00,4272.85,4273.395,4272.845,4273.02,84.0
2026-09-24 23:25:00,4273.085,4273.11,4271.495,4271.615,172.0
2026-09-24 23:26:00,4271.675,4272.48,4271.665,4272.29,142.0
2026-09-24 23:27:00,4272.295,4272.705,4271.9,4272.56,204.0
2026-09-24 23:28:00,4272.555,4272.67,4272.49,4272.495,76.0
2026-09-24 23:29:00,4272.475,4272.575,4271.79,4271.95,162.0
2026-09-24 23:30:00,4271.96,4272.43,4270.85,4272.265,194.0
2026-09-24 23:31:00,4272.27,4273.78,4271.765,4273.53,233.0
2026-09-24 23:32:00,4273.495,4273.495,4272.41,4273.205,117.0
2026-09-24 23:33:00,4273.255,4274.375,4272.75,4273.265,156.0
2026-09-24 23:34:00,4273.365,4273.595,4272.35,4272.64,152.0
2026-09-24 23:35:00,4272.59,4273.495,4272.47,4272.985,153.0
2026-09-24 23:36:00,4273.055,4273.76,4272.945,4273.45,173.0
2026-09-24 23:37:00,4273.455,4273.785,4272.6,4273.615,246.0
2026-09-24 23:38:00,4273.665,4274.67,4273.255,4274.395,99.0
2026-09-24 23:39:00,4274.445,4276.04,4274.39,4274.525,196.0
2026-09-24 23:40:00,4274.555,4274.89,4273.905,4274.115,171.0
2026-09-24 23:41:00,4274.135,4274.485,4273.71,4273.97,139.0
2026-09-24 23:42:00,4273.92,4274.025,4273.44,4273.55,213.0
2026-09-24 23:43:00,4273.54,4274.175,4273.48,4274.085,148.0
2026-09-24 23:44:00,4274.065,4274.55,4273.62,4274.505,210.0
2026-09-24 23:45:00,4274.5,4274.505,4273.4,4273.465,304.0
2026-09-24 23:46:00,4273.46,4273.87,4272.7,4273.24,451.0
2026-09-24 23:47:00,4273.25,4273.97,4273.01,4273.61,229.0
2026-09-24 23:48:00,4273.565,4273.565,4272.65,4272.65,199.0
2026-09-24 23:49:00,4272.635,4272.85,4271.5,4271.69,195.0
2026-09-24 23:50:00,4271.68,4271.83,4270.115,4270.775,234.0
2026-09-24 23:51:00,4270.69,4270.735,4269.715,4269.795,161.0
2026-09-24 23:52:00,4269.77,4270.475,4269.47,4270.42,175.0
2026-09-24 23:53:00,4270.455,4270.66,4269.18,4269.3,144.0
2026-09-24 23:54:00,4269.245,4269.245,4267.425,4267.585,141.0
2026-09-24 23:55:00,4267.535,4267.985,4266.305,4266.55,238.0
2026-09-24 23:56:00,4266.485,4267.12,4265.865,4266.435,174.0
2026-09-24 23:57:00,4266.355,4266.82,4266.155,4266.435,232.0
2026-09-24 23:58:00,4266.405,4266.63,4265.43,4265.48,260.0
2026-09-24 23:59:00,4265.415,4265.82,4264.97,4265.14,322.0
2026-09-25 00:00:00,4265.12,4266.915,4264.315,4266.7,705.0
2026-09-25 00:01:00,4266.69,4269.1,4266.535,4268.645,410.0
2026-09-25 00:02:00,4268.72,4269.755,4268.65,4269.03,438.0
2026-09-25 00:03:00,4269.035,4269.335,4267.835,4268.845,957.0
2026-09-25 00:04:00,4268.76,4270.38,4268.62,4269.825,691.0
2026-09-25 00:05:00,4269.82,4270.08,4268.395,4269.36,483.0
2026-09-25 00:06:00,4269.315,4269.63,4268.035,4268.12,252.0
2026-09-25 00:07:00,4268.07,4268.325,4267.14,4268.035,317.0
2026-09-25 00:08:00,4267.985,4269.085,4267.055,4268.835,564.0
2026-09-25 00:09:00,4268.735,4269.78,4268.57,4268.8,587.0
2026-09-25 00:10:00,4268.775,4269.505,4268.19,4268.72,985.0
2026-09-25 00:11:00,4268.735,4268.84,4267.07,4267.16,643.0
2026-09-25 00:12:00,4267.17,4267.315,4266.095,4266.185,437.0
2026-09-25 00:13:00,4266.165,4268.19,4265.79,4267.845,524.0
2026-09-25 00:14:00,4267.755,4267.755,4266.045,4266.425,786.0
2026-09-25 00:15:00,4266.52,4266.57,4264.825,4266.55,527.0
2026-09-25 00:16:00,4266.665,4268.195,4266.22,4267.88,590.0
2026-09-25 00:17:00,4267.87,4268.62,4267.45,4267.85,395.0
2026-09-25 00:18:00,4267.83,4268.62,4267.22,4267.64,445.0
2026-09-25 00:19:00,4267.645,4267.97,4267.34,4267.575,566.0
2026-09-25 00:20:00,4267.55,4268.04,4266.29,4266.845,696.0
2026-09-25 00:21:00,4266.795,4267.41,4266.54,4266.67,512.0
2026-09-25 00:22:00,4266.69,4269.655,4266.4,4269.58,556.0
2026-09-25 00:23:00,4269.56,4270.47,4269.56,4269.86,281.0
2026-09-25 00:24:00,4269.865,4270.33,4269.345,4269.44,366.0
2026-09-25 00:25:00,4269.405,4270.205,4268.565,4270.175,356.0
2026-09-25 00:26:00,4270.005,4270.625,4269.13,4270.17,369.0
2026-09-25 00:27:00,4270.255,4270.68,4269.34,4269.655,279.0
2026-09-25 00:28:00,4269.77,4269.945,4268.46,4269.44,335.0
2026-09-25 00:29:00,4269.425,4270.605,4268.96,4270.575,421.0
2026-09-25 00:30:00,4270.58,4270.6,4268.42,4268.86,395.0
2026-09-25 00:31:00,4268.63,4268.69,4267.215,4268.425,448.0
2026-09-25 00:32:00,4268.415,4269.45,4267.39,4269.45,383.0
2026-09-25 00:33:00,4269.46,4270.405,4269.19,4269.91,470.0
2026-09-25 00:34:00,4269.89,4269.935,4268.735,4269.81,360.0
2026-09-25 00:35:00,4269.835,4270.715,4269.835,4270.225,400.0
2026-09-25 00:36:00,4270.18,4270.3,4269.05,4269.695,405.0
2026-09-25 00:37:00,4269.795,4270.545,4269.335,4269.605,413.0
2026-09-25 00:38:00,4269.6,4270.135,4268.985,4269.195,339.0
2026-09-25 00:39:00,4269.2,4270.085,4268.97,4269.84,320.0
2026-09-25 00:40:00,4269.745,4272.655,4269.645,4271.63,429.0
2026-09-25 00:41:00,4271.64,4272.545,4271.08,4271.885,417.0
2026-09-25 00:42:00,4271.91,4272.14,4270.825,4272.14,322.0
2026-09-25 00:43:00,4271.99,4272.04,4271.31,4271.47,180.0
2026-09-25 00:44:00,4271.525,4271.785,4271.005,4271.49,258.0
2026-09-25 00:45:00,4271.44,4272.135,4270.835,4271.3,356.0
2026-09-25 00:46:00,4271.345,4271.93,4271.21,4271.5,324.0
2026-09-25 00:47:00,4271.51,4271.94,4270.41,4270.77,358.0
2026-09-25 00:48:00,4270.825,4273.2,4270.77,4272.83,281.0
2026-09-25 00:49:00,4272.795,4273.905,4272.61,4273.35,344.0
2026-09-25 00:50:00,4273.465,4274.365,4272.88,4272.88,302.0
2026-09-25 00:51:00,4272.87,4274.445,4272.665,4273.495,347.0
2026-09-25 00:52:00,4273.465,4273.77,4272.73,4273.4,495.0
2026-09-25 00:53:00,4273.42,4273.815,4272.52,4273.71,324.0
2026-09-25 00:54:00,4273.72,4273.85,4272.825,4273.225,371.0
2026-09-25 00:55:00,4273.17,4274.535,4273.015,4274.385,306.0
2026-09-25 00:56:00,4274.435,4276.67,4274.2,4276.435,480.0
2026-09-25 00:57:00,4276.44,4280.125,4276.415,4280.125,439.0
2026-09-25 00:58:00,4280.145,4280.805,4278.92,4280.535,316.0
2026-09-25 00:59:00,4280.385,4281.175,4278.25,4278.66,392.0
2026-09-25 01:00:00,4278.69,4283.01,4277.065,4282.415,815.0
2026-09-25 01:01:00,4282.405,4283.36,4281.565,4282.825,584.0
2026-09-25 01:02:00,4282.805,4283.32,4282.0,4282.785,449.0
2026-09-25 01:03:00,4282.9,4283.92,4282.56,4283.805,431.0
2026-09-25 01:04:00,4283.835,4283.87,4281.37,4281.57,584.0
2026-09-25 01:05:00,4281.55,4283.735,4280.635,4282.13,452.0
2026-09-25 01:06:00,4282.14,4283.58,4282.14,4282.875,266.0
2026-09-25 01:07:00,4282.665,4283.88,4282.65,4283.53,403.0
2026-09-25 01:08:00,4283.48,4285.33,4283.4,4284.34,403.0
2026-09-25 01:09:00,4284.435,4284.955,4283.925,4284.485,215.0
2026-09-25 01:10:00,4284.64,4285.895,4283.885,4285.85,414.0
2026-09-25 01:11:00,4285.825,4288.175,4285.36,4287.77,430.0
2026-09-25 01:12:00,4287.59,4288.36,4285.57,4285.745,538.0
2026-09-25 01:13:00,4285.795,4289.21,4285.495,4288.78,390.0
2026-09-25 01:14:00,4288.83,4290.64,4287.975,4290.01,370.0
2026-09-25 01:15:00,4290.055,4290.85,4289.91,4290.74,213.0
2026-09-25 01:16:00,4290.735,4290.975,4289.665,4290.805,432.0
2026-09-25 01:17:00,4290.795,4291.85,4289.615,4290.815,657.0
2026-09-25 01:18:00,4290.845,4291.365,4289.665,4290.35,395.0
2026-09-25 01:19:00,4290.34,4290.35,4288.895,4289.685,586.0
2026-09-25 01:20:00,4289.68,4292.005,4289.54,4291.81,797.0
2026-09-25 01:21:00,4291.825,4293.68,4290.725,4293.345,686.0
2026-09-25 01:22:00,4293.35,4293.675,4292.745,4293.01,594.0
2026-09-25 01:23:00,4292.775,4292.955,4291.455,4292.43,434.0
2026-09-25 01:24:00,4292.44,4293.035,4291.99,4292.99,333.0
2026-09-25 01:25:00,4292.96,4293.47,4292.445,4292.73,541.0
2026-09-25 01:26:00,4292.64,4293.35,4292.48,4292.73,366.0
2026-09-25 01:27:00,4292.625,4293.69,4292.23,4292.23,397.0
2026-09-25 01:28:00,4292.225,4294.32,4291.955,4293.69,511.0
2026-09-25 01:29:00,4293.695,4294.19,4293.075,4293.68,702.0
2026-09-25 01:30:00,4293.67,4293.945,4291.74,4292.31,848.0
2026-09-25 01:31:00,4292.285,4293.85,4291.64,4293.095,1024.0
2026-09-25 01:32:00,4293.105,4295.16,4292.815,4293.53,780.0
2026-09-25 01:33:00,4293.56,4294.42,4293.16,4293.265,489.0
2026-09-25 01:34:00,4293.26,4293.305,4292.35,4292.495,400.0
2026-09-25 01:35:00,4292.465,4293.885,4291.59,4293.785,523.0
2026-09-25 01:36:00,4293.795,4295.06,4293.65,4293.825,468.0
2026-09-25 01:37:00,4293.775,4295.275,4293.76,4294.565,508.0
2026-09-25 01:38:00,4294.605,4295.62,4293.925,4295.025,440.0
2026-09-25 01:39:00,4295.03,4295.55,4294.245,4294.73,523.0
2026-09-25 01:40:00,4294.72,4294.82,4293.63,4294.47,420.0
2026-09-25 01:41:00,4294.435,4295.78,4294.2,4294.66,463.0
2026-09-25 01:42:00,4294.68,4295.685,4294.195,4294.795,386.0
2026-09-25 01:43:00,4294.735,4295.895,4294.045,4295.255,539.0
2026-09-25 01:44:00,4295.26,4295.485,4292.57,4292.665,495.0
2026-09-25 01:45:00,4292.675,4292.735,4290.93,4291.145,548.0
2026-09-25 01:46:00,4291.14,4291.575,4290.04,4290.04,491.0
2026-09-25 01:47:00,4290.065,4290.305,4288.47,4289.6,439.0
2026-09-25 01:48:00,4289.56,4289.695,4287.585,4287.77,417.0
2026-09-25 01:49:00,4287.795,4288.71,4287.635,4288.365,436.0
2026-09-25 01:50:00,4288.35,4288.35,4287.34,4287.655,453.0
2026-09-25 01:51:00,4287.635,4287.645,4286.43,4286.74,412.0
2026-09-25 01:52:00,4286.87,4288.42,4286.725,4287.48,451.0
2026-09-25 01:53:00,4287.465,4287.75,4286.58,4287.435,414.0
2026-09-25 01:54:00,4287.435,4287.91,4287.185,4287.595,454.0
2026-09-25 01:55:00,4287.6,4288.27,4287.2,4287.64,491.0
2026-09-25 01:56:00,4287.595,4288.145,4287.185,4287.715,445.0
2026-09-25 01:57:00,4287.75,4288.3,4287.155,4288.025,477.0
2026-09-25 01:58:00,4288.045,4288.76,4287.445,4288.76,249.0
2026-09-25 01:59:00,4288.8,4289.13,4287.73,4287.82,530.0
2026-09-25 02:00:00,4287.84,4289.11,4287.835,4288.795,474.0
2026-09-25 02:01:00,4288.88,4289.08,4288.44,4288.66,286.0
2026-09-25 02:02:00,4288.755,4291.84,4288.68,4291.28,537.0
2026-09-25 02:03:00,4291.275,4292.31,4290.555,4291.315,380.0
2026-09-25 02:04:00,4291.365,4291.89,4291.06,4291.33,307.0
2026-09-25 02:05:00,4291.23,4292.66,4290.87,4291.91,270.0
2026-09-25 02:06:00,4291.965,4293.63,4291.065,4292.99,374.0
2026-09-25 02:07:00,4292.905,4294.58,4292.89,4293.745,451.0
2026-09-25 02:08:00,4293.73,4294.315,4292.81,4293.55,519.0
2026-09-25 02:09:00,4293.53,4295.33,4293.45,4294.69,343.0
2026-09-25 02:10:00,4294.53,4294.92,4293.54,4293.57,437.0
2026-09-25 02:11:00,4293.575,4293.655,4292.645,4292.695,430.0
2026-09-25 02:12:00,4292.715,4293.18,4291.11,4291.11,426.0
2026-09-25 02:13:00,4291.03,4291.75,4290.33,4291.135,492.0
2026-09-25 02:14:00,4291.23,4291.52,4290.11,4290.21,375.0
2026-09-25 02:15:00,4290.215,4290.56,4288.9,4289.48,258.0
2026-09-25 02:16:00,4289.445,4289.625,4288.58,4289.375,313.0
2026-09-25 02:17:00,4289.33,4289.72,4289.025,4289.465,215.0
2026-09-25 02:18:00,4289.44,4290.87,4289.36,4290.86,217.0
2026-09-25 02:19:00,4290.765,4290.97,4290.2,4290.61,293.0
2026-09-25 02:20:00,4290.59,4292.395,4290.41,4291.83,386.0
2026-09-25 02:21:00,4291.835,4292.405,4291.245,4292.08,514.0
2026-09-25 02:22:00,4292.04,4292.33,4290.96,4292.315,502.0
2026-09-25 02:23:00,4292.31,4292.61,4290.37,4290.45,430.0
2026-09-25 02:24:00,4290.5,4291.415,4290.31,4290.5,381.0
2026-09-25 02:25:00,4290.495,4290.54,4289.58,4289.915,363.0
2026-09-25 02:26:00,4290.07,4290.275,4289.52,4290.15,249.0
2026-09-25 02:27:00,4290.2,4290.225,4289.085,4289.21,316.0
2026-09-25 02:28:00,4289.125,4289.65,4288.81,4288.89,364.0
2026-09-25 02:29:00,4289.04,4289.16,4288.015,4288.095,517.0
2026-09-25 02:30:00,4288.085,4288.52,4287.71,4288.02,313.0
2026-09-25 02:31:00,4288.03,4288.405,4287.245,4287.355,265.0
2026-09-25 02:32:00,4287.435,4287.69,4287.16,4287.665,345.0
2026-09-25 02:33:00,4287.595,4288.725,4287.495,4288.28,419.0
2026-09-25 02:34:00,4288.225,4288.225,4287.38,4287.605,384.0
2026-09-25 02:35:00,4287.665,4287.685,4286.42,4286.76,457.0
2026-09-25 02:36:00,4286.785,4288.13,4286.59,4288.085,429.0
2026-09-25 02:37:00,4288.115,4288.115,4284.32,4284.59,621.0
2026-09-25 02:38:00,4284.58,4285.88,4284.285,4285.515,579.0
2026-09-25 02:39:00,4285.465,4286.355,4285.105,4285.13,513.0
2026-09-25 02:40:00,4285.135,4285.485,4284.25,4284.485,466.0
2026-09-25 02:41:00,4284.475,4284.475,4282.765,4282.905,351.0
2026-09-25 02:42:00,4282.885,4283.37,4282.305,4283.2,321.0
2026-09-25 02:43:00,4283.185,4285.255,4283.175,4285.165,252.0
2026-09-25 02:44:00,4285.215,4287.355,4285.21,4285.965,581.0
2026-09-25 02:45:00,4285.955,4286.495,4284.62,4284.73,418.0
2026-09-25 02:46:00,4284.63,4285.22,4282.88,4283.17,481.0
2026-09-25 02:47:00,4283.125,4284.56,4282.585,4282.585,398.0
2026-09-25 02:48:00,4282.605,4282.81,4281.95,4282.03,325.0
2026-09-25 02:49:00,4282.08,4282.18,4280.77,4280.78,327.0
2026-09-25 02:50:00,4280.77,4280.985,4279.43,4280.17,351.0
2026-09-25 02:51:00,4280.185,4280.235,4277.66,4279.765,390.0
2026-09-25 02:52:00,4279.66,4279.98,4278.545,4279.3,395.0
2026-09-25 02:53:00,4279.385,4281.445,4279.215,4280.795,506.0
2026-09-25 02:54:00,4280.79,4282.79,4280.185,4282.645,438.0
2026-09-25 02:55:00,4282.605,4282.955,4281.48,4282.765,429.0
2026-09-25 02:56:00,4282.775,4283.955,4282.55,4283.005,422.0
2026-09-25 02:57:00,4282.99,4284.165,4282.68,4283.305,387.0
2026-09-25 02:58:00,4283.3,4283.88,4283.06,4283.44,180.0
2026-09-25 02:59:00,4283.43,4283.99,4283.28,4283.935,200.0
2026-09-25 03:00:00,4283.97,4284.74,4283.495,4283.81,560.0
2026-09-25 03:01:00,4283.705,4284.665,4282.675,4282.96,596.0
2026-09-25 03:02:00,4282.955,4283.405,4282.62,4283.17,292.0
2026-09-25 03:03:00,4282.885,4283.495,4282.56,4282.775,292.0
2026-09-25 03:04:00,4282.79,4283.8,4282.31,4283.755,348.0
2026-09-25 03:05:00,4283.76,4285.645,4283.59,4284.45,417.0
2026-09-25 03:06:00,4284.4,4286.45,4284.04,4285.495,474.0
2026-09-25 03:07:00,4285.455,4286.075,4284.605,4286.075,375.0
2026-09-25 03:08:00,4286.085,4286.215,4284.32,4284.415,212.0
2026-09-25 03:09:00,4284.385,4284.84,4283.995,4284.69,215.0
2026-09-25 03:10:00,4284.655,4284.685,4283.185,4283.905,319.0
2026-09-25 03:11:00,4283.955,4284.66,4283.83,4283.97,177.0
2026-09-25 03:12:00,4283.935,4284.375,4283.695,4283.875,198.0
2026-09-25 03:13:00,4283.85,4283.875,4282.655,4282.96,373.0
2026-09-25 03:14:00,4282.945,4283.585,4282.34,4282.605,577.0
2026-09-25 03:15:00,4282.61,4284.71,4282.595,4284.015,418.0
2026-09-25 03:16:00,4284.02,4284.67,4283.69,4283.845,522.0
2026-09-25 03:17:00,4283.765,4283.84,4282.525,4282.69,410.0
2026-09-25 03:18:00,4282.7,4283.625,4282.5,4283.3,351.0
2026-09-25 03:19:00,4283.245,4283.97,4283.055,4283.67,208.0
2026-09-25 03:20:00,4283.68,4284.44,4283.24,4283.5,339.0
2026-09-25 03:21:00,4283.495,4284.51,4283.46,4284.005,279.0
2026-09-25 03:22:00,4284.015,4284.32,4283.515,4283.58,296.0
2026-09-25 03:23:00,4283.565,4283.68,4282.615,4282.65,372.0
2026-09-25 03:24:00,4282.615,4282.775,4282.215,4282.53,195.0
2026-09-25 03:25:00,4282.5,4282.985,4281.165,4281.88,366.0
2026-09-25 03:26:00,4281.89,4281.975,4279.4,4279.435,324.0
2026-09-25 03:27:00,4279.485,4279.735,4278.59,4279.28,226.0
2026-09-25 03:28:00,4279.225,4279.9,4278.67,4278.865,518.0
2026-09-25 03:29:00,4278.82,4278.835,4278.09,4278.16,451.0
2026-09-25 03:30:00,4278.26,4278.445,4276.815,4278.055,688.0
2026-09-25 03:31:00,4278.07,4278.155,4276.77,4277.57,389.0
2026-09-25 03:32:00,4277.545,4277.91,4277.155,4277.465,402.0
2026-09-25 03:33:00,4277.44,4278.325,4277.08,4278.045,402.0
2026-09-25 03:34:00,4278.01,4278.045,4276.195,4276.64,407.0
2026-09-25 03:35:00,4276.7,4277.13,4275.935,4276.21,494.0
2026-09-25 03:36:00,4276.25,4276.4,4273.845,4273.95,656.0
2026-09-25 03:37:00,4273.945,4274.985,4273.68,4274.71,638.0
2026-09-25 03:38:00,4274.715,4275.845,4274.145,4275.065,547.0
2026-09-25 03:39:00,4275.085,4275.475,4274.56,4274.78,349.0
2026-09-25 03:40:00,4274.785,4275.34,4274.22,4275.08,332.0
2026-09-25 03:41:00,4275.105,4275.205,4274.12,4274.705,454.0
2026-09-25 03:42:00,4274.715,4276.05,4274.57,4275.515,424.0
2026-09-25 03:43:00,4275.535,4275.975,4274.465,4275.27,391.0
2026-09-25 03:44:00,4275.285,4275.53,4273.65,4273.65,364.0
2026-09-25 03:45:00,4273.64,4274.425,4272.9,4272.9,408.0
2026-09-25 03:46:00,4272.82,4273.19,4271.52,4272.6,551.0
2026-09-25 03:47:00,4272.615,4272.835,4271.955,4271.98,420.0
2026-09-25 03:48:00,4271.985,4272.675,4271.59,4272.18,484.0
2026-09-25 03:49:00,4272.275,4272.41,4271.335,4271.86,504.0
2026-09-25 03:50:00,4271.865,4273.175,4271.41,4272.665,561.0
2026-09-25 03:51:00,4272.67,4273.15,4271.885,4273.01,536.0
2026-09-25 03:52:00,4272.985,4273.125,4272.195,4272.275,396.0
2026-09-25 03:53:00,4272.285,4272.755,4271.635,4271.64,240.0
2026-09-25 03:54:00,4271.82,4272.48,4271.34,4271.89,324.0
2026-09-25 03:55:00,4271.945,4272.205,4271.0,4272.03,360.0
2026-09-25 03:56:00,4272.075,4272.13,4271.235,4271.62,350.0
2026-09-25 03:57:00,4271.625,4271.625,4270.72,4271.245,331.0
2026-09-25 03:58:00,4271.29,4271.32,4270.53,4271.005,360.0
2026-09-25 03:59:00,4270.955,4271.105,4269.655,4269.94,445.0
2026-09-25 04:00:00,4269.935,4270.35,4269.65,4269.93,441.0
2026-09-25 04:01:00,4269.94,4270.845,4269.875,4270.68,406.0
2026-09-25 04:02:00,4270.8,4271.24,4270.22,4270.45,282.0
2026-09-25 04:03:00,4270.485,4270.645,4268.955,4270.645,639.0
2026-09-25 04:04:00,4270.625,4271.425,4270.5,4271.215,371.0
2026-09-25 04:05:00,4271.225,4272.065,4271.165,4271.52,382.0
2026-09-25 04:06:00,4271.49,4271.96,4269.305,4269.425,482.0
2026-09-25 04:07:00,4269.5,4270.84,4269.16,4269.795,548.0
2026-09-25 04:08:00,4269.75,4270.67,4269.665,4269.76,286.0
2026-09-25 04:09:00,4269.75,4271.195,4268.965,4270.74,344.0
2026-09-25 04:10:00,4270.695,4270.695,4269.815,4269.83,198.0
2026-09-25 04:11:00,4269.835,4270.175,4269.245,4269.92,204.0
2026-09-25 04:12:00,4270.005,4270.375,4269.49,4269.94,132.0
2026-09-25 04:13:00,4269.935,4270.42,4268.81,4268.84,239.0
2026-09-25 04:14:00,4268.845,4269.075,4268.155,4268.335,209.0
2026-09-25 04:15:00,4268.23,4268.83,4267.685,4268.7,268.0
2026-09-25 04:16:00,4268.75,4268.865,4268.24,4268.5,201.0
2026-09-25 04:17:00,4268.48,4269.32,4268.375,4269.32,182.0
2026-09-25 04:18:00,4269.355,4269.9,4267.805,4268.135,368.0
2026-09-25 04:19:00,4268.14,4268.895,4267.75,4268.815,295.0
2026-09-25 04:20:00,4268.755,4269.56,4268.29,4269.355,316.0
2026-09-25 04:21:00,4269.38,4269.485,4268.565,4268.585,241.0
2026-09-25 04:22:00,4268.635,4270.165,4268.635,4270.095,220.0
2026-09-25 04:23:00,4269.945,4270.075,4269.24,4269.755,120.0
2026-09-25 04:24:00,4269.805,4270.86,4269.63,4270.725,171.0
2026-09-25 04:25:00,4270.755,4271.17,4270.1,4270.545,342.0
2026-09-25 04:26:00,4270.515,4271.25,4269.995,4270.57,318.0
2026-09-25 04:27:00,4270.565,4271.34,4270.15,4271.0,352.0
2026-09-25 04:28:00,4270.995,4271.49,4270.99,4271.415,374.0
2026-09-25 04:29:00,4271.445,4272.03,4271.345,4271.345,307.0
2026-09-25 04:30:00,4271.33,4272.14,4270.88,4271.575,292.0
2026-09-25 04:31:00,4271.485,4271.96,4271.04,4271.065,211.0
2026-09-25 04:32:00,4271.115,4272.085,4270.98,4271.095,245.0
2026-09-25 04:33:00,4271.055,4271.4,4270.49,4271.05,221.0
2026-09-25 04:34:00,4271.13,4271.74,4270.895,4271.525,261.0
2026-09-25 04:35:00,4271.485,4272.125,4270.835,4271.45,416.0
2026-09-25 04:36:00,4271.43,4271.555,4270.69,4270.795,284.0
2026-09-25 04:37:00,4270.76,4271.405,4270.595,4270.935,189.0
2026-09-25 04:38:00,4270.97,4272.295,4270.76,4271.205,328.0
2026-09-25 04:39:00,4271.215,4271.215,4270.275,4270.81,219.0
2026-09-25 04:40:00,4270.78,4272.66,4270.78,4272.645,295.0
2026-09-25 04:41:00,4272.6,4273.025,4271.85,4272.385,328.0
2026-09-25 04:42:00,4272.305,4273.015,4271.995,4272.765,244.0
2026-09-25 04:43:00,4272.755,4273.665,4272.37,4272.535,335.0
2026-09-25 04:44:00,4272.42,4272.75,4271.8,4272.1,193.0
2026-09-25 04:45:00,4271.995,4273.12,4271.99,4272.915,196.0
2026-09-25 04:46:00,4272.92,4273.44,4271.93,4272.095,234.0
2026-09-25 04:47:00,4272.015,4272.415,4271.335,4271.39,187.0
2026-09-25 04:48:00,4271.44,4272.085,4271.015,4272.085,167.0
2026-09-25 04:49:00,4272.0,4272.13,4270.075,4270.075,325.0
2026-09-25 04:50:00,4270.05,4270.05,4268.21,4268.85,425.0
2026-09-25 04:51:00,4268.9,4270.075,4268.85,4269.225,193.0
2026-09-25 04:52:00,4269.21,4269.75,4267.445,4267.445,439.0
2026-09-25 04:53:00,4267.415,4268.595,4267.175,4267.68,378.0
2026-09-25 04:54:00,4267.74,4268.28,4267.365,4268.28,212.0
2026-09-25 04:55:00,4268.22,4268.22,4267.065,4267.31,191.0
2026-09-25 04:56:00,4267.195,4267.345,4263.62,4264.605,455.0
2026-09-25 04:57:00,4264.67,4265.435,4263.5,4263.655,473.0
2026-09-25 04:58:00,4263.66,4263.905,4262.76,4262.93,576.0
2026-09-25 04:59:00,4262.91,4263.62,4262.88,4263.095,388.0
2026-09-25 05:00:00,4263.08,4263.82,4261.18,4263.645,457.0
2026-09-25 05:01:00,4263.625,4264.08,4262.09,4262.09,482.0
2026-09-25 05:02:00,4262.07,4262.46,4260.735,4261.545,592.0
2026-09-25 05:03:00,4261.52,4261.885,4260.525,4260.785,553.0
2026-09-25 05:04:00,4260.655,4261.235,4258.785,4260.08,570.0
2026-09-25 05:05:00,4260.085,4262.75,4259.98,4261.82,557.0
2026-09-25 05:06:00,4261.845,4261.935,4260.605,4260.965,302.0
2026-09-25 05:07:00,4260.84,4261.085,4259.63,4259.865,273.0
2026-09-25 05:08:00,4259.94,4261.35,4259.145,4261.34,496.0
2026-09-25 05:09:00,4261.345,4261.95,4259.43,4259.915,511.0
2026-09-25 05:10:00,4259.96,4260.635,4256.545,4257.18,575.0
2026-09-25 05:11:00,4257.15,4258.96,4257.15,4258.76,416.0
2026-09-25 05:12:00,4258.78,4259.655,4257.155,4258.2,425.0
2026-09-25 05:13:00,4258.28,4258.355,4256.985,4257.645,283.0
2026-09-25 05:14:00,4257.65,4258.055,4256.355,4257.22,666.0
2026-09-25 05:15:00,4257.225,4259.415,4256.895,4259.175,611.0
2026-09-25 05:16:00,4259.185,4260.325,4258.5,4259.555,577.0
2026-09-25 05:17:00,4259.565,4260.465,4259.545,4259.76,410.0
2026-09-25 05:18:00,4259.78,4261.185,4259.78,4260.235,423.0
2026-09-25 05:19:00,4260.24,4260.83,4259.69,4260.78,424.0
2026-09-25 05:20:00,4260.8,4261.815,4260.77,4260.97,439.0
2026-09-25 05:21:00,4260.975,4261.94,4260.95,4261.795,478.0
2026-09-25 05:22:00,4261.78,4262.015,4260.995,4261.425,338.0
2026-09-25 05:23:00,4261.375,4261.69,4260.945,4260.99,210.0
2026-09-25 05:24:00,4261.015,4261.67,4259.62,4259.775,370.0
2026-09-25 05:25:00,4259.855,4261.735,4259.855,4261.57,214.0
2026-09-25 05:26:00,4261.62,4262.46,4261.075,4262.24,213.0
2026-09-25 05:27:00,4262.19,4263.4,4261.9,4263.35,249.0
2026-09-25 05:28:00,4263.275,4265.265,4263.19,4264.75,288.0
2026-09-25 05:29:00,4264.745,4264.75,4263.85,4264.305,181.0
2026-09-25 05:30:00,4264.28,4266.19,4263.25,4266.19,515.0
2026-09-25 05:31:00,4266.185,4268.425,4266.185,4268.255,469.0
2026-09-25 05:32:00,4268.27,4270.36,4268.27,4268.85,599.0
2026-09-25 05:33:00,4269.0,4272.95,4269.0,4272.28,997.0
2026-09-25 05:34:00,4272.29,4272.835,4268.43,4269.17,814.0
2026-09-25 05:35:00,4269.175,4270.22,4267.34,4267.84,726.0
2026-09-25 05:36:00,4267.845,4268.765,4265.75,4267.47,612.0
2026-09-25 05:37:00,4267.475,4269.6,4267.355,4268.45,583.0
2026-09-25 05:38:00,4268.455,4271.885,4267.885,4270.365,659.0
2026-09-25 05:39:00,4270.265,4275.34,4269.865,4273.415,720.0
2026-09-25 05:40:00,4273.43,4274.825,4273.32,4274.63,495.0
2026-09-25 05:41:00,4274.58,4275.535,4273.095,4273.87,781.0
2026-09-25 05:42:00,4273.865,4274.225,4272.91,4272.91,446.0
2026-09-25 05:43:00,4272.82,4273.845,4272.035,4273.35,504.0
2026-09-25 05:44:00,4273.32,4274.565,4273.055,4274.555,561.0
2026-09-25 05:45:00,4274.55,4275.475,4273.69,4274.355,733.0
2026-09-25 05:46:00,4274.345,4274.895,4273.55,4274.865,573.0
2026-09-25 05:47:00,4274.88,4275.805,4272.72,4272.905,567.0
2026-09-25 05:48:00,4272.85,4272.905,4271.635,4272.03,715.0
2026-09-25 05:49:00,4272.065,4272.065,4270.72,4271.005,568.0
2026-09-25 05:50:00,4270.99,4271.535,4269.8,4271.235,477.0
2026-09-25 05:51:00,4271.23,4271.685,4270.63,4271.57,534.0
2026-09-25 05:52:00,4271.61,4272.35,4270.12,4270.24,675.0
2026-09-25 05:53:00,4270.155,4270.23,4268.35,4268.665,546.0
2026-09-25 05:54:00,4268.69,4269.285,4268.455,4268.455,356.0
2026-09-25 05:55:00,4268.38,4268.865,4268.025,4268.31,597.0
2026-09-25 05:56:00,4268.315,4268.68,4266.56,4266.56,543.0
2026-09-25 05:57:00,4266.585,4266.87,4265.745,4266.605,460.0
2026-09-25 05:58:00,4266.605,4267.655,4266.385,4267.645,551.0
2026-09-25 05:59:00,4267.555,4267.83,4266.52,4266.82,329.0
2026-09-25 06:00:00,4266.795,4271.115,4266.23,4268.275,1379.0
2026-09-25 06:01:00,4268.305,4271.755,4267.67,4271.5,851.0
2026-09-25 06:02:00,4271.415,4271.88,4270.57,4270.625,606.0
2026-09-25 06:03:00,4270.585,4271.01,4269.755,4269.995,594.0
2026-09-25 06:04:00,4269.985,4272.045,4269.65,4271.995,538.0
2026-09-25 06:05:00,4272.05,4272.28,4268.57,4268.96,705.0
2026-09-25 06:06:00,4268.965,4269.735,4267.79,4267.845,443.0
2026-09-25 06:07:00,4267.85,4268.765,4267.51,4268.225,446.0
2026-09-25 06:08:00,4268.22,4268.685,4267.54,4267.85,325.0
2026-09-25 06:09:00,4267.72,4268.375,4267.54,4268.125,347.0
2026-09-25 06:10:00,4268.165,4271.17,4268.165,4271.17,529.0
2026-09-25 06:11:00,4271.25,4274.33,4270.77,4274.085,415.0
2026-09-25 06:12:00,4274.08,4275.56,4274.08,4274.96,544.0
2026-09-25 06:13:00,4274.93,4274.93,4273.695,4274.5,649.0
2026-09-25 06:14:00,4274.485,4275.665,4273.565,4274.78,728.0
2026-09-25 06:15:00,4274.775,4277.32,4274.265,4276.845,1019.0
2026-09-25 06:16:00,4276.8,4280.915,4276.505,4280.31,892.0
2026-09-25 06:17:00,4280.255,4281.655,4278.76,4279.89,797.0
2026-09-25 06:18:00,4279.745,4279.76,4278.34,4279.06,442.0
2026-09-25 06:19:00,4279.07,4279.07,4277.285,4278.11,450.0
2026-09-25 06:20:00,4277.965,4279.89,4277.81,4279.69,644.0
2026-09-25 06:21:00,4279.68,4281.21,4279.325,4279.47,705.0
2026-09-25 06:22:00,4279.345,4281.025,4277.33,4277.33,673.0
2026-09-25 06:23:00,4277.335,4278.085,4275.855,4276.185,568.0
2026-09-25 06:24:00,4276.19,4279.215,4275.47,4278.38,654.0
2026-09-25 06:25:00,4278.36,4279.075,4276.78,4277.12,898.0
2026-09-25 06:26:00,4277.08,4278.0,4276.44,4276.7,578.0
2026-09-25 06:27:00,4276.755,4278.08,4276.275,4277.615,645.0
2026-09-25 06:28:00,4277.6,4278.4,4274.565,4275.14,739.0
2026-09-25 06:29:00,4275.17,4275.725,4274.245,4274.95,540.0
2026-09-25 06:30:00,4274.975,4275.52,4274.47,4275.2,624.0
2026-09-25 06:31:00,4275.07,4275.845,4274.875,4274.95,508.0
2026-09-25 06:32:00,4274.985,4275.495,4274.685,4275.25,409.0
2026-09-25 06:33:00,4275.255,4275.715,4274.685,4275.225,480.0
2026-09-25 06:34:00,4275.235,4276.625,4275.015,4276.49,579.0
2026-09-25 06:35:00,4276.41,4277.56,4275.46,4276.97,647.0
2026-09-25 06:36:00,4276.825,4277.18,4274.84,4274.955,732.0
2026-09-25 06:37:00,4275.0,4276.3,4274.37,4275.72,511.0
2026-09-25 06:38:00,4275.78,4277.595,4275.78,4277.02,405.0
2026-09-25 06:39:00,4276.98,4277.145,4275.895,4276.995,423.0
2026-09-25 06:40:00,4277.06,4277.2,4276.49,4276.93,328.0
2026-09-25 06:41:00,4276.94,4277.68,4276.53,4276.735,563.0
2026-09-25 06:42:00,4276.75,4277.81,4276.23,4277.775,458.0
2026-09-25 06:43:00,4277.885,4278.145,4276.58,4276.69,571.0
2026-09-25 06:44:00,4276.67,4277.53,4276.125,4276.98,560.0
2026-09-25 06:45:00,4276.905,4277.33,4276.075,4276.45,718.0
2026-09-25 06:46:00,4276.56,4277.85,4276.355,4277.85,527.0
2026-09-25 06:47:00,4278.035,4278.035,4275.325,4275.325,584.0
2026-09-25 06:48:00,4275.335,4277.035,4275.16,4276.965,520.0
2026-09-25 06:49:00,4276.88,4277.125,4276.14,4276.75,349.0
2026-09-25 06:50:00,4276.76,4276.925,4274.935,4275.125,526.0
2026-09-25 06:51:00,4275.11,4275.93,4274.96,4275.705,606.0
2026-09-25 06:52:00,4275.75,4276.66,4274.555,4275.835,732.0
2026-09-25 06:53:00,4275.85,4276.14,4274.5,4275.47,351.0
2026-09-25 06:54:00,4275.455,4276.56,4275.005,4276.23,490.0
2026-09-25 06:55:00,4276.235,4277.07,4274.73,4276.82,462.0
2026-09-25 06:56:00,4276.785,4277.74,4276.075,4277.54,468.0
2026-09-25 06:57:00,4277.645,4278.015,4276.72,4277.955,312.0
2026-09-25 06:58:00,4277.885,4277.89,4276.21,4276.515,587.0
2026-09-25 06:59:00,4276.47,4276.475,4275.12,4275.82,675.0
2026-09-25 07:00:00,4275.77,4280.48,4275.77,4279.915,1180.0
2026-09-25 07:01:00,4279.83,4279.895,4277.265,4277.545,539.0
2026-09-25 07:02:00,4277.645,4278.155,4275.97,4276.365,322.0
2026-09-25 07:03:00,4276.375,4277.075,4274.495,4276.44,774.0
2026-09-25 07:04:00,4276.33,4276.66,4273.285,4273.905,343.0
2026-09-25 07:05:00,4274.05,4277.99,4273.86,4277.125,732.0
2026-09-25 07:06:00,4277.13,4277.4,4276.17,4276.87,694.0
2026-09-25 07:07:00,4276.885,4279.04,4276.825,4277.95,543.0
2026-09-25 07:08:00,4278.09,4278.465,4276.005,4276.85,431.0
2026-09-25 07:09:00,4276.835,4277.3,4275.595,4277.01,349.0
2026-09-25 07:10:00,4276.83,4277.725,4275.045,4275.09,390.0
2026-09-25 07:11:00,4275.06,4277.275,4274.79,4276.6,722.0
2026-09-25 07:12:00,4276.585,4276.69,4274.155,4275.64,708.0
2026-09-25 07:13:00,4275.705,4276.945,4275.265,4276.185,497.0
2026-09-25 07:14:00,4276.255,4276.33,4274.48,4275.155,375.0
2026-09-25 07:15:00,4275.215,4276.535,4275.215,4275.945,458.0
2026-09-25 07:16:00,4276.0,4277.325,4275.405,4275.51,467.0
2026-09-25 07:17:00,4275.53,4276.05,4274.08,4275.31,428.0
2026-09-25 07:18:00,4275.37,4275.455,4273.83,4274.21,331.0
2026-09-25 07:19:00,4274.18,4275.18,4272.455,4272.71,743.0
2026-09-25 07:20:00,4272.74,4274.805,4272.115,4274.525,860.0
2026-09-25 07:21:00,4274.54,4275.275,4273.99,4274.315,342.0
2026-09-25 07:22:00,4274.32,4275.23,4273.78,4274.37,445.0
2026-09-25 07:23:00,4274.435,4275.815,4273.66,4275.62,529.0
2026-09-25 07:24:00,4275.66,4275.715,4273.74,4274.25,539.0
2026-09-25 07:25:00,4274.23,4275.505,4274.075,4274.075,375.0
2026-09-25 07:26:00,4273.98,4274.64,4272.235,4272.29,397.0
2026-09-25 07:27:00,4272.325,4274.155,4271.485,4274.155,344.0
2026-09-25 07:28:00,4274.245,4274.435,4273.05,4273.34,476.0
2026-09-25 07:29:00,4273.355,4274.305,4272.23,4273.945,478.0
2026-09-25 07:30:00,4274.0,4275.565,4273.84,4275.2,646.0
2026-09-25 07:31:00,4275.11,4278.14,4275.075,4276.245,500.0
2026-09-25 07:32:00,4276.35,4276.975,4272.795,4272.795,504.0
2026-09-25 07:33:00,4272.845,4274.435,4271.88,4271.88,500.0
2026-09-25 07:34:00,4271.93,4275.755,4271.135,4275.755,828.0
2026-09-25 07:35:00,4275.77,4279.91,4275.7,4278.415,779.0
2026-09-25 07:36:00,4278.405,4278.835,4277.64,4278.39,532.0
2026-09-25 07:37:00,4278.395,4279.475,4277.985,4279.04,499.0
2026-09-25 07:38:00,4279.07,4280.15,4277.895,4278.46,679.0
2026-09-25 07:39:00,4278.44,4278.44,4276.24,4276.335,377.0
2026-09-25 07:40:00,4276.3,4276.78,4274.79,4274.83,395.0
2026-09-25 07:41:00,4274.79,4276.6,4274.56,4276.05,387.0
2026-09-25 07:42:00,4276.02,4277.615,4275.99,4277.315,338.0
2026-09-25 07:43:00,4277.27,4277.67,4276.34,4276.79,486.0
2026-09-25 07:44:00,4276.765,4276.87,4275.91,4276.795,547.0
2026-09-25 07:45:00,4277.005,4278.835,4277.005,4278.325,413.0
2026-09-25 07:46:00,4278.395,4280.685,4278.1,4280.235,434.0
2026-09-25 07:47:00,4280.27,4280.845,4279.19,4279.305,401.0
2026-09-25 07:48:00,4279.37,4279.515,4277.205,4277.285,378.0
2026-09-25 07:49:00,4277.27,4279.655,4276.985,4279.0,564.0
2026-09-25 07:50:00,4279.05,4279.175,4278.145,4278.385,320.0
2026-09-25 07:51:00,4278.435,4278.575,4277.85,4278.425,346.0
2026-09-25 07:52:00,4278.33,4279.835,4277.95,4279.77,446.0
2026-09-25 07:53:00,4279.775,4280.44,4279.38,4279.645,504.0
2026-09-25 07:54:00,4279.735,4279.745,4277.66,4278.19,304.0
2026-09-25 07:55:00,4278.105,4279.935,4278.105,4279.935,446.0
2026-09-25 07:56:00,4279.84,4280.665,4279.31,4280.555,347.0
2026-09-25 07:57:00,4280.54,4281.97,4279.91,4279.96,365.0
2026-09-25 07:58:00,4279.91,4280.42,4279.325,4279.685,330.0
2026-09-25 07:59:00,4279.635,4280.55,4279.635,4279.755,379.0
2026-09-25 08:00:00,4279.735,4281.63,4279.095,4280.745,570.0
2026-09-25 08:01:00,4280.845,4280.845,4278.585,4278.625,290.0
2026-09-25 08:02:00,4278.63,4278.815,4276.18,4276.205,420.0
2026-09-25 08:03:00,4276.27,4276.675,4274.96,4275.9,421.0
2026-09-25 08:04:00,4275.905,4276.24,4275.22,4275.475,279.0
2026-09-25 08:05:00,4275.525,4277.35,4275.355,4276.35,403.0
2026-09-25 08:06:00,4276.375,4278.235,4275.885,4277.09,504.0
2026-09-25 08:07:00,4277.115,4277.99,4276.46,4277.72,521.0
2026-09-25 08:08:00,4277.62,4278.715,4277.35,4278.065,350.0
2026-09-25 08:09:00,4278.015,4279.215,4277.77,4278.325,282.0
2026-09-25 08:10:00,4278.25,4280.095,4278.25,4279.555,444.0
2026-09-25 08:11:00,4279.525,4280.325,4279.345,4280.205,451.0
2026-09-25 08:12:00,4280.125,4281.83,4279.5,4281.23,511.0
2026-09-25 08:13:00,4281.18,4282.37,4280.705,4281.37,485.0
2026-09-25 08:14:00,4281.33,4282.44,4281.16,4281.785,594.0
2026-09-25 08:15:00,4281.755,4284.005,4281.755,4283.965,513.0
2026-09-25 08:16:00,4283.97,4284.495,4282.975,4283.49,408.0
2026-09-25 08:17:00,4283.53,4283.59,4281.375,4281.49,634.0
2026-09-25 08:18:00,4281.5,4281.89,4280.92,4281.045,415.0
2026-09-25 08:19:00,4281.065,4281.715,4280.69,4281.22,542.0
2026-09-25 08:20:00,4281.22,4281.89,4280.25,4280.28,395.0
2026-09-25 08:21:00,4280.34,4280.75,4279.715,4280.65,294.0
2026-09-25 08:22:00,4280.55,4281.195,4279.355,4280.945,320.0
2026-09-25 08:23:00,4280.97,4281.165,4279.55,4280.22,351.0
2026-09-25 08:24:00,4280.21,4281.99,4279.535,4281.66,415.0
2026-09-25 08:25:00,4281.65,4281.705,4278.985,4279.715,464.0
2026-09-25 08:26:00,4279.765,4280.345,4278.905,4280.215,278.0
2026-09-25 08:27:00,4280.2,4280.255,4279.41,4280.205,254.0
2026-09-25 08:28:00,4280.13,4284.03,4280.02,4284.025,480.0
2026-09-25 08:29:00,4283.975,4284.865,4283.725,4284.29,315.0
2026-09-25 08:30:00,4284.225,4284.845,4283.88,4284.07,279.0
2026-09-25 08:31:00,4283.995,4287.11,4283.995,4286.255,626.0
2026-09-25 08:32:00,4286.225,4286.805,4285.785,4286.695,675.0
2026-09-25 08:33:00,4286.705,4289.495,4286.705,4289.305,562.0
2026-09-25 08:34:00,4289.315,4289.34,4287.255,4287.815,622.0
2026-09-25 08:35:00,4287.85,4289.42,4287.615,4288.355,702.0
2026-09-25 08:36:00,4288.36,4289.25,4286.51,4286.8,730.0
2026-09-25 08:37:00,4286.805,4287.55,4286.135,4286.34,425.0
2026-09-25 08:38:00,4286.45,4287.215,4285.45,4286.715,262.0
2026-09-25 08:39:00,4286.665,4287.375,4285.71,4287.085,294.0
2026-09-25 08:40:00,4287.08,4288.03,4286.44,4287.93,370.0
2026-09-25 08:41:00,4287.98,4288.485,4287.195,4288.38,332.0
2026-09-25 08:42:00,4288.33,4290.07,4288.09,4289.225,303.0
2026-09-25 08:43:00,4289.19,4290.21,4288.755,4290.2,275.0
2026-09-25 08:44:00,4290.15,4292.59,4290.07,4292.32,505.0
2026-09-25 08:45:00,4292.315,4293.81,4291.88,4293.495,485.0
2026-09-25 08:46:00,4293.49,4297.45,4293.07,4295.485,608.0
2026-09-25 08:47:00,4295.45,4295.79,4292.16,4292.16,552.0
2026-09-25 08:48:00,4292.175,4292.265,4290.09,4291.075,319.0
2026-09-25 08:49:00,4291.04,4291.835,4291.035,4291.31,210.0
2026-09-25 08:50:00,4291.145,4291.495,4290.41,4290.8,267.0
2026-09-25 08:51:00,4290.81,4292.265,4290.635,4292.165,223.0
2026-09-25 08:52:00,4292.015,4293.72,4292.015,4292.3,373.0
2026-09-25 08:53:00,4292.355,4293.0,4291.76,4292.36,262.0
2026-09-25 08:54:00,4292.375,4292.68,4291.25,4292.545,354.0
2026-09-25 08:55:00,4292.515,4293.575,4292.12,4293.045,507.0
2026-09-25 08:56:00,4293.075,4294.345,4292.65,4293.84,349.0
2026-09-25 08:57:00,4293.86,4293.95,4293.055,4293.44,262.0
2026-09-25 08:58:00,4293.49,4294.815,4293.49,4294.295,454.0
2026-09-25 08:59:00,4294.27,4294.71,4292.99,4293.4,432.0
2026-09-25 09:00:00,4293.395,4296.725,4292.99,4296.665,585.0
2026-09-25 09:01:00,4296.645,4297.33,4294.425,4295.155,695.0
2026-09-25 09:02:00,4295.145,4296.795,4295.09,4296.015,442.0
2026-09-25 09:03:00,4296.065,4297.63,4295.54,4297.27,551.0
2026-09-25 09:04:00,4297.22,4297.76,4295.145,4295.35,561.0
2026-09-25 09:05:00,4295.34,4295.515,4293.8,4294.98,462.0
2026-09-25 09:06:00,4294.955,4294.955,4293.955,4294.555,497.0
2026-09-25 09:07:00,4294.545,4296.77,4294.3,4295.965,631.0
2026-09-25 09:08:00,4295.96,4297.175,4295.085,4297.14,622.0
2026-09-25 09:09:00,4297.255,4297.965,4296.47,4297.3,628.0
2026-09-25 09:10:00,4297.305,4297.455,4295.825,4296.59,709.0
2026-09-25 09:11:00,4296.58,4297.19,4295.29,4295.53,527.0
2026-09-25 09:12:00,4295.54,4296.69,4294.75,4296.67,561.0
2026-09-25 09:13:00,4296.685,4297.135,4295.175,4295.33,453.0
2026-09-25 09:14:00,4295.365,4295.55,4294.005,4294.14,531.0
2026-09-25 09:15:00,4294.13,4295.41,4293.395,4293.715,734.0
2026-09-25 09:16:00,4293.72,4293.98,4292.535,4292.8,485.0
2026-09-25 09:17:00,4292.805,4293.295,4292.24,4292.565,514.0
2026-09-25 09:18:00,4292.41,4294.69,4291.09,4292.985,638.0
2026-09-25 09:19:00,4292.975,4294.58,4292.53,4293.23,726.0
2026-09-25 09:20:00,4293.24,4293.605,4292.63,4293.025,524.0
2026-09-25 09:21:00,4293.01,4294.73,4292.25,4293.09,646.0
2026-09-25 09:22:00,4293.11,4296.465,4293.08,4295.655,532.0
2026-09-25 09:23:00,4295.69,4296.775,4293.845,4294.585,820.0
2026-09-25 09:24:00,4294.565,4296.87,4294.505,4296.235,689.0
2026-09-25 09:25:00,4296.23,4296.415,4291.57,4291.795,674.0
2026-09-25 09:26:00,4291.825,4291.935,4290.615,4290.78,730.0
2026-09-25 09:27:00,4290.775,4291.075,4290.07,4290.615,738.0
2026-09-25 09:28:00,4290.66,4291.085,4289.61,4289.74,502.0
2026-09-25 09:29:00,4289.785,4291.41,4289.695,4290.77,462.0
2026-09-25 09:30:00,4290.85,4294.3,4290.26,4293.6,1114.0
2026-09-25 09:31:00,4293.57,4294.685,4291.62,4293.825,1035.0
2026-09-25 09:32:00,4293.875,4295.745,4293.875,4295.745,877.0
2026-09-25 09:33:00,4295.73,4296.61,4294.66,4295.05,554.0
2026-09-25 09:34:00,4295.035,4297.685,4295.035,4296.53,612.0
2026-09-25 09:35:00,4296.575,4296.99,4295.715,4296.92,501.0
2026-09-25 09:36:00,4296.9,4297.065,4294.385,4295.095,524.0
2026-09-25 09:37:00,4295.075,4295.61,4294.29,4294.56,389.0
2026-09-25 09:38:00,4294.59,4295.06,4293.58,4293.585,539.0
2026-09-25 09:39:00,4293.58,4294.05,4292.3,4293.78,656.0
2026-09-25 09:40:00,4293.795,4294.855,4293.26,4293.795,850.0
2026-09-25 09:41:00,4293.805,4294.65,4293.095,4293.25,638.0
2026-09-25 09:42:00,4293.255,4294.14,4292.175,4292.305,680.0
2026-09-25 09:43:00,4292.345,4294.975,4292.28,4294.745,587.0
2026-09-25 09:44:00,4294.88,4295.33,4293.765,4294.675,539.0
2026-09-25 09:45:00,4294.67,4294.91,4293.155,4293.915,463.0
2026-09-25 09:46:00,4293.88,4294.62,4293.05,4293.15,669.0
2026-09-25 09:47:00,4293.2,4293.45,4291.89,4291.89,361.0
2026-09-25 09:48:00,4291.905,4292.86,4291.53,4292.555,497.0
2026-09-25 09:49:00,4292.565,4293.145,4291.705,4292.655,438.0
2026-09-25 09:50:00,4292.69,4292.845,4291.665,4292.07,382.0
2026-09-25 09:51:00,4292.11,4292.845,4291.21,4292.055,565.0
2026-09-25 09:52:00,4292.025,4293.485,4291.74,4292.32,624.0
2026-09-25 09:53:00,4292.3,4293.965,4291.73,4293.125,400.0
2026-09-25 09:54:00,4293.14,4293.57,4292.36,4292.95,367.0
2026-09-25 09:55:00,4292.955,4293.215,4291.8,4291.82,569.0
2026-09-25 09:56:00,4291.785,4293.805,4291.05,4292.72,783.0
2026-09-25 09:57:00,4292.69,4293.265,4292.445,4292.95,854.0
2026-09-25 09:58:00,4292.955,4295.28,4292.655,4294.305,1399.0
2026-09-25 09:59:00,4294.295,4295.335,4293.61,4294.965,939.0
2026-09-25 10:00:00,4294.96,4296.49,4294.96,4296.075,543.0
2026-09-25 10:01:00,4296.105,4296.105,4294.67,4295.025,259.0
2026-09-25 10:02:00,4294.96,4295.61,4294.02,4295.45,283.0
2026-09-25 10:03:00,4295.36,4295.67,4294.015,4294.48,200.0
2026-09-25 10:04:00,4294.575,4295.685,4294.575,4295.285,193.0
2026-09-25 10:05:00,4295.235,4298.805,4295.15,4298.46,293.0
2026-09-25 10:06:00,4298.425,4298.645,4296.815,4298.26,371.0
2026-09-25 10:07:00,4298.21,4298.78,4297.26,4297.68,359.0
2026-09-25 10:08:00,4297.64,4303.545,4297.585,4302.39,535.0
2026-09-25 10:09:00,4302.38,4303.595,4301.21,4301.66,546.0
2026-09-25 10:10:00,4301.67,4301.77,4299.9,4299.98,451.0
2026-09-25 10:11:00,4299.965,4301.395,4299.245,4301.335,791.0
2026-09-25 10:12:00,4301.33,4302.165,4300.295,4301.675,525.0
2026-09-25 10:13:00,4301.755,4305.845,4301.665,4305.745,600.0
2026-09-25 10:14:00,4305.755,4308.225,4305.35,4307.27,674.0
2026-09-25 10:15:00,4307.245,4307.455,4305.67,4305.895,532.0
2026-09-25 10:16:00,4306.005,4306.72,4304.305,4304.315,454.0
2026-09-25 10:17:00,4304.305,4305.205,4304.195,4304.51,312.0
2026-09-25 10:18:00,4304.53,4305.51,4304.055,4304.72,462.0
2026-09-25 10:19:00,4304.67,4305.255,4303.64,4305.19,408.0
2026-09-25 10:20:00,4305.14,4305.505,4304.7,4305.095,274.0
2026-09-25 10:21:00,4305.205,4307.18,4305.145,4306.795,391.0
2026-09-25 10:22:00,4306.805,4308.57,4305.95,4307.725,592.0
2026-09-25 10:23:00,4307.75,4309.05,4306.855,4307.875,487.0
2026-09-25 10:24:00,4307.94,4308.335,4306.255,4306.255,269.0
2026-09-25 10:25:00,4306.265,4308.575,4305.97,4307.69,285.0
2026-09-25 10:26:00,4307.64,4309.555,4307.525,4309.19,416.0
2026-09-25 10:27:00,4309.24,4309.45,4308.205,4308.48,371.0
2026-09-25 10:28:00,4308.475,4308.48,4307.665,4308.225,459.0
2026-09-25 10:29:00,4308.24,4308.305,4307.69,4308.28,415.0
2026-09-25 10:30:00,4308.315,4308.665,4307.775,4308.38,348.0
2026-09-25 10:31:00,4308.43,4308.95,4307.97,4307.985,191.0
2026-09-25 10:32:00,4307.975,4308.0,4306.23,4306.23,325.0
2026-09-25 10:33:00,4306.225,4306.56,4305.32,4306.0,474.0
2026-09-25 10:34:00,4306.01,4306.835,4305.17,4305.655,418.0
2026-09-25 10:35:00,4305.67,4307.155,4305.61,4305.95,413.0
2026-09-25 10:36:00,4305.965,4306.615,4305.94,4306.595,296.0
2026-09-25 10:37:00,4306.8,4307.045,4305.51,4305.51,230.0
2026-09-25 10:38:00,4305.52,4305.845,4303.385,4303.435,336.0
2026-09-25 10:39:00,4303.385,4303.795,4303.11,4303.71,248.0
2026-09-25 10:40:00,4303.695,4303.695,4302.325,4302.9,248.0
2026-09-25 10:41:00,4302.95,4303.18,4302.485,4303.18,281.0
2026-09-25 10:42:00,4303.25,4303.96,4303.125,4303.42,222.0
2026-09-25 10:43:00,4303.32,4305.02,4303.17,4305.02,253.0
2026-09-25 10:44:00,4305.045,4306.065,4304.545,4305.445,245.0
2026-09-25 10:45:00,4305.5,4306.2,4305.215,4305.23,219.0
2026-09-25 10:46:00,4305.29,4305.52,4303.895,4304.785,243.0
2026-09-25 10:47:00,4304.735,4305.92,4304.735,4305.785,177.0
2026-09-25 10:48:00,4305.835,4306.055,4305.475,4305.535,153.0
2026-09-25 10:49:00,4305.54,4306.375,4304.325,4305.58,444.0
2026-09-25 10:50:00,4305.545,4305.885,4304.9,4305.39,238.0
2026-09-25 10:51:00,4305.45,4306.585,4305.405,4305.925,228.0
2026-09-25 10:52:00,4305.9,4306.61,4305.9,4306.11,157.0
2026-09-25 10:53:00,4306.06,4306.605,4304.39,4306.325,300.0
2026-09-25 10:54:00,4306.405,4309.3,4306.22,4309.1,364.0
2026-09-25 10:55:00,4309.115,4311.15,4308.9,4311.05,366.0
2026-09-25 10:56:00,4311.055,4311.285,4310.37,4311.25,276.0
2026-09-25 10:57:00,4311.225,4311.705,4310.38,4310.38,463.0
2026-09-25 10:58:00,4310.39,4311.225,4309.995,4310.725,242.0
2026-09-25 10:59:00,4310.675,4311.15,4310.075,4310.94,470.0
2026-09-25 11:00:00,4310.92,4312.19,4310.33,4311.75,782.0
2026-09-25 11:01:00,4311.695,4311.905,4310.6,4310.705,545.0
2026-09-25 11:02:00,4310.7,4310.735,4309.52,4310.05,478.0
2026-09-25 11:03:00,4310.065,4310.515,4309.765,4310.045,386.0
2026-09-25 11:04:00,4310.015,4310.655,4309.73,4310.37,541.0
2026-09-25 11:05:00,4310.415,4311.47,4310.16,4310.895,385.0
2026-09-25 11:06:00,4310.985,4312.695,4310.92,4312.495,454.0
2026-09-25 11:07:00,4312.445,4314.35,4312.2,4314.245,309.0
2026-09-25 11:08:00,4314.195,4314.81,4313.055,4314.685,340.0
2026-09-25 11:09:00,4314.675,4315.04,4313.8,4314.35,475.0
2026-09-25 11:10:00,4314.33,4315.795,4314.08,4314.875,639.0
2026-09-25 11:11:00,4314.87,4315.085,4313.945,4314.925,842.0
2026-09-25 11:12:00,4314.82,4314.87,4312.955,4313.98,673.0
2026-09-25 11:13:00,4314.015,4314.185,4313.11,4313.655,356.0
2026-09-25 11:14:00,4313.6,4313.825,4311.305,4312.56,365.0
2026-09-25 11:15:00,4312.585,4313.875,4312.395,4312.54,404.0
2026-09-25 11:16:00,4312.74,4314.355,4312.38,4312.705,396.0
2026-09-25 11:17:00,4312.655,4312.8,4310.9,4311.06,362.0
2026-09-25 11:18:00,4311.11,4311.935,4310.88,4311.52,473.0
2026-09-25 11:19:00,4311.565,4311.64,4310.3,4310.875,342.0
2026-09-25 11:20:00,4310.88,4311.115,4309.25,4309.53,308.0
2026-09-25 11:21:00,4309.545,4310.705,4309.335,4309.75,353.0
2026-09-25 11:22:00,4309.755,4310.1,4309.465,4309.95,211.0
2026-09-25 11:23:00,4309.96,4310.575,4308.52,4308.935,330.0
2026-09-25 11:24:00,4308.945,4311.315,4308.925,4309.905,462.0
2026-09-25 11:25:00,4309.895,4310.35,4308.61,4308.765,476.0
2026-09-25 11:26:00,4308.715,4309.305,4308.24,4308.48,268.0
2026-09-25 11:27:00,4308.425,4309.295,4307.835,4308.7,387.0
2026-09-25 11:28:00,4308.69,4308.765,4305.11,4305.385,332.0
2026-09-25 11:29:00,4305.475,4305.605,4304.605,4304.76,508.0
2026-09-25 11:30:00,4304.75,4306.605,4304.295,4305.49,457.0
2026-09-25 11:31:00,4305.59,4306.185,4304.975,4306.01,361.0
2026-09-25 11:32:00,4305.96,4305.96,4304.695,4304.795,557.0
2026-09-25 11:33:00,4304.76,4305.145,4303.345,4303.96,422.0
2026-09-25 11:34:00,4304.075,4304.84,4303.81,4304.25,425.0
2026-09-25 11:35:00,4304.23,4308.205,4303.865,4306.21,805.0
2026-09-25 11:36:00,4306.15,4306.35,4303.075,4303.405,872.0
2026-09-25 11:37:00,4303.395,4303.585,4302.5,4302.825,292.0
2026-09-25 11:38:00,4302.775,4303.985,4302.71,4302.805,372.0
2026-09-25 11:39:00,4302.83,4303.16,4299.955,4300.25,519.0
2026-09-25 11:40:00,4300.34,4300.975,4300.16,4300.945,363.0
2026-09-25 11:41:00,4300.985,4301.54,4300.405,4301.12,299.0
2026-09-25 11:42:00,4301.03,4301.8,4300.285,4300.48,361.0
2026-09-25 11:43:00,4300.38,4301.34,4299.885,4301.34,322.0
2026-09-25 11:44:00,4301.35,4301.74,4300.625,4301.695,338.0
2026-09-25 11:45:00,4301.61,4301.68,4300.685,4301.12,264.0
2026-09-25 11:46:00,4301.07,4302.46,4300.26,4302.46,328.0
2026-09-25 11:47:00,4302.48,4304.0,4302.435,4303.525,460.0
2026-09-25 11:48:00,4303.5,4303.76,4302.42,4303.31,370.0
2026-09-25 11:49:00,4303.265,4304.19,4302.615,4302.63,224.0
2026-09-25 11:50:00,4302.68,4304.255,4302.6,4303.25,433.0
2026-09-25 11:51:00,4303.275,4304.25,4302.85,4303.615,535.0
2026-09-25 11:52:00,4303.675,4304.81,4303.6,4304.37,478.0
2026-09-25 11:53:00,4304.36,4304.715,4303.725,4304.31,581.0
2026-09-25 11:54:00,4304.33,4304.59,4303.265,4303.645,415.0
2026-09-25 11:55:00,4303.715,4305.27,4303.65,4304.895,574.0
2026-09-25 11:56:00,4304.945,4305.12,4303.925,4304.105,630.0
2026-09-25 11:57:00,4304.07,4305.55,4304.07,4304.33,537.0
2026-09-25 11:58:00,4304.275,4305.2,4303.835,4304.985,329.0
2026-09-25 11:59:00,4305.005,4305.66,4302.8,4302.98,456.0
2026-09-25 12:00:00,4302.995,4303.825,4302.03,4303.145,785.0
2026-09-25 12:01:00,4303.045,4304.645,4302.78,4304.055,541.0
2026-09-25 12:02:00,4304.02,4304.53,4303.36,4303.72,441.0
2026-09-25 12:03:00,4303.73,4304.64,4302.915,4304.305,491.0
2026-09-25 12:04:00,4304.235,4304.275,4303.305,4304.135,515.0
2026-09-25 12:05:00,4304.14,4304.23,4302.095,4302.1,541.0
2026-09-25 12:06:00,4302.09,4304.29,4301.325,4304.16,431.0
2026-09-25 12:07:00,4304.16,4305.02,4303.575,4303.575,511.0
2026-09-25 12:08:00,4303.57,4303.675,4302.25,4302.705,510.0
2026-09-25 12:09:00,4302.73,4303.935,4302.52,4303.5,467.0
2026-09-25 12:10:00,4303.505,4304.31,4300.3,4300.75,545.0
2026-09-25 12:11:00,4300.825,4303.925,4300.825,4303.665,513.0
2026-09-25 12:12:00,4303.535,4304.105,4301.95,4302.235,347.0
2026-09-25 12:13:00,4302.25,4302.25,4299.35,4299.615,427.0
2026-09-25 12:14:00,4299.625,4300.05,4297.85,4299.95,424.0
2026-09-25 12:15:00,4299.87,4301.78,4299.625,4301.505,550.0
2026-09-25 12:16:00,4301.53,4301.53,4298.3,4298.435,561.0
2026-09-25 12:17:00,4298.48,4299.73,4298.11,4298.265,450.0
2026-09-25 12:18:00,4298.3,4299.71,4297.81,4298.275,492.0
2026-09-25 12:19:00,4298.295,4299.74,4297.63,4299.74,538.0
2026-09-25 12:20:00,4299.725,4302.075,4297.6,4301.47,964.0
2026-09-25 12:21:00,4301.42,4305.885,4301.415,4305.505,935.0
2026-09-25 12:22:00,4305.57,4307.055,4305.36,4305.99,673.0
2026-09-25 12:23:00,4306.01,4306.05,4303.12,4304.445,637.0
2026-09-25 12:24:00,4304.49,4305.625,4303.33,4303.48,656.0
2026-09-25 12:25:00,4303.47,4307.32,4302.825,4307.265,785.0
2026-09-25 12:26:00,4307.09,4308.22,4306.865,4307.415,573.0
2026-09-25 12:27:00,4307.435,4308.985,4307.15,4308.165,584.0
2026-09-25 12:28:00,4308.155,4309.49,4307.49,4308.56,284.0
2026-09-25 12:29:00,4308.525,4308.615,4305.985,4306.635,372.0
2026-09-25 12:30:00,4306.695,4307.12,4302.1,4303.305,813.0
2026-09-25 12:31:00,4303.37,4303.885,4301.415,4301.56,666.0
2026-09-25 12:32:00,4301.54,4301.705,4299.545,4300.585,604.0
2026-09-25 12:33:00,4300.605,4301.66,4299.965,4301.26,504.0
2026-09-25 12:34:00,4301.29,4302.51,4301.015,4302.165,653.0
2026-09-25 12:35:00,4302.11,4302.495,4299.49,4299.59,677.0
2026-09-25 12:36:00,4299.59,4300.275,4298.685,4298.95,617.0
2026-09-25 12:37:00,4298.935,4301.045,4298.935,4300.445,477.0
2026-09-25 12:38:00,4300.41,4301.385,4300.35,4300.955,529.0
2026-09-25 12:39:00,4301.055,4303.095,4300.94,4302.525,598.0
2026-09-25 12:40:00,4302.53,4302.67,4299.145,4299.7,750.0
2026-09-25 12:41:00,4299.76,4301.525,4299.73,4300.88,666.0
2026-09-25 12:42:00,4300.88,4301.075,4299.175,4299.23,763.0
2026-09-25 12:43:00,4299.24,4299.355,4297.315,4298.54,690.0
2026-09-25 12:44:00,4298.58,4303.015,4298.385,4301.75,1260.0
2026-09-25 12:45:00,4301.76,4302.57,4299.605,4302.47,1116.0
2026-09-25 12:46:00,4302.51,4307.61,4301.59,4305.825,1402.0
2026-09-25 12:47:00,4305.87,4309.045,4302.08,4307.97,2430.0
2026-09-25 12:48:00,4307.975,4307.975,4302.68,4303.025,1847.0
2026-09-25 12:49:00,4303.03,4303.63,4301.005,4301.9,879.0
2026-09-25 12:50:00,4301.925,4302.84,4301.285,4302.24,853.0
2026-09-25 12:51:00,4302.14,4302.815,4299.63,4300.14,737.0
2026-09-25 12:52:00,4300.08,4300.21,4296.77,4296.955,623.0
2026-09-25 12:53:00,4296.885,4301.335,4296.87,4301.02,967.0
2026-09-25 12:54:00,4301.015,4301.64,4299.17,4299.175,634.0
2026-09-25 12:55:00,4299.19,4299.72,4298.345,4298.82,643.0
2026-09-25 12:56:00,4298.88,4300.18,4298.88,4300.125,813.0
2026-09-25 12:57:00,4300.145,4300.145,4298.585,4298.635,853.0
2026-09-25 12:58:00,4298.56,4299.895,4298.34,4299.495,629.0
2026-09-25 12:59:00,4299.5,4299.725,4297.475,4298.24,538.0
2026-09-25 13:00:00,4298.25,4299.395,4295.835,4296.605,1103.0
2026-09-25 13:01:00,4296.58,4296.635,4294.595,4295.49,735.0
2026-09-25 13:02:00,4295.545,4295.68,4291.74,4293.645,890.0
2026-09-25 13:03:00,4293.635,4294.05,4292.86,4293.335,693.0
2026-09-25 13:04:00,4293.34,4295.195,4291.715,4291.855,811.0
2026-09-25 13:05:00,4291.86,4294.745,4291.86,4293.965,1354.0
2026-09-25 13:06:00,4293.96,4296.68,4293.935,4296.68,1321.0
2026-09-25 13:07:00,4296.69,4297.58,4295.465,4296.55,1002.0
2026-09-25 13:08:00,4296.56,4298.495,4296.0,4296.075,1208.0
2026-09-25 13:09:00,4296.085,4297.95,4296.045,4297.915,1070.0
2026-09-25 13:10:00,4297.92,4297.92,4296.27,4296.49,833.0
2026-09-25 13:11:00,4296.52,4297.29,4295.535,4296.53,775.0
2026-09-25 13:12:00,4296.595,4297.72,4295.865,4296.675,818.0
2026-09-25 13:13:00,4296.67,4296.9,4295.125,4295.64,936.0
2026-09-25 13:14:00,4295.625,4295.665,4292.565,4292.715,1354.0
2026-09-25 13:15:00,4292.73,4293.09,4291.32,4292.895,935.0
2026-09-25 13:16:00,4292.905,4293.235,4292.155,4292.53,810.0
2026-09-25 13:17:00,4292.49,4294.015,4292.45,4293.135,725.0
2026-09-25 13:18:00,4293.14,4293.19,4291.18,4291.675,631.0
2026-09-25 13:19:00,4291.78,4292.455,4288.95,4290.425,968.0
2026-09-25 13:20:00,4290.435,4290.84,4288.68,4289.495,855.0
2026-09-25 13:21:00,4289.53,4290.71,4287.725,4288.4,846.0
2026-09-25 13:22:00,4288.41,4289.405,4288.075,4289.18,732.0
2026-09-25 13:23:00,4289.145,4289.695,4286.05,4286.1,943.0
2026-09-25 13:24:00,4286.07,4286.965,4285.57,4285.89,789.0
2026-09-25 13:25:00,4285.895,4286.565,4282.23,4282.23,945.0
2026-09-25 13:26:00,4282.13,4282.365,4280.1,4282.255,885.0
2026-09-25 13:27:00,4282.25,4282.25,4279.905,4281.31,948.0
2026-09-25 13:28:00,4281.265,4281.3,4280.175,4280.24,833.0
2026-09-25 13:29:00,4280.29,4281.095,4277.855,4278.425,1023.0
2026-09-25 13:30:00,4278.49,4278.825,4273.43,4276.225,2317.0
2026-09-25 13:31:00,4276.26,4277.64,4274.14,4277.16,1802.0
2026-09-25 13:32:00,4277.185,4280.25,4275.495,4279.99,1760.0
2026-09-25 13:33:00,4280.0,4280.735,4277.485,4280.6,1007.0
2026-09-25 13:34:00,4280.555,4282.155,4278.17,4280.05,1466.0
2026-09-25 13:35:00,4280.09,4280.33,4278.39,4279.745,1266.0
2026-09-25 13:36:00,4279.71,4284.155,4278.33,4282.385,1288.0
2026-09-25 13:37:00,4282.39,4284.495,4281.135,4284.435,1176.0
2026-09-25 13:38:00,4284.445,4284.495,4281.965,4282.72,872.0
2026-09-25 13:39:00,4282.73,4282.78,4279.045,4281.275,925.0
2026-09-25 13:40:00,4281.3,4281.96,4279.39,4280.07,886.0
2026-09-25 13:41:00,4280.08,4282.73,4279.715,4281.41,986.0
2026-09-25 13:42:00,4281.395,4282.73,4279.475,4280.255,1041.0
2026-09-25 13:43:00,4280.26,4280.41,4276.76,4278.435,1008.0
2026-09-25 13:44:00,4278.405,4280.825,4278.405,4278.995,860.0
2026-09-25 13:45:00,4278.985,4280.625,4277.865,4280.225,956.0
2026-09-25 13:46:00,4280.2,4280.215,4275.595,4276.635,1071.0
2026-09-25 13:47:00,4276.6,4276.895,4274.225,4276.01,1180.0
2026-09-25 13:48:00,4276.045,4276.93,4275.04,4276.57,1031.0
2026-09-25 13:49:00,4276.615,4278.485,4276.415,4277.955,919.0
2026-09-25 13:50:00,4277.91,4280.925,4277.54,4279.79,1048.0
2026-09-25 13:51:00,4279.81,4283.375,4278.415,4282.295,1051.0
2026-09-25 13:52:00,4282.26,4283.57,4281.62,4282.995,808.0
2026-09-25 13:53:00,4282.94,4282.94,4280.975,4281.87,800.0
2026-09-25 13:54:00,4281.89,4282.195,4280.615,4280.7,710.0
2026-09-25 13:55:00,4280.69,4281.045,4279.48,4280.115,917.0
2026-09-25 13:56:00,4280.15,4280.205,4277.305,4278.08,995.0
2026-09-25 13:57:00,4278.125,4278.235,4275.625,4277.19,1017.0
2026-09-25 13:58:00,4277.21,4278.085,4276.895,4277.32,700.0
2026-09-25 13:59:00,4277.385,4278.2,4275.25,4275.75,623.0
2026-09-25 14:00:00,4275.875,4278.055,4272.77,4273.585,1340.0
2026-09-25 14:01:00,4273.53,4273.53,4267.675,4268.945,1644.0
2026-09-25 14:02:00,4268.92,4269.815,4267.565,4267.845,1212.0
2026-09-25 14:03:00,4267.885,4267.97,4264.46,4265.77,1210.0
2026-09-25 14:04:00,4265.715,4266.75,4257.79,4258.305,1619.0
2026-09-25 14:05:00,4258.23,4258.845,4254.58,4255.74,2014.0
2026-09-25 14:06:00,4255.69,4260.37,4254.69,4259.525,1927.0
2026-09-25 14:07:00,4259.45,4264.3,4258.625,4262.915,1489.0
2026-09-25 14:08:00,4262.92,4266.685,4262.075,4265.94,1632.0
2026-09-25 14:09:00,4265.89,4267.24,4264.95,4266.35,1136.0
2026-09-25 14:10:00,4266.4,4267.095,4264.94,4265.705,1205.0
2026-09-25 14:11:00,4265.72,4266.085,4263.73,4265.13,1192.0
2026-09-25 14:12:00,4265.125,4266.95,4264.17,4265.64,1241.0
2026-09-25 14:13:00,4265.625,4267.445,4264.115,4264.4,1648.0
2026-09-25 14:14:00,4264.375,4267.73,4264.25,4267.545,1244.0
2026-09-25 14:15:00,4267.52,4267.52,4264.62,4264.67,1463.0
2026-09-25 14:16:00,4264.62,4264.85,4261.105,4261.86,1035.0
2026-09-25 14:17:00,4261.85,4263.245,4259.93,4262.13,953.0
2026-09-25 14:18:00,4262.085,4264.165,4261.41,4264.115,1052.0
2026-09-25 14:19:00,4264.165,4266.475,4263.41,4266.115,1021.0
2026-09-25 14:20:00,4266.46,4268.385,4265.57,4268.205,1119.0
2026-09-25 14:21:00,4268.2,4269.225,4266.355,4267.17,1008.0
2026-09-25 14:22:00,4267.145,4268.9,4266.63,4267.83,835.0
2026-09-25 14:23:00,4267.77,4269.045,4265.61,4268.62,653.0
2026-09-25 14:24:00,4268.645,4270.48,4267.385,4268.505,579.0
2026-09-25 14:25:00,4268.62,4270.685,4267.895,4269.66,774.0
2026-09-25 14:26:00,4269.615,4270.305,4268.265,4269.685,493.0
2026-09-25 14:27:00,4269.735,4270.975,4268.215,4268.215,482.0
2026-09-25 14:28:00,4268.095,4269.41,4267.525,4267.725,642.0
2026-09-25 14:29:00,4267.665,4269.905,4266.02,4266.075,800.0
2026-09-25 14:30:00,4266.08,4266.17,4263.18,4264.795,883.0
2026-09-25 14:31:00,4264.835,4265.435,4263.01,4264.48,910.0
2026-09-25 14:32:00,4264.525,4265.145,4262.71,4264.945,1052.0
2026-09-25 14:33:00,4264.935,4265.945,4264.315,4265.315,1141.0
2026-09-25 14:34:00,4265.335,4267.08,4264.93,4265.22,1057.0
2026-09-25 14:35:00,4265.255,4267.47,4263.68,4266.715,1326.0
2026-09-25 14:36:00,4266.735,4267.68,4265.58,4266.605,877.0
2026-09-25 14:37:00,4266.61,4269.265,4266.24,4269.165,1109.0
2026-09-25 14:38:00,4269.15,4272.71,4268.745,4272.34,1197.0
2026-09-25 14:39:00,4272.32,4272.59,4271.415,4271.945,975.0
2026-09-25 14:40:00,4271.96,4272.305,4269.115,4269.35,1453.0
2026-09-25 14:41:00,4269.365,4270.76,4268.74,4269.765,1412.0
2026-09-25 14:42:00,4269.785,4272.295,4268.745,4271.835,1410.0
2026-09-25 14:43:00,4271.79,4272.44,4268.94,4269.02,1380.0
2026-09-25 14:44:00,4269.045,4273.39,4268.79,4273.275,1083.0
2026-09-25 14:45:00,4273.275,4273.415,4271.755,4272.07,923.0
2026-09-25 14:46:00,4271.955,4277.245,4269.715,4275.465,1936.0
2026-09-25 14:47:00,4275.485,4276.265,4274.34,4274.795,1438.0
2026-09-25 14:48:00,4274.815,4276.55,4274.515,4275.035,1076.0
2026-09-25 14:49:00,4275.03,4279.585,4274.895,4278.025,1066.0
2026-09-25 14:50:00,4278.015,4278.06,4276.41,4276.53,920.0
2026-09-25 14:51:00,4276.515,4278.98,4274.045,4274.09,753.0
2026-09-25 14:52:00,4274.115,4275.07,4273.4,4274.855,568.0
2026-09-25 14:53:00,4274.815,4277.23,4274.665,4275.59,716.0
2026-09-25 14:54:00,4275.555,4277.735,4275.555,4277.325,779.0
2026-09-25 14:55:00,4277.345,4278.455,4276.4,4277.67,773.0
2026-09-25 14:56:00,4277.775,4280.905,4277.59,4278.225,779.0
2026-09-25 14:57:00,4278.265,4280.55,4278.265,4278.57,656.0
2026-09-25 14:58:00,4278.52,4278.56,4276.71,4278.175,784.0
2026-09-25 14:59:00,4278.18,4279.5,4277.355,4279.265,589.0
2026-09-25 15:00:00,4279.28,4281.235,4278.44,4280.69,817.0
2026-09-25 15:01:00,4280.735,4281.675,4279.655,4280.32,721.0
2026-09-25 15:02:00,4280.465,4281.65,4279.39,4279.51,501.0
2026-09-25 15:03:00,4279.52,4280.915,4278.42,4279.98,993.0
2026-09-25 15:04:00,4279.985,4282.315,4279.95,4282.015,798.0
2026-09-25 15:05:00,4282.035,4282.775,4279.765,4280.255,876.0
2026-09-25 15:06:00,4280.27,4281.62,4279.85,4280.19,685.0
2026-09-25 15:07:00,4280.25,4280.29,4278.38,4279.57,593.0
2026-09-25 15:08:00,4279.565,4279.57,4276.725,4276.945,1089.0
2026-09-25 15:09:00,4276.82,4277.54,4275.665,4275.765,685.0
2026-09-25 15:10:00,4275.86,4276.46,4274.33,4274.85,757.0
2026-09-25 15:11:00,4274.86,4276.07,4274.67,4275.92,639.0
2026-09-25 15:12:00,4275.95,4276.91,4275.205,4276.85,680.0
2026-09-25 15:13:00,4276.855,4278.135,4276.63,4278.055,1075.0
2026-09-25 15:14:00,4278.025,4280.465,4277.755,4280.23,853.0
2026-09-25 15:15:00,4280.29,4280.615,4278.685,4279.68,937.0
2026-09-25 15:16:00,4279.675,4281.425,4279.675,4280.74,902.0
2026-09-25 15:17:00,4280.685,4281.22,4279.81,4280.315,1001.0
2026-09-25 15:18:00,4280.3,4280.925,4279.31,4279.41,691.0
2026-09-25 15:19:00,4279.36,4279.385,4274.705,4275.005,507.0
2026-09-25 15:20:00,4275.045,4275.055,4272.72,4274.89,624.0
2026-09-25 15:21:00,4274.945,4279.98,4274.17,4277.055,1596.0
2026-09-25 15:22:00,4277.065,4278.465,4275.94,4277.995,1062.0
2026-09-25 15:23:00,4277.98,4279.685,4277.43,4277.685,675.0
2026-09-25 15:24:00,4277.635,4277.955,4275.79,4276.08,524.0
2026-09-25 15:25:00,4275.96,4277.025,4275.445,4276.075,627.0
2026-09-25 15:26:00,4275.975,4279.705,4275.5,4279.655,603.0
2026-09-25 15:27:00,4279.605,4281.405,4279.56,4280.095,731.0
2026-09-25 15:28:00,4280.035,4280.755,4279.47,4280.085,524.0
2026-09-25 15:29:00,4280.215,4280.945,4279.55,4279.83,435.0
2026-09-25 15:30:00,4279.845,4285.64,4279.285,4282.29,2054.0
2026-09-25 15:31:00,4282.24,4284.585,4281.59,4284.025,699.0
2026-09-25 15:32:00,4283.975,4284.97,4282.85,4283.71,715.0
2026-09-25 15:33:00,4283.72,4285.36,4283.015,4284.695,484.0
2026-09-25 15:34:00,4284.755,4285.885,4282.74,4282.91,668.0
2026-09-25 15:35:00,4282.88,4283.47,4282.205,4283.06,447.0
2026-09-25 15:36:00,4283.01,4283.06,4280.495,4280.68,416.0
2026-09-25 15:37:00,4280.685,4281.355,4279.2,4279.89,449.0
2026-09-25 15:38:00,4279.905,4280.26,4277.025,4277.17,398.0
2026-09-25 15:39:00,4277.195,4277.825,4276.475,4276.49,469.0
2026-09-25 15:40:00,4276.505,4278.565,4276.31,4278.555,521.0
2026-09-25 15:41:00,4278.515,4278.87,4277.77,4278.13,509.0
2026-09-25 15:42:00,4278.175,4278.615,4277.365,4277.715,456.0
2026-09-25 15:43:00,4277.75,4278.03,4276.19,4276.485,330.0
2026-09-25 15:44:00,4276.64,4276.7,4274.81,4275.06,338.0
2026-09-25 15:45:00,4275.23,4275.56,4274.705,4275.18,402.0
2026-09-25 15:46:00,4275.13,4275.13,4271.765,4274.39,662.0
2026-09-25 15:47:00,4274.365,4275.0,4273.66,4273.915,388.0
2026-09-25 15:48:00,4273.685,4274.655,4273.255,4273.64,418.0
2026-09-25 15:49:00,4273.775,4274.91,4271.55,4271.765,568.0
2026-09-25 15:50:00,4271.805,4273.295,4271.675,4271.765,441.0
2026-09-25 15:51:00,4271.845,4272.425,4270.06,4270.49,482.0
2026-09-25 15:52:00,4270.465,4273.18,4270.1,4272.805,431.0
2026-09-25 15:53:00,4272.83,4273.555,4271.925,4272.78,385.0
2026-09-25 15:54:00,4272.81,4280.135,4272.535,4277.635,2320.0
2026-09-25 15:55:00,4277.535,4279.54,4277.535,4278.16,1511.0
2026-09-25 15:56:00,4278.18,4278.55,4276.215,4278.255,873.0
2026-09-25 15:57:00,4278.28,4280.595,4277.545,4280.595,805.0
2026-09-25 15:58:00,4280.605,4286.97,4280.605,4286.345,2108.0
2026-09-25 15:59:00,4286.37,4291.42,4285.08,4291.285,1815.0
2026-09-25 16:00:00,4291.26,4294.475,4289.45,4294.34,1849.0
2026-09-25 16:01:00,4294.455,4296.1,4290.33,4290.33,2693.0
2026-09-25 16:02:00,4290.38,4295.05,4290.3,4293.49,3002.0
2026-09-25 16:03:00,4293.485,4299.34,4292.01,4298.915,2073.0
2026-09-25 16:04:00,4298.92,4299.07,4291.415,4294.72,2413.0
2026-09-25 16:05:00,4294.82,4296.51,4292.965,4293.985,1694.0
2026-09-25 16:06:00,4293.98,4300.275,4291.16,4299.87,2580.0
2026-09-25 16:07:00,4299.99,4300.395,4293.21,4294.085,2484.0
2026-09-25 16:08:00,4294.08,4295.745,4292.06,4293.495,2624.0
2026-09-25 16:09:00,4293.59,4295.35,4291.905,4294.015,1908.0
2026-09-25 16:10:00,4294.055,4296.285,4293.485,4294.105,1757.0
2026-09-25 16:11:00,4294.125,4294.125,4291.715,4292.945,1463.0
2026-09-25 16:12:00,4292.905,4294.05,4291.095,4292.655,1275.0
2026-09-25 16:13:00,4292.685,4292.95,4290.595,4290.88,1028.0
2026-09-25 16:14:00,4290.895,4291.005,4287.06,4290.375,1404.0
2026-09-25 16:15:00,4290.32,4290.875,4288.865,4290.365,1370.0
2026-09-25 16:16:00,4290.445,4291.8,4287.82,4291.61,1027.0
2026-09-25 16:17:00,4291.64,4292.49,4289.405,4289.765,1203.0
2026-09-25 16:18:00,4289.775,4291.005,4288.695,4289.19,1019.0
2026-09-25 16:19:00,4289.125,4289.19,4287.635,4288.91,1153.0
2026-09-25 16:20:00,4288.9,4290.285,4287.95,4288.17,1678.0
2026-09-25 16:21:00,4288.15,4289.42,4287.465,4288.325,1239.0
2026-09-25 16:22:00,4288.27,4288.84,4287.12,4287.605,1066.0
2026-09-25 16:23:00,4287.61,4288.11,4284.65,4286.98,1355.0
2026-09-25 16:24:00,4286.955,4288.73,4285.76,4288.325,1143.0
2026-09-25 16:25:00,4288.315,4289.58,4287.775,4288.615,964.0
2026-09-25 16:26:00,4288.695,4292.22,4288.385,4292.155,961.0
2026-09-25 16:27:00,4292.065,4293.02,4291.3,4291.66,880.0
2026-09-25 16:28:00,4291.65,4292.035,4290.62,4291.715,682.0
2026-09-25 16:29:00,4291.745,4292.72,4291.635,4292.135,729.0
2026-09-25 16:30:00,4292.14,4293.12,4291.485,4292.515,809.0
2026-09-25 16:31:00,4292.505,4292.8,4291.35,4291.965,781.0
2026-09-25 16:32:00,4291.89,4293.015,4290.195,4290.46,903.0
2026-09-25 16:33:00,4290.51,4291.505,4288.08,4288.405,765.0
2026-09-25 16:34:00,4288.415,4288.6,4279.4,4284.14,2790.0
2026-09-25 16:35:00,4284.19,4286.815,4284.06,4286.45,1221.0
2026-09-25 16:36:00,4286.385,4286.605,4283.29,4286.33,1111.0
2026-09-25 16:37:00,4286.32,4288.24,4286.195,4287.78,804.0
2026-09-25 16:38:00,4287.68,4287.68,4285.265,4287.325,937.0
2026-09-25 16:39:00,4287.28,4288.51,4287.055,4287.505,680.0
2026-09-25 16:40:00,4287.42,4287.735,4284.755,4284.955,423.0
2026-09-25 16:41:00,4284.965,4285.89,4284.565,4285.365,410.0
2026-09-25 16:42:00,4285.47,4288.155,4285.47,4287.15,736.0
2026-09-25 16:43:00,4287.095,4288.46,4286.755,4287.46,412.0
2026-09-25 16:44:00,4287.51,4289.065,4286.745,4287.215,500.0
2026-09-25 16:45:00,4287.07,4287.285,4284.15,4284.63,626.0
2026-09-25 16:46:00,4284.61,4285.205,4284.32,4285.025,498.0
2026-09-25 16:47:00,4284.975,4285.33,4284.4,4284.59,333.0
2026-09-25 16:48:00,4284.575,4285.045,4282.695,4282.71,538.0
2026-09-25 16:49:00,4282.77,4283.19,4281.83,4282.835,370.0
2026-09-25 16:50:00,4282.885,4284.15,4282.39,4283.85,512.0
2026-09-25 16:51:00,4283.7,4284.655,4283.395,4284.02,397.0
2026-09-25 16:52:00,4283.92,4285.95,4283.855,4285.895,518.0
2026-09-25 16:53:00,4285.83,4286.025,4284.335,4284.45,534.0
2026-09-25 16:54:00,4284.455,4285.575,4284.175,4284.875,638.0
2026-09-25 16:55:00,4284.86,4287.28,4284.555,4286.485,735.0
2026-09-25 16:56:00,4286.435,4287.485,4286.195,4286.64,756.0
2026-09-25 16:57:00,4286.66,4287.24,4285.4,4286.705,661.0
2026-09-25 16:58:00,4286.765,4286.77,4285.535,4285.895,358.0
2026-09-25 16:59:00,4285.91,4288.1,4284.67,4286.54,1150.0
2026-09-25 17:00:00,4286.615,4288.59,4285.395,4288.465,1161.0
2026-09-25 17:01:00,4288.48,4291.44,4288.25,4290.38,1339.0
2026-09-25 17:02:00,4290.43,4291.095,4289.645,4290.855,1032.0
2026-09-25 17:03:00,4290.78,4292.35,4290.675,4291.335,817.0
2026-09-25 17:04:00,4291.36,4292.56,4290.74,4291.235,501.0
2026-09-25 17:05:00,4291.21,4292.015,4290.715,4291.26,616.0
2026-09-25 17:06:00,4291.18,4292.09,4290.25,4290.55,662.0
2026-09-25 17:07:00,4290.65,4292.46,4289.995,4292.16,743.0
2026-09-25 17:08:00,4292.17,4292.45,4289.89,4290.145,702.0
2026-09-25 17:09:00,4290.18,4293.02,4289.825,4292.725,1005.0
2026-09-25 17:10:00,4292.665,4292.8,4291.715,4292.145,555.0
2026-09-25 17:11:00,4292.095,4292.445,4291.26,4291.68,697.0
2026-09-25 17:12:00,4291.675,4292.905,4291.2,4292.14,849.0
2026-09-25 17:13:00,4292.12,4292.56,4291.995,4292.025,637.0
2026-09-25 17:14:00,4291.91,4292.16,4291.02,4291.365,574.0
2026-09-25 17:15:00,4291.35,4291.39,4289.74,4290.43,845.0
2026-09-25 17:16:00,4290.42,4291.53,4290.09,4291.41,709.0
2026-09-25 17:17:00,4291.405,4291.82,4290.805,4290.92,608.0
2026-09-25 17:18:00,4290.91,4291.35,4289.1,4289.335,683.0
2026-09-25 17:19:00,4289.385,4290.79,4289.0,4290.705,647.0
2026-09-25 17:20:00,4290.665,4291.805,4290.565,4291.415,738.0
2026-09-25 17:21:00,4291.39,4291.585,4289.655,4289.81,679.0
2026-09-25 17:22:00,4289.725,4290.665,4289.625,4290.375,442.0
2026-09-25 17:23:00,4290.38,4291.1,4290.065,4290.695,452.0
2026-09-25 17:24:00,4290.645,4292.26,4290.465,4292.26,721.0
2026-09-25 17:25:00,4292.34,4293.25,4291.64,4292.215,598.0
2026-09-25 17:26:00,4292.24,4292.615,4291.21,4291.285,479.0
2026-09-25 17:27:00,4291.295,4291.525,4288.72,4288.745,855.0
2026-09-25 17:28:00,4288.695,4289.62,4286.835,4286.845,881.0
2026-09-25 17:29:00,4286.835,4286.97,4285.165,4286.48,954.0
2026-09-25 17:30:00,4286.62,4286.685,4285.63,4285.76,514.0
2026-09-25 17:31:00,4285.79,4286.5,4285.09,4285.58,538.0
2026-09-25 17:32:00,4285.605,4286.36,4285.54,4286.21,288.0
2026-09-25 17:33:00,4286.05,4287.835,4285.31,4285.84,504.0
2026-09-25 17:34:00,4285.73,4285.82,4284.215,4285.07,464.0
2026-09-25 17:35:00,4285.035,4285.06,4283.185,4283.465,567.0
2026-09-25 17:36:00,4283.485,4283.68,4282.37,4282.525,798.0
2026-09-25 17:37:00,4282.515,4282.515,4279.555,4281.225,853.0
2026-09-25 17:38:00,4281.21,4282.265,4281.2,4281.845,569.0
2026-09-25 17:39:00,4281.895,4285.38,4281.455,4284.17,810.0
2026-09-25 17:40:00,4284.115,4286.275,4283.625,4284.785,1086.0
2026-09-25 17:41:00,4284.66,4287.965,4284.64,4287.215,998.0
2026-09-25 17:42:00,4287.255,4288.365,4286.375,4287.755,679.0
2026-09-25 17:43:00,4287.76,4287.775,4285.78,4285.91,583.0
2026-09-25 17:44:00,4285.96,4287.28,4285.575,4285.745,539.0
2026-09-25 17:45:00,4285.73,4286.925,4285.63,4285.96,656.0
2026-09-25 17:46:00,4285.855,4286.37,4282.915,4283.065,479.0
2026-09-25 17:47:00,4283.04,4283.23,4282.12,4282.795,370.0
2026-09-25 17:48:00,4282.67,4283.8,4282.285,4283.51,309.0
2026-09-25 17:49:00,4283.535,4285.2,4283.445,4284.255,449.0
2026-09-25 17:50:00,4284.105,4284.57,4283.27,4284.415,346.0
2026-09-25 17:51:00,4284.435,4284.695,4283.575,4283.985,257.0
2026-09-25 17:52:00,4283.955,4284.3,4283.325,4284.3,495.0
2026-09-25 17:53:00,4284.295,4284.92,4284.155,4284.71,688.0
2026-09-25 17:54:00,4284.685,4284.7,4283.34,4284.13,785.0
2026-09-25 17:55:00,4284.16,4285.075,4283.995,4285.02,465.0
2026-09-25 17:56:00,4284.985,4285.55,4283.895,4283.895,775.0
2026-09-25 17:57:00,4283.885,4284.05,4282.64,4282.82,405.0
2026-09-25 17:58:00,4282.865,4283.115,4282.355,4282.83,247.0
2026-09-25 17:59:00,4282.78,4283.46,4282.635,4283.375,212.0
2026-09-25 18:00:00,4283.43,4284.5,4283.43,4283.895,273.0
2026-09-25 18:01:00,4283.885,4284.46,4283.555,4283.67,210.0
2026-09-25 18:02:00,4283.72,4283.865,4283.19,4283.64,205.0
2026-09-25 18:03:00,4283.65,4283.675,4283.23,4283.27,170.0
2026-09-25 18:04:00,4283.295,4283.855,4282.86,4283.26,334.0
2026-09-25 18:05:00,4283.23,4284.29,4282.93,4283.245,253.0
2026-09-25 18:06:00,4283.295,4283.97,4283.295,4283.68,271.0
2026-09-25 18:07:00,4283.735,4284.28,4283.31,4284.205,208.0
2026-09-25 18:08:00,4284.255,4284.875,4284.105,4284.655,196.0
2026-09-25 18:09:00,4284.655,4285.84,4284.64,4285.53,255.0
2026-09-25 18:10:00,4285.535,4285.895,4284.835,4284.885,269.0
2026-09-25 18:11:00,4284.9,4284.9,4283.56,4283.83,204.0
2026-09-25 18:12:00,4283.875,4284.38,4283.38,4283.765,197.0
2026-09-25 18:13:00,4283.715,4284.885,4283.685,4284.415,247.0
2026-09-25 18:14:00,4284.36,4284.925,4284.055,4284.87,197.0
2026-09-25 18:15:00,4284.83,4285.87,4284.305,4285.54,311.0
2026-09-25 18:16:00,4285.55,4286.8,4285.525,4286.165,307.0
2026-09-25 18:17:00,4286.195,4286.265,4285.28,4285.43,233.0
2026-09-25 18:18:00,4285.425,4287.35,4285.4,4287.055,326.0
2026-09-25 18:19:00,4287.05,4288.695,4286.69,4288.26,490.0
2026-09-25 18:20:00,4288.21,4288.34,4287.59,4287.665,413.0
2026-09-25 18:21:00,4287.67,4287.87,4286.585,4286.82,385.0
2026-09-25 18:22:00,4286.77,4286.98,4286.295,4286.45,359.0
2026-09-25 18:23:00,4286.445,4288.69,4286.445,4288.69,434.0
2026-09-25 18:24:00,4288.685,4289.495,4288.58,4288.96,417.0
2026-09-25 18:25:00,4288.955,4289.905,4288.815,4289.7,392.0
2026-09-25 18:26:00,4289.625,4290.24,4286.495,4287.235,1278.0
2026-09-25 18:27:00,4287.21,4288.24,4284.805,4285.035,1190.0
2026-09-25 18:28:00,4285.03,4286.905,4284.16,4286.835,848.0
2026-09-25 18:29:00,4286.745,4287.565,4286.345,4287.565,487.0
2026-09-25 18:30:00,4287.535,4288.825,4287.23,4288.605,626.0
2026-09-25 18:31:00,4288.63,4290.63,4288.63,4290.01,635.0
2026-09-25 18:32:00,4290.02,4290.995,4289.82,4290.105,471.0
2026-09-25 18:33:00,4290.28,4291.54,4290.13,4290.985,388.0
2026-09-25 18:34:00,4291.04,4292.535,4290.44,4292.375,477.0
2026-09-25 18:35:00,4292.365,4294.15,4292.07,4292.815,681.0
2026-09-25 18:36:00,4292.835,4293.155,4292.38,4293.075,580.0
2026-09-25 18:37:00,4293.07,4293.075,4288.67,4288.885,772.0
2026-09-25 18:38:00,4289.005,4290.675,4288.975,4290.625,571.0
2026-09-25 18:39:00,4290.63,4290.77,4287.635,4287.72,438.0
2026-09-25 18:40:00,4287.67,4289.085,4287.67,4289.02,495.0
2026-09-25 18:41:00,4289.07,4290.165,4287.615,4289.9,836.0
2026-09-25 18:42:00,4289.895,4290.68,4289.385,4290.23,452.0
2026-09-25 18:43:00,4290.255,4290.94,4290.13,4290.65,519.0
2026-09-25 18:44:00,4290.635,4292.07,4290.375,4291.79,695.0
2026-09-25 18:45:00,4291.8,4292.565,4291.245,4291.405,662.0
2026-09-25 18:46:00,4291.38,4291.96,4290.74,4291.255,721.0
2026-09-25 18:47:00,4291.305,4291.765,4290.935,4291.19,446.0
2026-09-25 18:48:00,4291.27,4293.835,4291.255,4293.045,496.0
2026-09-25 18:49:00,4293.07,4295.28,4293.04,4294.825,780.0
2026-09-25 18:50:00,4294.83,4295.79,4294.655,4295.26,659.0
2026-09-25 18:51:00,4295.265,4295.68,4294.21,4294.75,526.0
2026-09-25 18:52:00,4294.725,4295.405,4294.665,4295.22,466.0
2026-09-25 18:53:00,4295.21,4296.195,4295.01,4295.07,515.0
2026-09-25 18:54:00,4295.095,4295.18,4293.995,4294.69,439.0
2026-09-25 18:55:00,4294.67,4295.115,4293.99,4294.215,397.0
2026-09-25 18:56:00,4294.23,4295.495,4294.025,4294.735,453.0
2026-09-25 18:57:00,4294.685,4295.215,4294.145,4294.59,387.0
2026-09-25 18:58:00,4294.575,4294.76,4294.29,4294.4,245.0
2026-09-25 18:59:00,4294.45,4295.095,4293.41,4294.91,378.0
2026-09-25 19:00:00,4294.975,4295.895,4293.275,4293.855,450.0
2026-09-25 19:01:00,4293.84,4295.74,4292.74,4293.81,727.0
2026-09-25 19:02:00,4293.795,4293.995,4291.99,4292.02,525.0
2026-09-25 19:03:00,4292.09,4292.43,4291.48,4292.33,412.0
2026-09-25 19:04:00,4292.325,4292.72,4289.585,4289.775,468.0
2026-09-25 19:05:00,4289.785,4291.035,4288.635,4290.765,423.0
2026-09-25 19:06:00,4290.715,4292.43,4290.665,4292.015,687.0
2026-09-25 19:07:00,4292.03,4294.455,4292.03,4294.165,468.0
2026-09-25 19:08:00,4294.22,4294.645,4292.68,4292.895,565.0
2026-09-25 19:09:00,4292.89,4294.275,4292.89,4293.86,546.0
2026-09-25 19:10:00,4293.85,4294.38,4293.165,4293.975,564.0
2026-09-25 19:11:00,4293.97,4294.395,4292.895,4293.265,521.0
2026-09-25 19:12:00,4293.27,4293.715,4292.57,4293.605,422.0
2026-09-25 19:13:00,4293.61,4293.715,4292.965,4293.675,447.0
2026-09-25 19:14:00,4293.67,4297.315,4293.66,4296.82,660.0
2026-09-25 19:15:00,4296.815,4297.005,4295.075,4295.76,602.0
2026-09-25 19:16:00,4295.785,4295.785,4294.185,4294.33,611.0
2026-09-25 19:17:00,4294.31,4294.72,4293.93,4294.24,363.0
2026-09-25 19:18:00,4294.255,4294.385,4293.745,4294.195,314.0
2026-09-25 19:19:00,4294.155,4294.155,4292.71,4292.71,378.0
2026-09-25 19:20:00,4292.7,4292.935,4291.725,4292.12,429.0
2026-09-25 19:21:00,4292.115,4292.53,4291.17,4291.755,444.0
2026-09-25 19:22:00,4291.71,4291.865,4289.795,4289.87,444.0
2026-09-25 19:23:00,4289.93,4290.35,4289.51,4290.35,357.0
2026-09-25 19:24:00,4290.375,4291.075,4289.91,4290.07,403.0
2026-09-25 19:25:00,4290.07,4290.295,4289.01,4289.33,507.0
2026-09-25 19:26:00,4289.325,4289.61,4288.535,4289.205,571.0
2026-09-25 19:27:00,4289.235,4289.76,4288.155,4288.435,535.0
2026-09-25 19:28:00,4288.395,4289.055,4288.255,4289.01,508.0
2026-09-25 19:29:00,4289.02,4289.035,4287.99,4288.875,529.0
2026-09-25 19:30:00,4288.9,4290.105,4288.55,4290.07,452.0
2026-09-25 19:31:00,4290.065,4290.455,4288.025,4288.47,713.0
2026-09-25 19:32:00,4288.46,4288.93,4288.085,4288.41,746.0
2026-09-25 19:33:00,4288.405,4289.22,4287.87,4288.49,808.0
2026-09-25 19:34:00,4288.465,4289.01,4288.08,4288.735,681.0
2026-09-25 19:35:00,4288.74,4290.79,4288.74,4290.4,547.0
2026-09-25 19:36:00,4290.405,4290.945,4290.25,4290.9,640.0
2026-09-25 19:37:00,4290.905,4293.91,4290.695,4293.04,1280.0
2026-09-25 19:38:00,4293.02,4294.405,4292.455,4292.97,763.0
2026-09-25 19:39:00,4293.015,4293.65,4292.79,4293.36,360.0
2026-09-25 19:40:00,4293.355,4293.355,4292.14,4292.845,635.0
2026-09-25 19:41:00,4292.84,4293.52,4292.395,4292.4,879.0
2026-09-25 19:42:00,4292.45,4292.87,4292.405,4292.7,622.0
2026-09-25 19:43:00,4292.71,4294.025,4292.64,4293.29,267.0
2026-09-25 19:44:00,4293.265,4293.655,4292.355,4292.685,356.0
2026-09-25 19:45:00,4292.665,4294.53,4292.665,4293.955,515.0
2026-09-25 19:46:00,4293.935,4294.45,4293.395,4294.255,357.0
2026-09-25 19:47:00,4294.3,4294.49,4293.595,4293.995,241.0
2026-09-25 19:48:00,4294.03,4294.085,4293.075,4293.075,238.0
2026-09-25 19:49:00,4293.045,4293.21,4292.39,4292.945,232.0
2026-09-25 19:50:00,4292.995,4293.915,4292.995,4293.5,593.0
2026-09-25 19:51:00,4293.585,4293.595,4292.225,4292.235,395.0
2026-09-25 19:52:00,4292.23,4292.25,4290.78,4291.3,508.0
2026-09-25 19:53:00,4291.305,4291.31,4290.465,4290.615,673.0
2026-09-25 19:54:00,4290.61,4291.24,4290.385,4290.945,430.0
2026-09-25 19:55:00,4291.005,4291.05,4289.515,4290.355,585.0
2026-09-25 19:56:00,4290.36,4290.51,4289.975,4290.375,877.0
2026-09-25 19:57:00,4290.465,4291.015,4289.99,4290.035,967.0
2026-09-25 19:58:00,4290.09,4290.99,4289.85,4290.785,1192.0
2026-09-25 19:59:00,4290.79,4291.655,4290.79,4291.175,567.0
2026-09-25 20:00:00,4291.18,4292.13,4291.135,4291.795,519.0
2026-09-25 20:01:00,4291.8,4291.975,4291.145,4291.785,186.0
2026-09-25 20:02:00,4291.77,4291.945,4291.185,4291.58,284.0
2026-09-25 20:03:00,4291.585,4291.72,4291.335,4291.425,206.0
2026-09-25 20:04:00,4291.435,4292.06,4291.23,4291.285,188.0
2026-09-25 20:05:00,4291.255,4291.295,4290.015,4290.015,266.0
2026-09-25 20:06:00,4290.05,4290.705,4289.79,4290.67,167.0
2026-09-25 20:07:00,4290.7,4291.385,4290.685,4291.28,243.0
2026-09-25 20:08:00,4291.245,4291.265,4290.715,4291.215,173.0
2026-09-25 20:09:00,4291.24,4291.68,4291.175,4291.46,172.0
2026-09-25 20:10:00,4291.435,4291.94,4291.24,4291.29,233.0
2026-09-25 20:11:00,4291.3,4291.545,4291.025,4291.025,176.0
2026-09-25 20:12:00,4291.02,4291.355,4290.475,4290.765,204.0
2026-09-25 20:13:00,4290.795,4291.08,4290.58,4290.72,292.0
2026-09-25 20:14:00,4290.695,4291.44,4290.42,4290.66,160.0
2026-09-25 20:15:00,4290.665,4290.925,4290.44,4290.7,125.0
2026-09-25 20:16:00,4290.655,4290.83,4290.035,4290.06,93.0
2026-09-25 20:17:00,4290.065,4290.285,4289.935,4289.965,123.0
2026-09-25 20:18:00,4290.005,4290.09,4289.58,4289.59,216.0
2026-09-25 20:19:00,4289.61,4290.09,4289.61,4289.88,113.0
2026-09-25 20:20:00,4289.92,4290.06,4288.925,4288.925,152.0
2026-09-25 20:21:00,4288.89,4288.94,4288.065,4288.525,236.0
2026-09-25 20:22:00,4288.545,4288.76,4288.06,4288.63,171.0
2026-09-25 20:23:00,4288.625,4288.965,4288.515,4288.63,161.0
2026-09-25 20:24:00,4288.645,4289.26,4288.51,4288.51,196.0
2026-09-25 20:25:00,4288.505,4288.62,4288.02,4288.135,184.0
2026-09-25 20:26:00,4288.12,4288.72,4288.03,4288.155,222.0
2026-09-25 20:27:00,4288.175,4288.35,4287.41,4287.695,236.0
2026-09-25 20:28:00,4287.72,4288.33,4287.32,4287.825,324.0
2026-09-25 20:29:00,4287.815,4287.84,4286.93,4287.45,278.0
2026-09-25 20:30:00,4287.43,4287.6,4286.915,4286.965,222.0
2026-09-25 20:31:00,4286.915,4286.965,4286.24,4286.755,112.0
2026-09-25 20:32:00,4286.785,4287.25,4286.56,4286.565,103.0
2026-09-25 20:33:00,4286.585,4287.135,4286.44,4286.495,113.0
2026-09-25 20:34:00,4286.525,4286.965,4286.165,4286.295,168.0
2026-09-25 20:35:00,4286.23,4286.72,4285.805,4285.895,149.0
2026-09-25 20:36:00,4285.905,4286.45,4285.725,4286.275,123.0
2026-09-25 20:37:00,4286.215,4286.405,4285.755,4285.92,137.0
2026-09-25 20:38:00,4285.86,4286.12,4285.305,4285.505,231.0
2026-09-25 20:39:00,4285.515,4286.075,4285.475,4285.83,126.0
2026-09-25 20:40:00,4285.58,4286.115,4285.37,4285.53,120.0
2026-09-25 20:41:00,4285.48,4285.68,4285.335,4285.61,174.0
2026-09-25 20:42:00,4285.605,4286.25,4285.07,4285.1,196.0
2026-09-25 20:43:00,4285.14,4285.54,4285.14,4285.26,90.0
2026-09-25 20:44:00,4285.315,4285.35,4284.835,4284.85,119.0
2026-09-25 20:45:00,4284.835,4285.055,4284.405,4285.055,275.0
2026-09-25 20:46:00,4285.05,4285.155,4284.44,4284.955,183.0
2026-09-25 20:47:00,4284.915,4284.945,4284.465,4284.665,145.0
2026-09-25 20:48:00,4284.685,4285.49,4284.685,4285.24,205.0
2026-09-25 20:49:00,4285.18,4286.58,4285.18,4285.45,230.0
2026-09-25 20:50:00,4285.435,4285.62,4284.885,4285.4,157.0
2026-09-25 20:51:00,4285.425,4286.24,4285.205,4286.18,128.0
2026-09-25 20:52:00,4286.22,4287.275,4286.16,4287.095,184.0
2026-09-25 20:53:00,4286.885,4286.945,4286.005,4286.33,136.0
2026-09-25 20:54:00,4286.31,4286.31,4285.225,4285.225,134.0
2026-09-25 20:55:00,4285.125,4287.015,4285.115,4286.97,198.0
2026-09-25 20:56:00,4286.975,4286.975,4285.815,4286.305,202.0
2026-09-25 20:57:00,4286.34,4286.415,4284.785,4285.92,325.0
2026-09-25 20:58:00,4285.845,4286.175,4284.925,4285.18,147.0
2026-09-25 20:59:00,4284.35,4285.255,4284.35,4284.97,34.0
2026-09-27 22:04:00,4272.435,4272.95,4272.37,4272.65,21.0
2026-09-27 22:05:00,4272.625,4274.5,4272.135,4273.675,346.0
2026-09-27 22:06:00,4273.635,4275.21,4272.755,4272.775,231.0
2026-09-27 22:07:00,4272.73,4273.22,4271.745,4272.825,241.0
2026-09-27 22:08:00,4272.945,4274.49,4272.39,4272.49,253.0
2026-09-27 22:09:00,4272.56,4274.37,4272.545,4273.79,219.0
2026-09-27 22:10:00,4273.86,4275.325,4273.565,4274.49,217.0
2026-09-27 22:11:00,4274.495,4275.13,4274.245,4274.665,189.0
2026-09-27 22:12:00,4274.715,4274.965,4273.1,4273.47,142.0
2026-09-27 22:13:00,4273.52,4273.77,4269.67,4270.035,379.0
2026-09-27 22:14:00,4270.085,4270.435,4265.975,4266.165,466.0
2026-09-27 22:15:00,4266.215,4267.21,4266.1,4266.43,209.0
2026-09-27 22:16:00,4266.48,4269.05,4266.48,4268.765,197.0
2026-09-27 22:17:00,4268.815,4270.7,4268.595,4268.79,201.0
2026-09-27 22:18:00,4268.87,4269.055,4266.44,4267.61,318.0
2026-09-27 22:19:00,4267.645,4269.38,4267.51,4268.41,128.0
2026-09-27 22:20:00,4268.5,4268.91,4266.765,4267.045,338.0
2026-09-27 22:21:00,4267.065,4268.415,4266.585,4268.4,170.0
2026-09-27 22:22:00,4268.455,4269.18,4267.38,4268.22,220.0
2026-09-27 22:23:00,4268.26,4268.835,4268.155,4268.435,84.0
2026-09-27 22:24:00,4268.41,4268.945,4268.02,4268.7,194.0
2026-09-27 22:25:00,4268.755,4269.945,4268.14,4269.82,308.0
2026-09-27 22:26:00,4269.865,4270.575,4269.5,4270.18,236.0
2026-09-27 22:27:00,4270.065,4270.425,4269.84,4269.95,144.0
2026-09-27 22:28:00,4269.89,4270.22,4269.485,4270.07,238.0
2026-09-27 22:29:00,4270.06,4270.45,4268.555,4268.705,218.0
2026-09-27 22:30:00,4268.655,4268.855,4266.005,4266.32,283.0
2026-09-27 22:31:00,4266.315,4267.44,4266.11,4266.845,273.0
2026-09-27 22:32:00,4266.945,4266.995,4265.635,4265.935,184.0
2026-09-27 22:33:00,4265.87,4265.995,4263.515,4264.725,254.0
2026-09-27 22:34:00,4264.8,4264.935,4262.805,4263.17,342.0
2026-09-27 22:35:00,4263.19,4264.675,4262.145,4262.935,399.0
2026-09-27 22:36:00,4262.995,4263.46,4262.505,4263.165,238.0
2026-09-27 22:37:00,4263.34,4263.53,4262.42,4262.515,297.0
2026-09-27 22:38:00,4262.52,4263.815,4262.51,4263.73,242.0
2026-09-27 22:39:00,4263.68,4263.68,4262.245,4263.12,234.0
2026-09-27 22:40:00,4263.105,4263.385,4262.16,4262.175,257.0
2026-09-27 22:41:00,4262.18,4263.17,4261.875,4262.55,224.0
2026-09-27 22:42:00,4262.545,4263.07,4262.38,4262.435,149.0
2026-09-27 22:43:00,4262.43,4263.025,4262.36,4262.415,160.0
2026-09-27 22:44:00,4262.41,4262.6,4261.635,4261.645,200.0
2026-09-27 22:45:00,4261.64,4261.645,4259.725,4260.655,418.0
2026-09-27 22:46:00,4260.62,4263.195,4259.62,4260.435,411.0
2026-09-27 22:47:00,4260.47,4260.74,4259.405,4260.64,212.0
2026-09-27 22:48:00,4260.57,4260.755,4259.415,4259.55,191.0
2026-09-27 22:49:00,4259.49,4260.07,4259.25,4259.39,158.0
2026-09-27 22:50:00,4259.44,4260.63,4259.435,4260.135,315.0
2026-09-27 22:51:00,4260.14,4260.19,4259.39,4259.62,320.0
2026-09-27 22:52:00,4259.63,4260.19,4259.51,4259.8,264.0
2026-09-27 22:53:00,4259.81,4260.265,4259.19,4260.23,183.0
2026-09-27 22:54:00,4260.225,4260.4,4258.035,4258.955,359.0
2026-09-27 22:55:00,4259.0,4260.02,4258.585,4259.71,321.0
2026-09-27 22:56:00,4259.705,4259.705,4258.425,4259.155,358.0
2026-09-27 22:57:00,4259.145,4260.03,4258.975,4259.49,342.0
2026-09-27 22:58:00,4259.495,4259.97,4259.025,4259.145,198.0
2026-09-27 22:59:00,4259.225,4260.295,4259.225,4260.2,187.0
2026-09-27 23:00:00,4260.3,4260.3,4258.035,4258.37,460.0
2026-09-27 23:01:00,4258.35,4260.64,4257.685,4260.3,329.0
2026-09-27 23:02:00,4260.21,4262.235,4259.97,4261.375,681.0
2026-09-27 23:03:00,4261.385,4263.295,4261.175,4263.27,472.0
2026-09-27 23:04:00,4263.195,4265.365,4263.185,4264.835,356.0
2026-09-27 23:05:00,4264.85,4265.88,4264.355,4265.545,332.0
2026-09-27 23:06:00,4265.535,4266.28,4265.045,4266.035,386.0
2026-09-27 23:07:00,4266.02,4266.365,4265.97,4266.085,245.0
2026-09-27 23:08:00,4266.1,4266.28,4264.3,4264.485,267.0
2026-09-27 23:09:00,4264.47,4265.125,4264.395,4265.075,127.0
2026-09-27 23:10:00,4265.125,4265.325,4263.92,4264.455,151.0
2026-09-27 23:11:00,4264.505,4265.955,4264.105,4265.955,156.0
2026-09-27 23:12:00,4265.985,4266.07,4264.38,4265.035,186.0
2026-09-27 23:13:00,4265.09,4265.175,4264.37,4264.83,103.0
2026-09-27 23:14:00,4264.73,4265.09,4264.495,4265.09,53.0
2026-09-27 23:15:00,4265.14,4265.345,4264.495,4264.545,113.0
2026-09-27 23:16:00,4264.675,4265.085,4264.135,4264.695,92.0
2026-09-27 23:17:00,4264.645,4264.84,4264.475,4264.65,46.0
2026-09-27 23:18:00,4264.795,4265.29,4264.73,4265.24,57.0
2026-09-27 23:19:00,4265.29,4265.525,4264.55,4264.665,96.0
2026-09-27 23:20:00,4264.615,4265.46,4264.3,4265.46,81.0
2026-09-27 23:21:00,4265.51,4265.51,4265.015,4265.47,31.0
2026-09-27 23:22:00,4265.52,4265.755,4265.1,4265.14,83.0
2026-09-27 23:23:00,4265.19,4265.66,4264.875,4264.97,68.0
2026-09-27 23:24:00,4265.0,4265.83,4264.275,4265.425,102.0
2026-09-27 23:25:00,4265.475,4265.61,4265.205,4265.31,47.0
2026-09-27 23:26:00,4265.09,4265.09,4264.57,4264.68,74.0
2026-09-27 23:27:00,4264.67,4264.775,4263.5,4264.525,110.0
2026-09-27 23:28:00,4264.575,4264.69,4264.14,4264.425,54.0
2026-09-27 23:29:00,4264.325,4264.375,4262.505,4263.37,167.0
2026-09-27 23:30:00,4263.42,4263.665,4262.34,4262.39,117.0
2026-09-27 23:31:00,4262.34,4262.55,4261.525,4262.26,178.0
2026-09-27 23:32:00,4262.29,4263.925,4262.29,4262.615,166.0
2026-09-27 23:33:00,4262.595,4262.86,4261.975,4261.975,135.0
2026-09-27 23:34:00,4261.995,4261.995,4260.415,4261.14,190.0
2026-09-27 23:35:00,4261.16,4261.91,4260.41,4261.28,187.0
2026-09-27 23:36:00,4261.33,4261.915,4260.965,4261.265,119.0
2026-09-27 23:37:00,4261.295,4261.685,4260.65,4260.96,119.0
2026-09-27 23:38:00,4261.03,4261.115,4260.035,4260.255,160.0
2026-09-27 23:39:00,4260.275,4260.87,4259.875,4260.37,113.0
2026-09-27 23:40:00,4260.165,4260.855,4259.515,4260.78,169.0
2026-09-27 23:41:00,4260.72,4261.145,4259.19,4259.69,211.0
2026-09-27 23:42:00,4259.59,4260.595,4259.11,4260.415,174.0
2026-09-27 23:43:00,4260.465,4260.975,4259.77,4259.78,278.0
2026-09-27 23:44:00,4259.785,4260.64,4259.745,4260.48,171.0
2026-09-27 23:45:00,4260.53,4261.24,4259.385,4259.395,564.0
2026-09-27 23:46:00,4259.39,4260.72,4259.39,4260.23,339.0
2026-09-27 23:47:00,4260.225,4261.435,4260.065,4260.63,429.0
2026-09-27 23:48:00,4260.635,4261.905,4260.565,4261.095,487.0
2026-09-27 23:49:00,4261.1,4262.24,4260.67,4262.235,354.0
2026-09-27 23:50:00,4262.145,4264.67,4261.875,4264.53,443.0
2026-09-27 23:51:00,4264.47,4264.87,4262.925,4263.035,420.0
2026-09-27 23:52:00,4263.075,4265.305,4261.36,4263.135,599.0
2026-09-27 23:53:00,4263.215,4263.8,4261.415,4261.61,455.0
2026-09-27 23:54:00,4261.45,4261.56,4259.7,4260.685,348.0
2026-09-27 23:55:00,4260.725,4262.56,4260.575,4260.955,315.0
2026-09-27 23:56:00,4260.905,4261.785,4260.86,4261.5,266.0
2026-09-27 23:57:00,4261.595,4262.35,4261.07,4261.09,308.0
2026-09-27 23:58:00,4261.08,4261.08,4259.82,4260.135,446.0
2026-09-27 23:59:00,4260.195,4261.07,4259.815,4260.455,352.0
2026-09-28 00:00:00,4260.425,4261.12,4254.16,4256.99,1214.0
2026-09-28 00:01:00,4257.005,4257.575,4254.845,4257.205,1075.0
2026-09-28 00:02:00,4257.37,4257.78,4254.41,4255.325,1246.0
2026-09-28 00:03:00,4255.39,4258.06,4254.42,4257.67,661.0
2026-09-28 00:04:00,4257.65,4259.1,4257.17,4258.415,471.0
2026-09-28 00:05:00,4258.44,4258.44,4255.565,4256.39,571.0
2026-09-28 00:06:00,4256.415,4257.445,4255.125,4257.13,654.0
2026-09-28 00:07:00,4257.04,4258.2,4255.82,4258.025,620.0
2026-09-28 00:08:00,4257.94,4258.68,4255.75,4255.76,406.0
2026-09-28 00:09:00,4255.745,4256.235,4253.47,4255.465,520.0
2026-09-28 00:10:00,4255.225,4255.59,4253.66,4254.29,386.0
2026-09-28 00:11:00,4254.19,4255.9,4254.19,4255.285,391.0
2026-09-28 00:12:00,4255.39,4256.77,4255.39,4255.615,494.0
2026-09-28 00:13:00,4255.625,4256.885,4254.495,4256.435,579.0
2026-09-28 00:14:00,4256.42,4256.845,4255.045,4256.36,523.0
2026-09-28 00:15:00,4256.39,4257.03,4254.68,4256.92,644.0
2026-09-28 00:16:00,4256.97,4257.44,4254.76,4254.76,666.0
2026-09-28 00:17:00,4254.675,4255.24,4253.555,4254.97,334.0
2026-09-28 00:18:00,4254.805,4255.5,4253.935,4253.935,287.0
2026-09-28 00:19:00,4253.945,4255.33,4253.19,4255.205,505.0
2026-09-28 00:20:00,4255.2,4255.59,4253.91,4254.69,603.0
2026-09-28 00:21:00,4254.7,4255.58,4253.71,4254.895,478.0
2026-09-28 00:22:00,4254.96,4255.375,4252.5,4252.77,690.0
2026-09-28 00:23:00,4252.79,4253.86,4252.43,4253.73,415.0
2026-09-28 00:24:00,4253.735,4253.77,4252.55,4253.12,372.0
2026-09-28 00:25:00,4253.03,4254.175,4253.02,4253.68,559.0
2026-09-28 00:26:00,4253.7,4254.12,4252.87,4253.98,501.0
2026-09-28 00:27:00,4253.975,4254.365,4253.39,4253.925,409.0
2026-09-28 00:28:00,4254.03,4254.105,4252.055,4252.84,554.0
2026-09-28 00:29:00,4252.825,4252.825,4249.61,4249.61,738.0
2026-09-28 00:30:00,4249.565,4250.33,4248.59,4249.26,744.0
2026-09-28 00:31:00,4249.265,4249.3,4228.835,4239.225,2244.0
2026-09-28 00:32:00,4239.22,4239.75,4229.43,4239.33,1305.0
2026-09-28 00:33:00,4239.305,4240.975,4233.81,4234.98,1343.0
2026-09-28 00:34:00,4235.02,4235.935,4231.25,4235.7,1237.0
2026-09-28 00:35:00,4235.655,4238.015,4233.56,4234.52,1315.0
2026-09-28 00:36:00,4234.585,4236.615,4234.495,4236.52,1285.0
2026-09-28 00:37:00,4236.55,4238.48,4235.49,4236.495,772.0
2026-09-28 00:38:00,4236.56,4237.155,4234.435,4235.63,735.0
2026-09-28 00:39:00,4235.665,4240.025,4235.495,4236.915,1148.0
2026-09-28 00:40:00,4236.995,4237.635,4232.07,4232.445,1244.0
2026-09-28 00:41:00,4232.5,4237.35,4232.01,4237.35,940.0
2026-09-28 00:42:00,4237.29,4237.75,4234.18,4234.735,1116.0
2026-09-28 00:43:00,4234.74,4237.53,4234.55,4236.275,979.0
2026-09-28 00:44:00,4236.1,4238.065,4235.995,4237.015,996.0
2026-09-28 00:45:00,4237.0,4239.425,4236.94,4238.785,898.0
2026-09-28 00:46:00,4238.79,4239.345,4235.28,4235.44,1016.0
2026-09-28 00:47:00,4235.475,4235.73,4233.865,4234.515,1109.0
2026-09-28 00:48:00,4234.545,4235.085,4232.51,4233.87,820.0
2026-09-28 00:49:00,4233.8,4235.9,4233.5,4234.835,1030.0
2026-09-28 00:50:00,4234.86,4235.375,4231.98,4234.4,1189.0
2026-09-28 00:51:00,4234.425,4236.33,4232.01,4232.645,1115.0
2026-09-28 00:52:00,4232.67,4233.92,4230.95,4232.61,1197.0
2026-09-28 00:53:00,4232.645,4232.865,4231.005,4232.545,888.0
2026-09-28 00:54:00,4232.55,4232.765,4230.35,4230.545,1011.0
2026-09-28 00:55:00,4230.655,4234.515,4230.33,4234.415,1619.0
2026-09-28 00:56:00,4234.455,4235.965,4233.965,4234.36,1118.0
2026-09-28 00:57:00,4234.355,4234.625,4230.035,4231.23,1657.0
2026-09-28 00:58:00,4231.235,4232.17,4229.95,4230.91,1225.0
2026-09-28 00:59:00,4230.905,4231.19,4227.23,4231.03,1461.0
2026-09-28 01:00:00,4231.04,4231.825,4225.565,4227.985,2937.0
2026-09-28 01:01:00,4228.12,4228.37,4220.91,4220.91,2275.0
2026-09-28 01:02:00,4220.89,4222.49,4219.145,4219.415,1999.0
2026-09-28 01:03:00,4219.4,4225.45,4219.4,4224.585,1905.0
2026-09-28 01:04:00,4224.605,4227.64,4222.005,4227.64,1520.0
2026-09-28 01:05:00,4227.62,4227.62,4219.135,4220.105,1821.0
2026-09-28 01:06:00,4220.115,4226.12,4219.755,4223.625,1616.0
2026-09-28 01:07:00,4223.6,4228.435,4222.92,4226.665,1330.0
2026-09-28 01:08:00,4226.64,4226.705,4223.2,4226.14,1453.0
2026-09-28 01:09:00,4226.195,4226.79,4222.785,4224.635,1576.0
2026-09-28 01:10:00,4224.57,4226.35,4220.06,4222.245,1550.0
2026-09-28 01:11:00,4222.255,4222.65,4218.93,4220.63,1084.0
2026-09-28 01:12:00,4220.62,4221.015,4214.555,4215.325,1417.0
2026-09-28 01:13:00,4215.315,4219.01,4214.62,4218.255,1458.0
2026-09-28 01:14:00,4218.265,4221.925,4218.265,4221.06,1105.0
2026-09-28 01:15:00,4221.07,4224.37,4220.225,4223.915,1467.0
2026-09-28 01:16:00,4223.93,4225.855,4222.835,4224.0,1294.0
2026-09-28 01:17:00,4224.225,4224.765,4220.935,4221.3,1233.0
2026-09-28 01:18:00,4221.31,4222.53,4220.365,4220.84,860.0
2026-09-28 01:19:00,4220.795,4221.255,4217.84,4220.2,844.0
2026-09-28 01:20:00,4220.25,4221.29,4217.92,4219.58,863.0
2026-09-28 01:21:00,4219.48,4222.515,4218.535,4220.32,1047.0
2026-09-28 01:22:00,4220.245,4221.59,4218.12,4218.555,1077.0
2026-09-28 01:23:00,4218.47,4219.415,4216.295,4218.17,1204.0
2026-09-28 01:24:00,4218.145,4220.855,4217.84,4220.405,857.0
2026-09-28 01:25:00,4220.36,4220.825,4219.15,4220.465,745.0
2026-09-28 01:26:00,4220.365,4222.43,4219.705,4221.975,786.0
2026-09-28 01:27:00,4221.925,4221.965,4217.895,4218.375,808.0
2026-09-28 01:28:00,4218.325,4218.925,4216.075,4218.75,1004.0
2026-09-28 01:29:00,4218.755,4221.295,4218.005,4220.67,617.0
2026-09-28 01:30:00,4220.65,4223.8,4219.975,4220.815,1007.0
2026-09-28 01:31:00,4220.835,4223.245,4220.645,4222.69,674.0
2026-09-28 01:32:00,4222.64,4223.03,4216.64,4220.305,1199.0
2026-09-28 01:33:00,4220.315,4220.4,4217.06,4219.68,1006.0
2026-09-28 01:34:00,4219.705,4220.155,4217.535,4219.145,873.0
2026-09-28 01:35:00,4219.115,4219.23,4214.115,4214.705,1051.0
2026-09-28 01:36:00,4214.805,4215.435,4213.29,4213.67,789.0
2026-09-28 01:37:00,4213.745,4214.205,4211.7,4212.215,586.0
2026-09-28 01:38:00,4212.165,4213.575,4211.72,4212.57,814.0
2026-09-28 01:39:00,4212.5,4213.045,4209.94,4210.105,628.0
2026-09-28 01:40:00,4210.145,4213.19,4210.03,4211.665,675.0
2026-09-28 01:41:00,4211.975,4215.165,4210.805,4215.07,721.0
2026-09-28 01:42:00,4215.085,4215.275,4212.02,4212.215,808.0
2026-09-28 01:43:00,4212.29,4213.7,4211.855,4212.735,498.0
2026-09-28 01:44:00,4212.785,4212.785,4208.335,4209.8,1028.0
2026-09-28 01:45:00,4209.85,4209.875,4206.525,4206.74,769.0
2026-09-28 01:46:00,4206.71,4208.88,4206.07,4207.85,618.0
2026-09-28 01:47:00,4207.94,4209.575,4206.725,4209.57,548.0
2026-09-28 01:48:00,4209.605,4211.955,4209.54,4210.135,793.0
2026-09-28 01:49:00,4210.195,4211.79,4209.945,4211.085,585.0
2026-09-28 01:50:00,4210.895,4212.5,4210.385,4211.76,717.0
2026-09-28 01:51:00,4211.665,4212.365,4211.25,4211.8,514.0
2026-09-28 01:52:00,4211.805,4212.135,4210.305,4211.83,462.0
2026-09-28 01:53:00,4211.935,4214.64,4211.305,4214.51,406.0
2026-09-28 01:54:00,4214.46,4214.78,4210.205,4211.435,566.0
2026-09-28 01:55:00,4211.485,4214.09,4211.32,4213.945,596.0
2026-09-28 01:56:00,4214.05,4216.055,4213.6,4216.055,592.0
2026-09-28 01:57:00,4216.005,4217.945,4214.27,4214.45,593.0
2026-09-28 01:58:00,4214.46,4215.89,4213.89,4215.725,503.0
2026-09-28 01:59:00,4215.72,4216.675,4215.07,4216.11,434.0
2026-09-28 02:00:00,4216.065,4217.58,4213.075,4213.125,692.0
2026-09-28 02:01:00,4213.165,4214.005,4212.09,4212.385,648.0
2026-09-28 02:02:00,4212.335,4215.29,4211.405,4215.225,620.0
2026-09-28 02:03:00,4215.255,4215.68,4213.475,4214.895,958.0
2026-09-28 02:04:00,4214.89,4215.235,4213.28,4214.33,608.0
2026-09-28 02:05:00,4214.37,4215.33,4213.475,4214.99,592.0
2026-09-28 02:06:00,4215.01,4215.78,4212.695,4213.78,724.0
2026-09-28 02:07:00,4213.785,4213.85,4210.645,4212.49,1098.0
2026-09-28 02:08:00,4212.485,4216.25,4211.525,4215.765,937.0
2026-09-28 02:09:00,4215.63,4216.585,4214.71,4214.91,839.0
2026-09-28 02:10:00,4214.915,4216.25,4214.555,4214.71,681.0
2026-09-28 02:11:00,4214.725,4215.63,4213.215,4215.63,625.0
2026-09-28 02:12:00,4215.625,4216.535,4213.675,4214.975,787.0
2026-09-28 02:13:00,4215.005,4217.24,4214.985,4217.065,677.0
2026-09-28 02:14:00,4217.02,4217.245,4215.285,4215.89,657.0
2026-09-28 02:15:00,4215.835,4216.475,4214.935,4215.27,673.0
2026-09-28 02:16:00,4215.21,4216.3,4214.72,4215.28,697.0
2026-09-28 02:17:00,4215.3,4216.985,4215.29,4216.365,483.0
2026-09-28 02:18:00,4216.38,4217.055,4214.3,4214.485,551.0
2026-09-28 02:19:00,4214.47,4216.875,4214.23,4216.74,598.0
2026-09-28 02:20:00,4216.715,4216.87,4214.4,4215.905,578.0
2026-09-28 02:21:00,4215.895,4216.44,4215.225,4215.665,583.0
2026-09-28 02:22:00,4215.685,4217.3,4214.68,4216.285,513.0
2026-09-28 02:23:00,4216.25,4216.26,4214.235,4215.175,454.0
2026-09-28 02:24:00,4215.17,4216.165,4214.805,4216.015,370.0
2026-09-28 02:25:00,4216.06,4216.485,4214.845,4216.18,422.0
2026-09-28 02:26:00,4216.2,4217.225,4214.975,4217.17,443.0
2026-09-28 02:27:00,4217.14,4217.41,4216.48,4217.39,371.0
2026-09-28 02:28:00,4217.395,4217.51,4216.345,4216.35,367.0
2026-09-28 02:29:00,4216.36,4216.75,4214.745,4215.16,327.0
2026-09-28 02:30:00,4215.15,4215.72,4212.155,4213.11,1207.0
2026-09-28 02:31:00,4213.115,4213.79,4212.355,4213.085,765.0
2026-09-28 02:32:00,4213.09,4213.665,4209.75,4210.115,889.0
2026-09-28 02:33:00,4210.11,4212.185,4209.375,4211.705,1005.0
2026-09-28 02:34:00,4211.71,4211.87,4208.76,4208.76,557.0
2026-09-28 02:35:00,4208.715,4209.645,4207.98,4209.005,756.0
2026-09-28 02:36:00,4208.945,4209.79,4206.91,4207.375,545.0
2026-09-28 02:37:00,4207.39,4208.025,4205.97,4208.025,702.0
2026-09-28 02:38:00,4208.11,4209.695,4206.615,4207.01,662.0
2026-09-28 02:39:00,4207.015,4207.77,4205.565,4206.33,618.0
2026-09-28 02:40:00,4206.3,4206.945,4205.29,4206.385,640.0
2026-09-28 02:41:00,4206.38,4209.13,4206.065,4206.595,694.0
2026-09-28 02:42:00,4206.54,4207.965,4206.045,4207.965,598.0
2026-09-28 02:43:00,4207.985,4209.01,4206.1,4206.525,616.0
2026-09-28 02:44:00,4206.55,4207.885,4206.115,4207.23,571.0
2026-09-28 02:45:00,4207.245,4208.93,4205.255,4205.41,567.0
2026-09-28 02:46:00,4205.415,4206.83,4205.105,4206.4,647.0
2026-09-28 02:47:00,4206.35,4206.875,4204.965,4205.26,492.0
2026-09-28 02:48:00,4205.165,4205.96,4203.585,4204.395,685.0
2026-09-28 02:49:00,4204.565,4205.915,4203.99,4204.27,491.0
2026-09-28 02:50:00,4204.405,4206.175,4202.93,4202.93,478.0
2026-09-28 02:51:00,4202.98,4203.86,4201.22,4201.225,830.0
2026-09-28 02:52:00,4201.23,4201.83,4200.735,4201.305,573.0
2026-09-28 02:53:00,4201.24,4203.21,4200.41,4201.81,560.0
2026-09-28 02:54:00,4201.72,4202.315,4201.095,4201.7,693.0
2026-09-28 02:55:00,4201.62,4201.93,4195.345,4195.6,1126.0
2026-09-28 02:56:00,4195.62,4197.68,4195.01,4197.195,676.0
2026-09-28 02:57:00,4197.145,4197.82,4194.415,4195.115,626.0
2026-09-28 02:58:00,4195.095,4196.835,4194.315,4196.495,816.0
2026-09-28 02:59:00,4196.445,4197.6,4196.31,4196.9,413.0
2026-09-28 03:00:00,4196.85,4197.67,4195.235,4196.42,666.0
2026-09-28 03:01:00,4196.435,4199.195,4195.995,4198.935,752.0
2026-09-28 03:02:00,4198.95,4201.58,4197.94,4198.0,793.0
2026-09-28 03:03:00,4197.96,4198.785,4197.14,4197.56,647.0
2026-09-28 03:04:00,4197.555,4199.325,4196.875,4199.26,585.0
2026-09-28 03:05:00,4199.27,4200.375,4198.755,4199.085,572.0
2026-09-28 03:06:00,4199.06,4200.745,4198.975,4200.505,408.0
2026-09-28 03:07:00,4200.47,4201.8,4200.15,4200.765,384.0
2026-09-28 03:08:00,4200.795,4203.02,4200.51,4203.02,598.0
2026-09-28 03:09:00,4203.0,4203.0,4201.635,4202.575,379.0
2026-09-28 03:10:00,4202.695,4203.095,4202.375,4202.695,382.0
2026-09-28 03:11:00,4202.645,4202.68,4200.455,4200.715,406.0
2026-09-28 03:12:00,4200.71,4202.155,4200.62,4202.155,373.0
2026-09-28 03:13:00,4202.085,4203.225,4201.26,4201.46,487.0
2026-09-28 03:14:00,4201.485,4201.885,4200.325,4200.365,476.0
2026-09-28 03:15:00,4200.41,4201.42,4199.995,4200.455,603.0
2026-09-28 03:16:00,4200.475,4201.085,4199.11,4199.74,623.0
2026-09-28 03:17:00,4199.78,4200.56,4199.275,4200.255,405.0
2026-09-28 03:18:00,4200.2,4200.47,4199.355,4199.52,360.0
2026-09-28 03:19:00,4199.57,4200.825,4198.725,4198.725,449.0
2026-09-28 03:20:00,4198.675,4198.77,4197.08,4198.68,475.0
2026-09-28 03:21:00,4198.58,4198.58,4196.055,4196.55,338.0
2026-09-28 03:22:00,4196.6,4196.6,4194.285,4194.93,477.0
2026-09-28 03:23:00,4194.95,4196.55,4194.95,4196.135,403.0
2026-09-28 03:24:00,4196.165,4196.885,4195.47,4195.685,451.0
2026-09-28 03:25:00,4195.595,4195.595,4194.555,4195.15,436.0
2026-09-28 03:26:00,4195.075,4196.045,4194.545,4195.69,419.0
2026-09-28 03:27:00,4195.66,4196.615,4195.23,4196.345,466.0
2026-09-28 03:28:00,4196.335,4197.565,4195.62,4196.635,372.0
2026-09-28 03:29:00,4196.655,4197.13,4196.03,4196.035,373.0
2026-09-28 03:30:00,4196.03,4197.555,4195.975,4197.47,436.0
2026-09-28 03:31:00,4197.465,4197.58,4195.86,4197.475,504.0
2026-09-28 03:32:00,4197.46,4198.32,4193.695,4194.04,509.0
2026-09-28 03:33:00,4194.09,4195.665,4193.5,4193.72,453.0
2026-09-28 03:34:00,4193.665,4193.765,4191.47,4192.595,616.0
2026-09-28 03:35:00,4192.585,4194.375,4191.92,4194.375,607.0
2026-09-28 03:36:00,4194.265,4194.575,4193.025,4194.05,641.0
2026-09-28 03:37:00,4194.035,4194.425,4192.525,4193.065,567.0
2026-09-28 03:38:00,4193.115,4195.01,4193.09,4194.825,424.0
2026-09-28 03:39:00,4194.82,4195.73,4194.35,4195.37,513.0
2026-09-28 03:40:00,4195.385,4195.73,4194.51,4195.29,445.0
2026-09-28 03:41:00,4195.375,4196.32,4194.995,4195.145,477.0
2026-09-28 03:42:00,4195.155,4195.345,4194.175,4194.175,481.0
2026-09-28 03:43:00,4194.1,4194.25,4192.99,4192.995,416.0
2026-09-28 03:44:00,4192.96,4193.795,4192.585,4193.385,375.0
2026-09-28 03:45:00,4193.4,4193.795,4192.715,4193.295,370.0
2026-09-28 03:46:00,4193.21,4193.21,4191.475,4192.42,566.0
2026-09-28 03:47:00,4192.445,4194.68,4192.445,4193.015,661.0
2026-09-28 03:48:00,4192.93,4193.76,4192.2,4193.76,454.0
2026-09-28 03:49:00,4193.725,4196.425,4193.37,4196.01,482.0
2026-09-28 03:50:00,4196.04,4197.69,4195.785,4196.835,488.0
2026-09-28 03:51:00,4196.82,4198.135,4196.7,4198.135,465.0
2026-09-28 03:52:00,4198.13,4198.495,4197.545,4197.92,515.0
2026-09-28 03:53:00,4197.895,4198.765,4197.735,4198.48,480.0
2026-09-28 03:54:00,4198.41,4199.73,4198.06,4199.355,698.0
2026-09-28 03:55:00,4199.305,4199.305,4198.23,4198.395,432.0
2026-09-28 03:56:00,4198.425,4198.955,4198.22,4198.55,277.0
2026-09-28 03:57:00,4198.54,4198.585,4198.12,4198.125,165.0
2026-09-28 03:58:00,4198.135,4198.655,4197.365,4197.74,321.0
2026-09-28 03:59:00,4197.73,4197.845,4196.84,4196.84,259.0
2026-09-28 04:00:00,4196.81,4197.56,4196.47,4196.84,381.0
2026-09-28 04:01:00,4196.79,4197.11,4195.27,4196.71,446.0
2026-09-28 04:02:00,4196.715,4197.52,4195.96,4197.21,278.0
2026-09-28 04:03:00,4197.12,4197.535,4196.65,4196.78,343.0
2026-09-28 04:04:00,4196.715,4196.715,4195.575,4196.19,339.0
2026-09-28 04:05:00,4196.195,4196.845,4195.885,4196.37,358.0
2026-09-28 04:06:00,4196.4,4197.27,4196.11,4197.205,281.0
2026-09-28 04:07:00,4197.175,4197.865,4196.125,4196.805,344.0
2026-09-28 04:08:00,4196.72,4197.68,4196.23,4197.065,315.0
2026-09-28 04:09:00,4197.07,4198.485,4196.945,4198.44,354.0
2026-09-28 04:10:00,4198.415,4198.495,4197.48,4197.485,259.0
2026-09-28 04:11:00,4197.45,4198.995,4197.155,4198.985,300.0
2026-09-28 04:12:00,4198.95,4199.7,4198.92,4199.14,260.0
2026-09-28 04:13:00,4199.125,4199.465,4198.655,4198.9,198.0
2026-09-28 04:14:00,4198.89,4199.79,4198.765,4199.675,248.0
2026-09-28 04:15:00,4199.595,4199.785,4198.545,4198.765,359.0
2026-09-28 04:16:00,4198.745,4199.41,4197.15,4197.15,385.0
2026-09-28 04:17:00,4197.165,4199.15,4196.945,4198.375,358.0
2026-09-28 04:18:00,4198.405,4198.72,4197.735,4198.145,262.0
2026-09-28 04:19:00,4198.135,4198.14,4196.74,4197.34,355.0
2026-09-28 04:20:00,4197.33,4197.89,4197.01,4197.625,343.0
2026-09-28 04:21:00,4197.65,4197.75,4196.57,4197.675,352.0
2026-09-28 04:22:00,4197.665,4197.665,4196.435,4197.405,255.0
2026-09-28 04:23:00,4197.415,4197.76,4196.2,4196.535,388.0
2026-09-28 04:24:00,4196.555,4197.03,4195.99,4197.03,252.0
2026-09-28 04:25:00,4197.08,4197.72,4196.3,4197.7,311.0
2026-09-28 04:26:00,4197.695,4197.74,4195.615,4197.595,406.0
2026-09-28 04:27:00,4197.585,4197.585,4196.29,4196.825,230.0
2026-09-28 04:28:00,4196.775,4197.81,4196.76,4197.65,191.0
2026-09-28 04:29:00,4197.655,4200.0,4197.36,4199.825,249.0
2026-09-28 04:30:00,4199.83,4200.005,4199.01,4199.535,220.0
2026-09-28 04:31:00,4199.62,4200.33,4199.435,4199.81,226.0
2026-09-28 04:32:00,4199.725,4199.725,4197.83,4197.845,237.0
2026-09-28 04:33:00,4197.815,4198.505,4197.475,4197.78,206.0
2026-09-28 04:34:00,4197.805,4198.29,4196.37,4196.455,326.0
2026-09-28 04:35:00,4196.495,4198.27,4196.375,4198.19,216.0
2026-09-28 04:36:00,4198.105,4198.105,4196.76,4197.705,227.0
2026-09-28 04:37:00,4197.68,4198.01,4196.45,4196.895,250.0
2026-09-28 04:38:00,4196.98,4197.295,4196.23,4197.27,294.0
2026-09-28 04:39:00,4197.18,4197.25,4196.345,4196.38,152.0
2026-09-28 04:40:00,4196.4,4198.19,4196.39,4197.905,230.0
2026-09-28 04:41:00,4197.88,4198.965,4197.625,4198.895,169.0
2026-09-28 04:42:00,4198.845,4199.08,4198.305,4199.08,203.0
2026-09-28 04:43:00,4199.075,4199.72,4199.07,4199.445,220.0
2026-09-28 04:44:00,4199.44,4199.445,4198.205,4198.41,234.0
2026-09-28 04:45:00,4198.415,4198.975,4198.135,4198.39,256.0
2026-09-28 04:46:00,4198.38,4198.74,4198.04,4198.435,228.0
2026-09-28 04:47:00,4198.415,4198.415,4197.31,4197.33,211.0
2026-09-28 04:48:00,4197.335,4197.72,4197.015,4197.71,285.0
2026-09-28 04:49:00,4197.715,4197.83,4197.31,4197.465,213.0
2026-09-28 04:50:00,4197.515,4197.935,4196.79,4197.76,293.0
2026-09-28 04:51:00,4197.85,4197.87,4196.75,4197.145,209.0
2026-09-28 04:52:00,4196.955,4197.23,4196.15,4196.44,247.0
2026-09-28 04:53:00,4196.45,4196.75,4196.24,4196.335,175.0
2026-09-28 04:54:00,4196.31,4196.43,4195.355,4196.255,312.0
2026-09-28 04:55:00,4196.315,4196.785,4195.76,4196.685,224.0
2026-09-28 04:56:00,4196.69,4196.695,4195.83,4195.895,160.0
2026-09-28 04:57:00,4195.89,4196.31,4195.65,4196.235,131.0
2026-09-28 04:58:00,4196.32,4196.945,4196.075,4196.375,172.0
2026-09-28 04:59:00,4196.4,4196.4,4194.32,4194.82,479.0
2026-09-28 05:00:00,4194.865,4196.885,4194.615,4195.97,491.0
2026-09-28 05:01:00,4195.975,4197.325,4195.95,4196.4,428.0
2026-09-28 05:02:00,4196.43,4197.785,4195.22,4197.73,434.0
2026-09-28 05:03:00,4197.655,4198.085,4196.205,4196.69,222.0
2026-09-28 05:04:00,4196.685,4196.685,4195.345,4195.545,269.0
2026-09-28 05:05:00,4195.475,4195.58,4192.655,4192.965,556.0
2026-09-28 05:06:00,4192.99,4193.03,4191.59,4191.635,359.0
2026-09-28 05:07:00,4191.815,4191.915,4189.815,4191.34,482.0
2026-09-28 05:08:00,4191.085,4191.315,4190.02,4190.575,388.0
2026-09-28 05:09:00,4190.56,4192.87,4190.56,4192.725,523.0
2026-09-28 05:10:00,4192.69,4192.84,4191.52,4191.76,681.0
2026-09-28 05:11:00,4191.85,4192.36,4191.065,4191.12,369.0
2026-09-28 05:12:00,4191.125,4191.97,4190.62,4191.9,400.0
2026-09-28 05:13:00,4191.895,4193.02,4190.975,4191.47,373.0
2026-09-28 05:14:00,4191.46,4192.815,4190.99,4192.495,506.0
2026-09-28 05:15:00,4192.445,4193.12,4192.07,4192.8,353.0
2026-09-28 05:16:00,4192.795,4194.7,4192.665,4193.765,541.0
2026-09-28 05:17:00,4193.785,4194.78,4192.79,4194.03,621.0
2026-09-28 05:18:00,4194.035,4194.035,4191.33,4192.285,508.0
2026-09-28 05:19:00,4192.265,4192.265,4188.835,4189.41,479.0
2026-09-28 05:20:00,4189.39,4190.505,4188.785,4189.305,339.0
2026-09-28 05:21:00,4189.31,4189.585,4188.04,4188.23,430.0
2026-09-28 05:22:00,4188.325,4188.39,4185.34,4185.535,662.0
2026-09-28 05:23:00,4185.54,4187.445,4185.54,4186.2,373.0
2026-09-28 05:24:00,4186.26,4187.805,4185.985,4187.355,355.0
2026-09-28 05:25:00,4187.36,4189.335,4186.675,4188.52,464.0
2026-09-28 05:26:00,4188.525,4188.635,4187.88,4188.005,306.0
2026-09-28 05:27:00,4188.05,4189.585,4187.825,4189.5,314.0
2026-09-28 05:28:00,4189.53,4192.225,4189.505,4191.955,559.0
2026-09-28 05:29:00,4191.975,4192.105,4189.795,4190.725,689.0
2026-09-28 05:30:00,4190.685,4190.69,4187.335,4187.89,1508.0
2026-09-28 05:31:00,4187.73,4188.19,4185.44,4186.125,1215.0
2026-09-28 05:32:00,4186.08,4189.13,4185.91,4187.435,1417.0
2026-09-28 05:33:00,4187.465,4187.485,4184.325,4184.47,1322.0
2026-09-28 05:34:00,4184.465,4185.845,4183.505,4184.085,689.0
2026-09-28 05:35:00,4183.985,4186.69,4183.605,4186.46,630.0
2026-09-28 05:36:00,4186.47,4187.09,4185.2,4186.415,567.0
2026-09-28 05:37:00,4186.34,4186.56,4184.11,4184.345,407.0
2026-09-28 05:38:00,4184.395,4185.135,4183.59,4183.93,548.0
2026-09-28 05:39:00,4184.0,4184.535,4181.01,4181.505,785.0
2026-09-28 05:40:00,4181.48,4181.945,4180.96,4181.515,498.0
2026-09-28 05:41:00,4181.575,4181.78,4180.26,4180.525,545.0
2026-09-28 05:42:00,4180.515,4183.16,4180.3,4182.33,671.0
2026-09-28 05:43:00,4182.325,4183.07,4182.015,4182.87,457.0
2026-09-28 05:44:00,4182.9,4184.24,4182.545,4183.43,735.0
2026-09-28 05:45:00,4183.44,4183.995,4181.365,4181.415,616.0
2026-09-28 05:46:00,4181.625,4183.465,4181.215,4183.325,601.0
2026-09-28 05:47:00,4183.355,4184.035,4180.865,4181.025,643.0
2026-09-28 05:48:00,4181.145,4181.58,4179.705,4180.475,643.0
2026-09-28 05:49:00,4180.48,4181.425,4180.345,4180.675,692.0
2026-09-28 05:50:00,4180.72,4181.995,4180.36,4181.27,678.0
2026-09-28 05:51:00,4181.28,4181.53,4179.585,4180.815,543.0
2026-09-28 05:52:00,4180.86,4181.03,4179.54,4180.365,335.0
2026-09-28 05:53:00,4180.41,4181.97,4180.28,4181.12,372.0
2026-09-28 05:54:00,4181.115,4182.87,4180.995,4182.86,431.0
2026-09-28 05:55:00,4182.81,4183.88,4181.85,4183.365,676.0
2026-09-28 05:56:00,4183.36,4184.82,4182.01,4184.71,510.0
2026-09-28 05:57:00,4184.705,4184.805,4180.575,4181.84,640.0
2026-09-28 05:58:00,4181.87,4182.535,4180.57,4181.265,601.0
2026-09-28 05:59:00,4181.215,4181.31,4179.05,4179.52,453.0
2026-09-28 06:00:00,4179.51,4179.58,4176.055,4176.08,870.0
2026-09-28 06:01:00,4176.09,4176.44,4175.15,4176.42,701.0
2026-09-28 06:02:00,4176.46,4176.98,4175.285,4176.375,464.0
2026-09-28 06:03:00,4176.325,4177.905,4175.6,4177.205,529.0
2026-09-28 06:04:00,4177.21,4177.735,4175.585,4176.14,424.0
2026-09-28 06:05:00,4176.04,4177.875,4175.23,4177.83,511.0
2026-09-28 06:06:00,4177.805,4181.09,4177.29,4180.95,748.0
2026-09-28 06:07:00,4180.935,4181.545,4179.72,4179.86,539.0
2026-09-28 06:08:00,4179.87,4181.075,4179.26,4180.735,550.0
2026-09-28 06:09:00,4180.82,4180.97,4178.97,4179.195,552.0
2026-09-28 06:10:00,4179.175,4180.16,4178.805,4180.035,468.0
2026-09-28 06:11:00,4180.0,4181.315,4179.275,4179.89,565.0
2026-09-28 06:12:00,4179.79,4180.24,4178.04,4179.59,430.0
2026-09-28 06:13:00,4179.495,4181.31,4178.405,4180.34,497.0
2026-09-28 06:14:00,4180.35,4180.425,4177.4,4178.99,688.0
2026-09-28 06:15:00,4179.005,4179.915,4178.03,4178.475,656.0
2026-09-28 06:16:00,4178.47,4179.115,4177.88,4178.64,587.0
2026-09-28 06:17:00,4178.645,4179.385,4176.68,4176.935,450.0
2026-09-28 06:18:00,4176.885,4177.985,4176.235,4176.25,434.0
2026-09-28 06:19:00,4176.275,4176.275,4173.975,4174.5,651.0
2026-09-28 06:20:00,4174.505,4177.16,4174.11,4175.535,619.0
2026-09-28 06:21:00,4175.59,4177.84,4175.045,4177.035,712.0
2026-09-28 06:22:00,4176.95,4177.045,4172.885,4173.01,808.0
2026-09-28 06:23:00,4173.08,4173.63,4171.885,4173.275,526.0
2026-09-28 06:24:00,4173.205,4173.695,4171.645,4173.52,392.0
2026-09-28 06:25:00,4173.48,4174.045,4172.525,4173.375,392.0
2026-09-28 06:26:00,4173.33,4174.045,4171.885,4172.57,729.0
2026-09-28 06:27:00,4172.48,4172.56,4170.07,4170.095,567.0
2026-09-28 06:28:00,4170.1,4171.49,4169.29,4169.68,609.0
2026-09-28 06:29:00,4169.665,4170.87,4169.615,4169.97,488.0
2026-09-28 06:30:00,4169.92,4170.08,4168.555,4169.225,753.0
2026-09-28 06:31:00,4169.235,4172.02,4169.235,4171.32,869.0
2026-09-28 06:32:00,4171.245,4173.425,4170.275,4172.435,509.0
2026-09-28 06:33:00,4172.375,4174.965,4171.94,4173.67,840.0
2026-09-28 06:34:00,4173.66,4175.72,4173.19,4175.28,576.0
2026-09-28 06:35:00,4175.295,4177.415,4174.915,4176.355,785.0
2026-09-28 06:36:00,4176.35,4176.89,4175.245,4175.435,561.0
2026-09-28 06:37:00,4175.475,4175.905,4173.345,4174.28,726.0
2026-09-28 06:38:00,4174.285,4176.195,4174.04,4175.73,510.0
2026-09-28 06:39:00,4175.74,4177.39,4175.695,4177.13,597.0
2026-09-28 06:40:00,4177.14,4177.75,4175.825,4175.96,732.0
2026-09-28 06:41:00,4175.915,4176.46,4175.345,4175.855,765.0
2026-09-28 06:42:00,4175.84,4176.71,4175.405,4175.52,690.0
2026-09-28 06:43:00,4175.52,4175.83,4173.665,4174.48,603.0
2026-09-28 06:44:00,4174.42,4175.11,4171.69,4171.76,658.0
2026-09-28 06:45:00,4171.755,4173.41,4171.73,4173.41,595.0
2026-09-28 06:46:00,4173.4,4174.46,4172.74,4173.71,326.0
2026-09-28 06:47:00,4173.75,4174.655,4173.1,4174.11,436.0
2026-09-28 06:48:00,4174.055,4175.53,4173.105,4174.705,537.0
2026-09-28 06:49:00,4174.745,4176.745,4174.125,4175.94,501.0
2026-09-28 06:50:00,4175.895,4176.04,4172.75,4173.04,523.0
2026-09-28 06:51:00,4173.125,4173.685,4172.405,4172.865,409.0
2026-09-28 06:52:00,4172.87,4173.0,4171.565,4172.465,462.0
2026-09-28 06:53:00,4172.515,4173.745,4171.895,4172.76,381.0
2026-09-28 06:54:00,4172.745,4172.85,4166.235,4167.435,652.0
2026-09-28 06:55:00,4167.39,4167.71,4163.98,4164.13,805.0
2026-09-28 06:56:00,4164.14,4165.285,4163.125,4163.13,791.0
2026-09-28 06:57:00,4163.22,4164.335,4161.945,4163.925,740.0
2026-09-28 06:58:00,4163.88,4164.83,4163.18,4164.3,643.0
2026-09-28 06:59:00,4164.365,4164.99,4163.91,4164.275,764.0
2026-09-28 07:00:00,4164.255,4165.51,4161.62,4165.355,1368.0
2026-09-28 07:01:00,4165.315,4165.6,4161.755,4164.84,907.0
2026-09-28 07:02:00,4164.88,4166.225,4164.59,4165.115,927.0
2026-09-28 07:03:00,4165.12,4165.235,4161.39,4161.85,1424.0
2026-09-28 07:04:00,4161.84,4165.77,4161.175,4165.67,856.0
2026-09-28 07:05:00,4165.66,4165.66,4162.375,4162.395,1266.0
2026-09-28 07:06:00,4162.39,4163.605,4161.7,4162.855,1225.0
2026-09-28 07:07:00,4162.775,4162.775,4161.385,4162.165,704.0
2026-09-28 07:08:00,4162.16,4163.465,4161.58,4162.39,625.0
2026-09-28 07:09:00,4162.33,4166.46,4162.115,4165.32,945.0
2026-09-28 07:10:00,4165.315,4166.27,4164.1,4164.1,809.0
2026-09-28 07:11:00,4164.065,4164.065,4162.125,4163.49,591.0
2026-09-28 07:12:00,4163.465,4163.695,4161.84,4162.065,453.0
2026-09-28 07:13:00,4162.06,4162.665,4161.13,4161.335,718.0
2026-09-28 07:14:00,4161.345,4161.985,4160.345,4161.265,751.0
2026-09-28 07:15:00,4161.28,4163.64,4161.275,4163.435,617.0
2026-09-28 07:16:00,4163.535,4164.515,4163.02,4163.495,658.0
2026-09-28 07:17:00,4163.505,4163.905,4162.735,4162.94,507.0
2026-09-28 07:18:00,4162.995,4164.35,4161.9,4163.71,646.0
2026-09-28 07:19:00,4163.695,4163.95,4162.615,4162.67,564.0
2026-09-28 07:20:00,4162.63,4162.845,4160.37,4160.955,738.0
2026-09-28 07:21:00,4160.94,4161.05,4156.885,4158.375,910.0
2026-09-28 07:22:00,4158.4,4159.555,4157.32,4157.46,715.0
2026-09-28 07:23:00,4157.41,4159.9,4156.52,4159.8,689.0
2026-09-28 07:24:00,4159.75,4161.43,4159.14,4159.955,893.0
2026-09-28 07:25:00,4159.96,4161.57,4159.2,4159.395,674.0
2026-09-28 07:26:00,4159.43,4159.555,4156.88,4159.465,720.0
2026-09-28 07:27:00,4159.46,4159.735,4157.76,4159.45,501.0
2026-09-28 07:28:00,4159.455,4160.8,4158.935,4159.025,650.0
2026-09-28 07:29:00,4159.015,4159.915,4157.85,4158.36,533.0
2026-09-28 07:30:00,4158.525,4159.315,4157.74,4158.535,359.0
2026-09-28 07:31:00,4158.585,4160.04,4158.285,4158.81,464.0
2026-09-28 07:32:00,4158.86,4159.0,4156.14,4156.83,512.0
2026-09-28 07:33:00,4156.855,4159.345,4156.855,4157.545,576.0
2026-09-28 07:34:00,4157.52,4158.665,4156.76,4158.6,473.0
2026-09-28 07:35:00,4158.65,4158.755,4157.17,4157.5,462.0
2026-09-28 07:36:00,4157.52,4157.745,4156.63,4156.805,502.0
2026-09-28 07:37:00,4156.8,4156.965,4155.215,4155.27,789.0
2026-09-28 07:38:00,4155.255,4155.4,4152.35,4154.855,866.0
2026-09-28 07:39:00,4154.845,4155.63,4154.085,4154.31,589.0
2026-09-28 07:40:00,4154.32,4157.135,4154.215,4156.625,868.0
2026-09-28 07:41:00,4156.64,4158.465,4156.64,4157.05,701.0
2026-09-28 07:42:00,4157.1,4157.33,4154.545,4154.65,491.0
2026-09-28 07:43:00,4154.705,4155.105,4153.83,4154.405,441.0
2026-09-28 07:44:00,4154.315,4154.555,4153.34,4153.98,524.0
2026-09-28 07:45:00,4154.005,4154.43,4153.19,4154.26,420.0
2026-09-28 07:46:00,4154.275,4155.585,4153.86,4154.31,619.0
2026-09-28 07:47:00,4154.26,4155.905,4153.17,4155.195,514.0
2026-09-28 07:48:00,4155.29,4157.195,4155.2,4156.055,442.0
2026-09-28 07:49:00,4156.05,4156.81,4155.425,4155.8,619.0
2026-09-28 07:50:00,4155.705,4156.26,4154.695,4155.09,595.0
2026-09-28 07:51:00,4155.05,4155.655,4153.955,4153.955,488.0
2026-09-28 07:52:00,4153.945,4154.69,4152.765,4153.5,597.0
2026-09-28 07:53:00,4153.425,4154.545,4152.52,4153.47,515.0
2026-09-28 07:54:00,4153.51,4157.2,4153.24,4157.04,794.0
2026-09-28 07:55:00,4157.035,4160.635,4156.7,4159.21,1010.0
2026-09-28 07:56:00,4159.205,4159.39,4155.395,4155.44,921.0
2026-09-28 07:57:00,4155.43,4156.59,4150.825,4151.655,996.0
2026-09-28 07:58:00,4151.67,4154.895,4151.535,4154.58,987.0
2026-09-28 07:59:00,4154.595,4155.8,4154.11,4155.71,687.0
2026-09-28 08:00:00,4155.68,4156.215,4153.95,4155.4,1250.0
2026-09-28 08:01:00,4155.41,4158.57,4155.185,4157.905,1076.0
2026-09-28 08:02:00,4157.905,4158.83,4156.49,4158.13,1123.0
2026-09-28 08:03:00,4158.16,4158.4,4154.6,4154.75,885.0
2026-09-28 08:04:00,4154.755,4158.93,4154.32,4158.35,738.0
2026-09-28 08:05:00,4158.43,4159.215,4157.275,4157.31,683.0
2026-09-28 08:06:00,4157.315,4157.82,4156.11,4156.365,788.0
2026-09-28 08:07:00,4156.39,4158.005,4155.685,4156.36,814.0
2026-09-28 08:08:00,4156.37,4158.85,4156.115,4156.565,775.0
2026-09-28 08:09:00,4156.53,4157.505,4155.7,4156.875,571.0
2026-09-28 08:10:00,4156.84,4157.07,4155.02,4155.555,631.0
2026-09-28 08:11:00,4155.265,4157.45,4155.265,4156.83,553.0
2026-09-28 08:12:00,4156.685,4156.95,4154.43,4154.43,510.0
2026-09-28 08:13:00,4154.42,4155.15,4151.55,4154.405,785.0
2026-09-28 08:14:00,4154.355,4157.655,4154.295,4156.91,448.0
2026-09-28 08:15:00,4156.985,4157.07,4152.955,4153.24,814.0
2026-09-28 08:16:00,4153.23,4154.975,4152.85,4154.39,537.0
2026-09-28 08:17:00,4154.44,4155.43,4152.505,4152.8,465.0
2026-09-28 08:18:00,4152.825,4154.115,4151.555,4152.63,749.0
2026-09-28 08:19:00,4152.665,4153.095,4151.415,4151.97,853.0
2026-09-28 08:20:00,4152.01,4152.66,4150.755,4151.07,651.0
2026-09-28 08:21:00,4151.105,4152.69,4150.66,4151.61,1023.0
2026-09-28 08:22:00,4151.575,4151.8,4147.33,4149.05,946.0
2026-09-28 08:23:00,4149.095,4150.67,4147.36,4148.84,857.0
2026-09-28 08:24:00,4148.83,4149.02,4146.215,4148.62,1104.0
2026-09-28 08:25:00,4148.605,4150.655,4147.44,4149.32,964.0
2026-09-28 08:26:00,4149.3,4153.665,4148.655,4152.38,705.0
2026-09-28 08:27:00,4152.37,4153.045,4147.335,4147.575,953.0
2026-09-28 08:28:00,4147.58,4148.44,4146.305,4146.65,846.0
2026-09-28 08:29:00,4146.665,4147.175,4143.36,4145.03,1195.0
2026-09-28 08:30:00,4145.04,4146.94,4144.155,4144.225,1002.0
2026-09-28 08:31:00,4144.14,4147.435,4144.0,4144.56,908.0
2026-09-28 08:32:00,4144.555,4146.385,4143.455,4146.185,721.0
2026-09-28 08:33:00,4146.17,4147.735,4145.32,4145.545,624.0
2026-09-28 08:34:00,4145.525,4148.73,4145.515,4148.73,573.0
2026-09-28 08:35:00,4148.68,4149.92,4147.745,4147.76,653.0
2026-09-28 08:36:00,4147.67,4148.29,4145.38,4145.425,902.0
2026-09-28 08:37:00,4145.42,4145.665,4142.755,4143.215,573.0
2026-09-28 08:38:00,4143.23,4145.015,4142.99,4144.49,497.0
2026-09-28 08:39:00,4144.495,4144.845,4142.685,4144.845,430.0
2026-09-28 08:40:00,4144.795,4147.29,4144.4,4146.735,630.0
2026-09-28 08:41:00,4146.7,4149.155,4146.465,4149.105,736.0
2026-09-28 08:42:00,4149.13,4151.38,4148.735,4150.915,650.0
2026-09-28 08:43:00,4150.985,4150.985,4148.015,4148.895,658.0
2026-09-28 08:44:00,4148.91,4150.08,4148.41,4149.25,479.0
2026-09-28 08:45:00,4149.195,4149.845,4147.415,4148.64,672.0
2026-09-28 08:46:00,4148.635,4150.715,4147.9,4149.655,852.0
2026-09-28 08:47:00,4149.665,4153.05,4149.61,4151.275,718.0
2026-09-28 08:48:00,4151.23,4151.545,4149.715,4149.955,474.0
2026-09-28 08:49:00,4149.915,4150.195,4149.015,4149.48,385.0
2026-09-28 08:50:00,4149.615,4150.695,4149.0,4149.95,487.0
2026-09-28 08:51:00,4149.99,4150.195,4147.15,4147.165,486.0
2026-09-28 08:52:00,4147.265,4147.41,4144.9,4146.015,448.0
2026-09-28 08:53:00,4145.94,4148.385,4145.43,4148.27,412.0
2026-09-28 08:54:00,4148.28,4148.28,4146.695,4146.99,465.0
2026-09-28 08:55:00,4146.98,4147.485,4146.17,4146.545,463.0
2026-09-28 08:56:00,4146.52,4146.695,4145.45,4146.015,379.0
2026-09-28 08:57:00,4146.025,4147.475,4145.89,4145.955,474.0
2026-09-28 08:58:00,4145.945,4146.66,4144.515,4144.83,550.0
2026-09-28 08:59:00,4144.81,4145.39,4144.575,4144.585,430.0
2026-09-28 09:00:00,4144.535,4147.09,4142.89,4143.16,1508.0
2026-09-28 09:01:00,4143.175,4145.33,4143.015,4145.315,814.0
2026-09-28 09:02:00,4145.17,4145.435,4143.16,4143.405,525.0
2026-09-28 09:03:00,4143.395,4144.27,4142.755,4143.635,528.0
2026-09-28 09:04:00,4143.74,4144.17,4141.18,4141.195,542.0
2026-09-28 09:05:00,4141.22,4144.36,4141.205,4144.175,681.0
2026-09-28 09:06:00,4144.04,4144.57,4143.17,4143.89,558.0
2026-09-28 09:07:00,4143.925,4147.24,4143.925,4146.395,612.0
2026-09-28 09:08:00,4146.405,4147.655,4142.645,4143.1,727.0
2026-09-28 09:09:00,4143.11,4143.155,4141.31,4141.565,550.0
2026-09-28 09:10:00,4141.61,4142.395,4140.775,4142.07,589.0
2026-09-28 09:11:00,4142.1,4144.985,4141.79,4143.335,849.0
2026-09-28 09:12:00,4143.33,4144.605,4143.075,4143.11,760.0
2026-09-28 09:13:00,4143.105,4143.475,4142.015,4143.195,435.0
2026-09-28 09:14:00,4143.17,4146.175,4143.16,4144.6,571.0
2026-09-28 09:15:00,4144.59,4145.695,4144.35,4144.53,883.0
2026-09-28 09:16:00,4144.425,4144.875,4143.23,4143.4,701.0
2026-09-28 09:17:00,4143.425,4143.44,4141.68,4142.435,519.0
2026-09-28 09:18:00,4142.5,4145.015,4141.715,4145.015,447.0
2026-09-28 09:19:00,4144.965,4147.435,4144.71,4144.96,419.0
2026-09-28 09:20:00,4145.08,4146.43,4144.92,4145.705,453.0
2026-09-28 09:21:00,4145.66,4147.18,4145.465,4146.75,321.0
2026-09-28 09:22:00,4146.73,4147.485,4146.23,4147.17,313.0
2026-09-28 09:23:00,4147.25,4149.065,4147.005,4147.76,570.0
2026-09-28 09:24:00,4147.735,4148.525,4147.36,4147.72,422.0
2026-09-28 09:25:00,4147.76,4147.955,4145.815,4147.22,481.0
2026-09-28 09:26:00,4147.14,4147.24,4145.325,4146.595,468.0
2026-09-28 09:27:00,4146.6,4147.455,4144.945,4145.085,429.0
2026-09-28 09:28:00,4144.985,4145.85,4144.735,4144.735,269.0
2026-09-28 09:29:00,4144.705,4146.565,4144.535,4146.385,519.0
2026-09-28 09:30:00,4146.38,4146.465,4144.48,4145.37,916.0
2026-09-28 09:31:00,4145.36,4146.915,4143.795,4143.845,760.0
2026-09-28 09:32:00,4143.835,4145.835,4143.415,4144.735,570.0
2026-09-28 09:33:00,4144.685,4144.98,4143.065,4143.59,368.0
2026-09-28 09:34:00,4143.61,4144.08,4142.145,4142.625,566.0
2026-09-28 09:35:00,4142.675,4145.65,4142.63,4144.9,574.0
2026-09-28 09:36:00,4144.905,4147.9,4144.75,4147.58,594.0
2026-09-28 09:37:00,4147.535,4147.935,4145.725,4145.785,352.0
2026-09-28 09:38:00,4145.8,4146.74,4144.82,4145.745,553.0
2026-09-28 09:39:00,4145.73,4146.33,4144.32,4145.205,549.0
2026-09-28 09:40:00,4145.21,4149.48,4144.795,4148.785,583.0
2026-09-28 09:41:00,4148.805,4149.795,4148.205,4149.04,571.0
2026-09-28 09:42:00,4149.155,4149.855,4148.81,4149.85,358.0
2026-09-28 09:43:00,4149.79,4151.18,4149.725,4150.61,433.0
2026-09-28 09:44:00,4150.585,4150.855,4149.585,4149.885,414.0
2026-09-28 09:45:00,4149.9,4151.665,4149.88,4151.325,605.0
2026-09-28 09:46:00,4151.33,4151.675,4150.055,4150.835,532.0
2026-09-28 09:47:00,4150.8,4153.18,4150.665,4151.995,615.0
2026-09-28 09:48:00,4151.95,4153.525,4151.93,4153.485,622.0
2026-09-28 09:49:00,4153.475,4154.67,4153.225,4154.1,564.0
2026-09-28 09:50:00,4154.12,4155.07,4153.725,4154.16,698.0
2026-09-28 09:51:00,4154.155,4156.05,4153.56,4156.035,502.0
2026-09-28 09:52:00,4156.03,4156.61,4154.77,4155.9,516.0
2026-09-28 09:53:00,4155.905,4156.97,4155.585,4155.95,363.0
2026-09-28 09:54:00,4155.85,4157.74,4155.46,4157.455,465.0
2026-09-28 09:55:00,4157.41,4157.47,4154.84,4155.855,521.0
2026-09-28 09:56:00,4155.865,4156.615,4155.27,4155.405,511.0
2026-09-28 09:57:00,4155.36,4155.7,4154.205,4154.94,670.0
2026-09-28 09:58:00,4154.925,4155.675,4154.605,4155.365,406.0
2026-09-28 09:59:00,4155.38,4157.305,4155.05,4156.12,414.0
2026-09-28 10:00:00,4156.17,4157.695,4155.68,4156.875,520.0
2026-09-28 10:01:00,4156.855,4157.975,4155.49,4155.665,581.0
2026-09-28 10:02:00,4155.65,4155.965,4153.725,4155.94,682.0
2026-09-28 10:03:00,4155.89,4158.155,4155.545,4157.83,483.0
2026-09-28 10:04:00,4157.78,4159.19,4157.78,4158.945,351.0
2026-09-28 10:05:00,4158.915,4159.05,4157.975,4158.465,455.0
2026-09-28 10:06:00,4158.48,4158.585,4156.9,4158.535,481.0
2026-09-28 10:07:00,4158.495,4158.77,4156.04,4156.12,431.0
2026-09-28 10:08:00,4156.09,4156.965,4153.92,4154.09,443.0
2026-09-28 10:09:00,4154.15,4157.41,4154.15,4157.14,321.0
2026-09-28 10:10:00,4157.165,4157.505,4155.215,4155.44,324.0
2026-09-28 10:11:00,4155.285,4155.31,4153.88,4153.925,553.0
2026-09-28 10:12:00,4153.92,4158.21,4153.485,4155.485,707.0
2026-09-28 10:13:00,4155.455,4155.455,4154.305,4155.215,553.0
2026-09-28 10:14:00,4155.225,4155.555,4154.28,4155.43,412.0
2026-09-28 10:15:00,4155.46,4157.41,4155.46,4156.355,649.0
2026-09-28 10:16:00,4156.345,4156.36,4153.735,4154.06,607.0
2026-09-28 10:17:00,4154.055,4154.915,4153.645,4153.65,394.0
2026-09-28 10:18:00,4153.695,4155.03,4152.92,4154.085,373.0
2026-09-28 10:19:00,4154.105,4154.105,4152.165,4152.665,409.0
2026-09-28 10:20:00,4152.67,4153.74,4151.835,4152.965,618.0
2026-09-28 10:21:00,4152.97,4153.935,4152.365,4153.755,560.0
2026-09-28 10:22:00,4153.68,4153.85,4152.98,4153.59,456.0
2026-09-28 10:23:00,4153.555,4155.64,4153.48,4155.43,388.0
2026-09-28 10:24:00,4155.44,4155.49,4153.835,4154.46,333.0
2026-09-28 10:25:00,4154.52,4156.6,4154.44,4156.55,536.0
2026-09-28 10:26:00,4156.555,4158.335,4156.555,4157.995,439.0
2026-09-28 10:27:00,4158.0,4158.085,4156.28,4156.71,394.0
2026-09-28 10:28:00,4156.745,4157.635,4156.595,4157.185,239.0
2026-09-28 10:29:00,4157.085,4158.76,4156.975,4158.605,297.0
2026-09-28 10:30:00,4158.56,4158.95,4155.25,4155.305,294.0
2026-09-28 10:31:00,4155.31,4156.05,4154.575,4155.78,495.0
2026-09-28 10:32:00,4155.76,4156.985,4154.815,4156.495,299.0
2026-09-28 10:33:00,4156.415,4157.07,4155.93,4156.555,323.0
2026-09-28 10:34:00,4156.62,4156.95,4155.87,4156.78,233.0
2026-09-28 10:35:00,4156.81,4158.5,4156.68,4158.14,494.0
2026-09-28 10:36:00,4158.14,4158.415,4156.45,4157.16,473.0
2026-09-28 10:37:00,4157.2,4158.395,4157.03,4157.31,378.0
2026-09-28 10:38:00,4157.305,4157.545,4156.175,4156.855,392.0
2026-09-28 10:39:00,4156.9,4158.465,4156.9,4158.055,464.0
2026-09-28 10:40:00,4158.135,4158.33,4157.395,4157.92,381.0
2026-09-28 10:41:00,4157.925,4159.52,4157.695,4159.21,290.0
2026-09-28 10:42:00,4159.255,4159.255,4157.29,4158.305,470.0
2026-09-28 10:43:00,4158.25,4158.8,4155.89,4155.94,538.0
2026-09-28 10:44:00,4155.915,4156.505,4155.31,4155.975,199.0
2026-09-28 10:45:00,4156.225,4156.89,4155.66,4156.42,368.0
2026-09-28 10:46:00,4156.45,4156.9,4155.655,4156.39,301.0
2026-09-28 10:47:00,4156.395,4156.395,4154.495,4155.09,165.0
2026-09-28 10:48:00,4155.085,4156.435,4154.56,4155.785,301.0
2026-09-28 10:49:00,4155.695,4156.61,4155.43,4156.31,221.0
2026-09-28 10:50:00,4156.26,4156.96,4155.955,4156.145,176.0
2026-09-28 10:51:00,4156.095,4158.235,4155.92,4156.58,257.0
2026-09-28 10:52:00,4156.63,4159.365,4156.445,4157.95,552.0
2026-09-28 10:53:00,4157.96,4158.83,4156.54,4157.185,805.0
2026-09-28 10:54:00,4157.19,4157.87,4157.09,4157.58,245.0
2026-09-28 10:55:00,4157.57,4157.765,4156.77,4157.455,272.0
2026-09-28 10:56:00,4157.405,4157.625,4156.02,4157.24,393.0
2026-09-28 10:57:00,4157.245,4158.2,4155.955,4156.35,396.0
2026-09-28 10:58:00,4156.385,4157.37,4156.065,4157.265,348.0
2026-09-28 10:59:00,4157.25,4157.515,4155.5,4155.54,360.0
2026-09-28 11:00:00,4155.55,4160.43,4155.205,4155.535,1621.0
2026-09-28 11:01:00,4155.585,4155.91,4151.84,4152.245,706.0
2026-09-28 11:02:00,4152.295,4152.465,4150.825,4150.825,452.0
2026-09-28 11:03:00,4150.875,4152.18,4149.82,4150.02,332.0
2026-09-28 11:04:00,4149.975,4150.565,4149.265,4150.135,457.0
2026-09-28 11:05:00,4150.16,4151.065,4149.985,4150.755,599.0
2026-09-28 11:06:00,4150.77,4152.435,4150.36,4151.12,377.0
2026-09-28 11:07:00,4151.19,4152.615,4150.845,4151.92,541.0
2026-09-28 11:08:00,4151.925,4152.705,4151.465,4152.01,569.0
2026-09-28 11:09:00,4152.03,4153.745,4151.79,4153.665,518.0
2026-09-28 11:10:00,4153.735,4153.94,4151.14,4151.715,532.0
2026-09-28 11:11:00,4151.74,4152.775,4150.6,4150.65,378.0
2026-09-28 11:12:00,4150.64,4150.65,4148.965,4149.005,479.0
2026-09-28 11:13:00,4149.015,4151.2,4148.605,4150.36,544.0
2026-09-28 11:14:00,4150.38,4150.995,4149.73,4150.065,432.0
2026-09-28 11:15:00,4150.01,4151.75,4149.575,4151.53,471.0
2026-09-28 11:16:00,4151.63,4155.165,4150.175,4153.545,1491.0
2026-09-28 11:17:00,4153.57,4155.24,4152.37,4153.35,1461.0
2026-09-28 11:18:00,4153.375,4153.485,4150.235,4150.955,956.0
2026-09-28 11:19:00,4151.075,4151.37,4148.42,4150.09,754.0
2026-09-28 11:20:00,4150.03,4150.625,4149.415,4149.52,481.0
2026-09-28 11:21:00,4149.54,4150.605,4148.3,4150.025,561.0
2026-09-28 11:22:00,4150.035,4153.61,4150.035,4153.51,608.0
2026-09-28 11:23:00,4153.455,4154.685,4152.595,4153.945,616.0
2026-09-28 11:24:00,4153.965,4154.06,4150.44,4152.94,543.0
2026-09-28 11:25:00,4152.925,4155.115,4152.725,4155.03,419.0
2026-09-28 11:26:00,4154.965,4155.685,4154.305,4154.595,456.0
2026-09-28 11:27:00,4154.6,4154.895,4153.905,4154.195,290.0
2026-09-28 11:28:00,4154.19,4155.22,4154.04,4154.99,372.0
2026-09-28 11:29:00,4154.995,4155.87,4154.75,4155.625,238.0
2026-09-28 11:30:00,4155.575,4155.575,4151.84,4152.025,353.0
2026-09-28 11:31:00,4151.97,4153.22,4151.415,4152.865,336.0
2026-09-28 11:32:00,4152.85,4154.145,4152.38,4152.49,328.0
2026-09-28 11:33:00,4152.475,4153.145,4151.93,4152.88,281.0
2026-09-28 11:34:00,4152.84,4152.95,4151.415,4152.635,404.0
2026-09-28 11:35:00,4152.645,4152.825,4150.21,4151.105,422.0
2026-09-28 11:36:00,4151.115,4151.165,4148.385,4149.0,493.0
2026-09-28 11:37:00,4149.04,4149.605,4148.405,4149.165,362.0
2026-09-28 11:38:00,4149.18,4149.58,4148.555,4148.705,405.0
2026-09-28 11:39:00,4148.67,4149.885,4148.645,4148.915,410.0
2026-09-28 11:40:00,4148.85,4150.495,4148.715,4150.285,387.0
2026-09-28 11:41:00,4150.305,4152.35,4150.25,4151.06,532.0
2026-09-28 11:42:00,4151.03,4151.465,4150.29,4150.505,475.0
2026-09-28 11:43:00,4150.495,4152.215,4150.205,4152.07,481.0
2026-09-28 11:44:00,4152.075,4152.23,4150.345,4151.985,413.0
2026-09-28 11:45:00,4152.0,4152.235,4151.04,4151.94,585.0
2026-09-28 11:46:00,4151.945,4154.64,4151.665,4153.655,518.0
2026-09-28 11:47:00,4153.69,4154.05,4152.505,4152.555,400.0
2026-09-28 11:48:00,4152.6,4152.77,4151.05,4151.305,228.0
2026-09-28 11:49:00,4151.3,4151.62,4149.265,4150.1,341.0
2026-09-28 11:50:00,4150.15,4150.645,4148.245,4150.405,419.0
2026-09-28 11:51:00,4150.41,4151.37,4149.43,4149.43,333.0
2026-09-28 11:52:00,4149.44,4150.62,4149.04,4150.335,367.0
2026-09-28 11:53:00,4150.365,4151.29,4149.92,4150.425,319.0
2026-09-28 11:54:00,4150.375,4150.665,4147.72,4148.72,269.0
2026-09-28 11:55:00,4148.61,4151.32,4148.56,4151.32,294.0
2026-09-28 11:56:00,4151.22,4152.745,4151.085,4151.435,367.0
2026-09-28 11:57:00,4151.495,4152.1,4150.835,4151.225,428.0
2026-09-28 11:58:00,4151.325,4151.37,4149.205,4149.205,295.0
2026-09-28 11:59:00,4149.06,4149.13,4148.2,4148.855,267.0
2026-09-28 12:00:00,4148.665,4149.585,4147.38,4148.13,498.0
2026-09-28 12:01:00,4148.015,4148.195,4146.81,4148.09,692.0
2026-09-28 12:02:00,4148.14,4148.325,4146.91,4147.925,334.0
2026-09-28 12:03:00,4147.865,4149.055,4147.655,4149.005,391.0
2026-09-28 12:04:00,4149.035,4157.66,4148.85,4156.9,2492.0
2026-09-28 12:05:00,4156.975,4164.115,4156.67,4163.765,1993.0
2026-09-28 12:06:00,4163.75,4166.47,4163.125,4166.065,1322.0
2026-09-28 12:07:00,4166.06,4167.54,4165.245,4165.81,960.0
2026-09-28 12:08:00,4165.715,4165.81,4161.41,4164.61,1006.0
2026-09-28 12:09:00,4164.56,4165.75,4163.77,4164.82,707.0
2026-09-28 12:10:00,4164.84,4166.28,4162.16,4162.16,781.0
2026-09-28 12:11:00,4162.205,4165.725,4161.32,4164.22,923.0
2026-09-28 12:12:00,4164.175,4165.935,4162.895,4163.785,691.0
2026-09-28 12:13:00,4163.805,4166.055,4162.83,4164.38,618.0
2026-09-28 12:14:00,4164.33,4166.17,4164.31,4165.795,643.0
2026-09-28 12:15:00,4165.76,4165.87,4163.835,4165.65,525.0
2026-09-28 12:16:00,4165.725,4167.215,4165.205,4166.825,502.0
2026-09-28 12:17:00,4166.775,4167.735,4164.425,4165.465,488.0
2026-09-28 12:18:00,4165.48,4165.65,4164.69,4164.765,381.0
2026-09-28 12:19:00,4164.79,4167.975,4164.505,4167.395,719.0
2026-09-28 12:20:00,4167.375,4171.42,4167.215,4171.42,1075.0
2026-09-28 12:21:00,4171.355,4171.355,4168.35,4168.35,613.0
2026-09-28 12:22:00,4168.355,4168.465,4163.325,4163.56,509.0
2026-09-28 12:23:00,4163.515,4164.3,4162.46,4163.65,713.0
2026-09-28 12:24:00,4163.655,4163.78,4160.725,4160.725,720.0
2026-09-28 12:25:00,4160.68,4161.145,4157.73,4158.32,853.0
2026-09-28 12:26:00,4158.255,4163.585,4157.64,4160.745,1126.0
2026-09-28 12:27:00,4160.775,4161.08,4157.425,4157.44,1036.0
2026-09-28 12:28:00,4157.495,4157.73,4154.0,4154.575,805.0
2026-09-28 12:29:00,4154.585,4155.075,4153.87,4154.3,556.0
2026-09-28 12:30:00,4154.29,4154.615,4149.995,4150.865,1227.0
2026-09-28 12:31:00,4150.905,4151.505,4149.68,4150.215,834.0
2026-09-28 12:32:00,4150.22,4151.08,4149.395,4150.79,791.0
2026-09-28 12:33:00,4150.805,4151.79,4149.52,4151.275,784.0
2026-09-28 12:34:00,4151.33,4153.72,4150.46,4153.335,802.0
2026-09-28 12:35:00,4153.295,4153.4,4151.365,4152.05,649.0
2026-09-28 12:36:00,4151.97,4151.97,4148.975,4150.995,748.0
2026-09-28 12:37:00,4150.97,4151.135,4149.695,4150.46,587.0
2026-09-28 12:38:00,4150.495,4150.55,4148.21,4148.485,579.0
2026-09-28 12:39:00,4148.425,4148.52,4147.335,4147.995,372.0
2026-09-28 12:40:00,4147.93,4147.94,4144.15,4144.765,666.0
2026-09-28 12:41:00,4144.8,4147.02,4144.775,4145.735,558.0
2026-09-28 12:42:00,4145.745,4146.53,4144.715,4145.34,496.0
2026-09-28 12:43:00,4145.315,4145.315,4143.98,4143.98,674.0
2026-09-28 12:44:00,4143.985,4145.36,4143.21,4145.305,584.0
2026-09-28 12:45:00,4145.295,4148.35,4145.26,4148.35,818.0
2026-09-28 12:46:00,4148.36,4148.99,4146.56,4146.785,562.0
2026-09-28 12:47:00,4146.785,4146.795,4144.335,4144.88,729.0
2026-09-28 12:48:00,4144.78,4150.24,4143.63,4150.155,885.0
2026-09-28 12:49:00,4150.16,4150.225,4146.77,4146.89,633.0
2026-09-28 12:50:00,4146.855,4148.62,4146.6,4147.73,731.0
2026-09-28 12:51:00,4147.755,4148.94,4147.015,4147.665,492.0
2026-09-28 12:52:00,4147.78,4150.77,4147.715,4150.03,813.0
2026-09-28 12:53:00,4149.95,4151.86,4149.29,4151.86,543.0
2026-09-28 12:54:00,4151.87,4151.87,4150.715,4151.635,627.0
2026-09-28 12:55:00,4151.665,4152.37,4148.905,4150.31,735.0
2026-09-28 12:56:00,4150.295,4153.93,4149.885,4153.255,713.0
2026-09-28 12:57:00,4153.205,4155.945,4152.575,4154.77,676.0
2026-09-28 12:58:00,4154.765,4155.19,4151.465,4151.8,739.0
2026-09-28 12:59:00,4151.81,4155.565,4151.81,4154.45,981.0
2026-09-28 13:00:00,4154.47,4154.74,4147.405,4150.26,1845.0
2026-09-28 13:01:00,4150.355,4151.5,4147.17,4147.76,1009.0
2026-09-28 13:02:00,4147.86,4147.96,4145.295,4146.805,789.0
2026-09-28 13:03:00,4146.825,4149.03,4146.805,4148.095,698.0
2026-09-28 13:04:00,4148.08,4151.055,4148.045,4149.72,545.0
2026-09-28 13:05:00,4149.755,4150.265,4148.695,4149.56,554.0
2026-09-28 13:06:00,4149.425,4150.845,4148.625,4148.8,937.0
2026-09-28 13:07:00,4148.795,4150.36,4148.675,4149.28,764.0
2026-09-28 13:08:00,4149.265,4150.245,4147.105,4148.14,659.0
2026-09-28 13:09:00,4148.13,4149.44,4147.51,4148.81,607.0
2026-09-28 13:10:00,4148.825,4149.205,4148.01,4148.66,862.0
2026-09-28 13:11:00,4148.645,4149.905,4147.7,4148.495,522.0
2026-09-28 13:12:00,4148.505,4148.87,4146.5,4147.335,492.0
2026-09-28 13:13:00,4147.24,4149.595,4147.14,4149.525,619.0
2026-09-28 13:14:00,4149.51,4150.09,4147.3,4147.3,647.0
2026-09-28 13:15:00,4147.56,4148.88,4146.745,4148.26,729.0
2026-09-28 13:16:00,4148.28,4150.03,4148.28,4149.19,528.0
2026-09-28 13:17:00,4149.215,4149.93,4147.59,4148.39,641.0
2026-09-28 13:18:00,4148.385,4148.81,4144.475,4145.295,1127.0
2026-09-28 13:19:00,4145.27,4147.51,4144.86,4147.51,662.0
2026-09-28 13:20:00,4147.505,4148.175,4145.585,4145.585,528.0
2026-09-28 13:21:00,4145.49,4148.805,4144.525,4147.69,743.0
2026-09-28 13:22:00,4147.72,4148.64,4145.74,4146.725,487.0
2026-09-28 13:23:00,4146.63,4147.525,4145.685,4147.015,532.0
2026-09-28 13:24:00,4147.01,4148.295,4146.34,4146.945,670.0
2026-09-28 13:25:00,4146.95,4148.505,4145.39,4148.48,987.0
2026-09-28 13:26:00,4148.445,4149.7,4146.175,4146.305,683.0
2026-09-28 13:27:00,4146.255,4147.075,4144.305,4144.37,525.0
2026-09-28 13:28:00,4144.255,4145.485,4143.105,4145.065,603.0
2026-09-28 13:29:00,4145.075,4145.175,4141.63,4142.29,675.0
2026-09-28 13:30:00,4142.31,4145.06,4139.045,4139.14,1600.0
2026-09-28 13:31:00,4139.125,4144.155,4138.235,4142.755,2083.0
2026-09-28 13:32:00,4142.76,4146.27,4141.89,4145.855,1389.0
2026-09-28 13:33:00,4145.86,4145.86,4138.96,4139.715,1434.0
2026-09-28 13:34:00,4139.785,4141.785,4137.555,4137.605,1931.0
2026-09-28 13:35:00,4137.655,4140.56,4136.525,4139.63,1682.0
2026-09-28 13:36:00,4139.655,4141.99,4138.19,4141.745,1589.0
2026-09-28 13:37:00,4141.74,4148.755,4141.52,4147.315,1867.0
2026-09-28 13:38:00,4147.33,4149.99,4146.66,4148.72,1821.0
2026-09-28 13:39:00,4148.745,4150.21,4146.245,4146.495,1928.0
2026-09-28 13:40:00,4146.51,4147.58,4144.665,4147.54,1614.0
2026-09-28 13:41:00,4147.39,4147.6,4145.21,4146.135,896.0
2026-09-28 13:42:00,4146.13,4151.55,4145.415,4150.095,1643.0
2026-09-28 13:43:00,4150.11,4150.365,4146.14,4146.575,1061.0
2026-09-28 13:44:00,4146.585,4151.18,4146.365,4151.18,1014.0
2026-09-28 13:45:00,4151.195,4152.51,4150.105,4152.41,1280.0
2026-09-28 13:46:00,4152.37,4152.905,4149.57,4152.325,962.0
2026-09-28 13:47:00,4152.34,4157.565,4150.3,4156.56,2025.0
2026-09-28 13:48:00,4156.55,4158.11,4154.405,4157.795,1462.0
2026-09-28 13:49:00,4157.825,4160.13,4157.16,4158.31,1569.0
2026-09-28 13:50:00,4158.265,4160.65,4157.77,4157.985,1405.0
2026-09-28 13:51:00,4157.975,4157.975,4152.285,4154.17,1583.0
2026-09-28 13:52:00,4154.12,4157.45,4153.57,4155.75,1421.0
2026-09-28 13:53:00,4155.77,4158.185,4154.885,4156.98,1456.0
2026-09-28 13:54:00,4156.965,4158.67,4154.29,4157.165,1774.0
2026-09-28 13:55:00,4157.145,4160.6,4155.465,4157.38,2170.0
2026-09-28 13:56:00,4157.385,4157.84,4155.65,4156.05,1797.0
2026-09-28 13:57:00,4156.075,4158.305,4156.05,4157.53,1522.0
2026-09-28 13:58:00,4157.57,4159.57,4156.725,4157.915,1161.0
2026-09-28 13:59:00,4157.94,4158.725,4157.015,4157.015,1118.0
2026-09-28 14:00:00,4157.005,4157.26,4153.675,4155.4,1482.0
2026-09-28 14:01:00,4155.405,4155.59,4152.96,4153.015,1249.0
2026-09-28 14:02:00,4153.005,4154.27,4150.985,4151.555,1036.0
2026-09-28 14:03:00,4151.535,4152.1,4148.02,4148.02,1142.0
2026-09-28 14:04:00,4147.765,4147.765,4144.02,4144.575,1274.0
2026-09-28 14:05:00,4144.615,4145.275,4143.49,4144.215,1047.0
2026-09-28 14:06:00,4144.225,4145.335,4143.395,4145.335,1239.0
2026-09-28 14:07:00,4145.325,4145.915,4142.055,4143.375,1125.0
2026-09-28 14:08:00,4143.365,4143.455,4141.735,4141.79,983.0
2026-09-28 14:09:00,4141.825,4143.025,4139.25,4140.14,1070.0
2026-09-28 14:10:00,4140.17,4142.045,4140.005,4141.115,1020.0
2026-09-28 14:11:00,4141.155,4141.595,4139.82,4141.2,906.0
2026-09-28 14:12:00,4141.195,4142.5,4140.475,4141.55,1140.0
2026-09-28 14:13:00,4141.555,4142.49,4140.56,4141.67,747.0
2026-09-28 14:14:00,4141.685,4141.725,4138.135,4138.825,718.0
2026-09-28 14:15:00,4138.82,4139.315,4138.185,4139.315,761.0
2026-09-28 14:16:00,4139.34,4141.01,4138.115,4140.36,883.0
2026-09-28 14:17:00,4140.37,4141.22,4138.705,4140.09,585.0
2026-09-28 14:18:00,4140.095,4140.79,4138.02,4138.235,540.0
2026-09-28 14:19:00,4138.285,4139.555,4136.72,4138.985,501.0
2026-09-28 14:20:00,4138.935,4140.23,4137.05,4139.31,556.0
2026-09-28 14:21:00,4139.36,4140.705,4137.565,4139.645,622.0
2026-09-28 14:22:00,4139.495,4143.31,4139.495,4143.3,761.0
2026-09-28 14:23:00,4143.255,4143.485,4141.555,4141.97,868.0
2026-09-28 14:24:00,4141.875,4144.245,4141.47,4143.645,518.0
2026-09-28 14:25:00,4143.765,4144.48,4141.94,4143.01,736.0
2026-09-28 14:26:00,4143.125,4143.325,4141.295,4142.38,704.0
2026-09-28 14:27:00,4142.5,4143.23,4140.665,4141.295,678.0
2026-09-28 14:28:00,4141.245,4142.11,4140.3,4141.64,579.0
2026-09-28 14:29:00,4141.61,4143.565,4140.985,4142.67,658.0
2026-09-28 14:30:00,4142.7,4142.85,4138.505,4138.51,715.0
2026-09-28 14:31:00,4138.595,4138.595,4136.555,4136.64,1047.0
2026-09-28 14:32:00,4136.575,4137.32,4134.705,4135.44,1070.0
2026-09-28 14:33:00,4135.54,4138.045,4135.425,4136.85,774.0
2026-09-28 14:34:00,4136.855,4138.02,4135.46,4137.005,800.0
2026-09-28 14:35:00,4137.04,4138.035,4135.595,4135.665,868.0
2026-09-28 14:36:00,4135.66,4136.865,4133.81,4134.42,1107.0
2026-09-28 14:37:00,4134.47,4135.525,4133.765,4134.185,807.0
2026-09-28 14:38:00,4134.155,4134.435,4131.595,4131.9,1080.0
2026-09-28 14:39:00,4131.905,4133.765,4131.8,4131.905,786.0
2026-09-28 14:40:00,4131.86,4131.86,4126.49,4126.95,966.0
2026-09-28 14:41:00,4127.04,4127.205,4123.745,4125.89,1220.0
2026-09-28 14:42:00,4125.885,4126.345,4123.195,4123.615,822.0
2026-09-28 14:43:00,4123.65,4125.395,4122.85,4123.285,1070.0
2026-09-28 14:44:00,4123.185,4124.445,4122.84,4123.375,594.0
2026-09-28 14:45:00,4123.385,4123.88,4120.295,4120.45,1083.0
2026-09-28 14:46:00,4120.445,4121.185,4118.095,4119.045,1060.0
2026-09-28 14:47:00,4119.075,4120.37,4116.755,4116.83,918.0
2026-09-28 14:48:00,4116.845,4117.04,4114.515,4115.775,1340.0
2026-09-28 14:49:00,4115.8,4117.11,4114.48,4115.885,1141.0
2026-09-28 14:50:00,4115.88,4123.385,4115.795,4121.79,2248.0
2026-09-28 14:51:00,4121.785,4122.155,4116.005,4116.4,2303.0
2026-09-28 14:52:00,4116.405,4117.47,4114.025,4116.71,1276.0
2026-09-28 14:53:00,4116.75,4116.92,4114.535,4115.73,1312.0
2026-09-28 14:54:00,4115.84,4118.03,4115.115,4116.195,1043.0
2026-09-28 14:55:00,4116.165,4116.7,4114.015,4115.95,1070.0
2026-09-28 14:56:00,4115.9,4118.815,4115.715,4116.42,868.0
2026-09-28 14:57:00,4116.51,4116.51,4110.87,4112.785,1432.0
2026-09-28 14:58:00,4112.845,4116.715,4112.825,4116.325,940.0
2026-09-28 14:59:00,4116.33,4119.45,4115.68,4118.37,896.0
2026-09-28 15:00:00,4118.565,4119.645,4116.39,4118.07,847.0
2026-09-28 15:01:00,4118.12,4121.645,4117.82,4119.335,975.0
2026-09-28 15:02:00,4119.295,4120.72,4118.745,4120.22,1147.0
2026-09-28 15:03:00,4120.24,4122.07,4119.805,4121.255,773.0
2026-09-28 15:04:00,4121.27,4122.84,4119.94,4122.6,1277.0
2026-09-28 15:05:00,4122.62,4123.51,4121.285,4122.51,998.0
2026-09-28 15:06:00,4122.54,4122.585,4119.87,4121.075,730.0
2026-09-28 15:07:00,4121.125,4123.025,4120.86,4121.435,1027.0
2026-09-28 15:08:00,4121.415,4124.13,4120.555,4120.56,892.0
2026-09-28 15:09:00,4120.565,4122.935,4120.565,4122.125,1091.0
2026-09-28 15:10:00,4122.135,4122.515,4119.385,4119.385,1058.0
2026-09-28 15:11:00,4119.645,4119.87,4118.32,4118.995,866.0
2026-09-28 15:12:00,4118.985,4120.295,4118.885,4119.62,795.0
2026-09-28 15:13:00,4119.71,4120.12,4118.445,4118.765,667.0
2026-09-28 15:14:00,4118.745,4121.605,4118.62,4120.01,815.0
2026-09-28 15:15:00,4120.06,4123.36,4119.615,4123.19,858.0
2026-09-28 15:16:00,4123.13,4123.82,4121.0,4122.375,805.0
2026-09-28 15:17:00,4122.365,4123.22,4120.665,4123.04,640.0
2026-09-28 15:18:00,4123.05,4124.94,4122.84,4124.88,665.0
2026-09-28 15:19:00,4124.83,4126.835,4124.665,4124.95,547.0
2026-09-28 15:20:00,4124.915,4124.915,4122.42,4123.175,584.0
2026-09-28 15:21:00,4123.125,4123.125,4120.15,4122.32,612.0
2026-09-28 15:22:00,4122.27,4123.755,4121.36,4123.13,488.0
2026-09-28 15:23:00,4122.98,4125.37,4122.895,4124.08,533.0
2026-09-28 15:24:00,4124.075,4124.075,4122.11,4122.59,678.0
2026-09-28 15:25:00,4122.735,4128.125,4122.07,4123.225,941.0
2026-09-28 15:26:00,4123.22,4124.965,4122.64,4124.61,810.0
2026-09-28 15:27:00,4124.565,4124.71,4123.36,4123.73,530.0
2026-09-28 15:28:00,4123.725,4125.645,4123.67,4124.37,594.0
2026-09-28 15:29:00,4124.345,4126.165,4123.705,4125.275,824.0
2026-09-28 15:30:00,4125.27,4125.84,4123.415,4123.985,1051.0
2026-09-28 15:31:00,4123.975,4123.975,4120.64,4120.64,1126.0
2026-09-28 15:32:00,4120.66,4123.975,4120.66,4123.775,565.0
2026-09-28 15:33:00,4123.69,4123.895,4121.395,4121.83,609.0
2026-09-28 15:34:00,4121.77,4122.205,4120.885,4122.2,553.0
2026-09-28 15:35:00,4122.255,4122.98,4121.44,4122.725,541.0
2026-09-28 15:36:00,4122.755,4125.395,4122.555,4124.89,651.0
2026-09-28 15:37:00,4124.91,4125.215,4123.69,4124.815,521.0
2026-09-28 15:38:00,4124.82,4125.15,4122.735,4122.75,1009.0
2026-09-28 15:39:00,4122.745,4122.86,4121.315,4122.54,1098.0
2026-09-28 15:40:00,4122.545,4122.94,4119.56,4120.175,1194.0
2026-09-28 15:41:00,4120.18,4122.105,4119.3,4121.93,738.0
2026-09-28 15:42:00,4121.975,4122.615,4120.84,4121.505,710.0
2026-09-28 15:43:00,4121.525,4121.555,4119.745,4119.745,496.0
2026-09-28 15:44:00,4119.775,4120.32,4119.195,4119.94,334.0
2026-09-28 15:45:00,4120.005,4120.34,4119.19,4120.105,633.0
2026-09-28 15:46:00,4120.09,4120.095,4118.1,4118.24,602.0
2026-09-28 15:47:00,4118.24,4118.76,4115.575,4117.78,811.0
2026-09-28 15:48:00,4117.785,4119.685,4117.575,4117.575,799.0
2026-09-28 15:49:00,4117.655,4119.865,4117.56,4119.815,651.0
2026-09-28 15:50:00,4119.865,4122.41,4119.625,4121.385,607.0
2026-09-28 15:51:00,4121.395,4122.24,4120.84,4121.595,424.0
2026-09-28 15:52:00,4121.55,4121.795,4119.305,4119.965,485.0
2026-09-28 15:53:00,4119.94,4120.14,4118.005,4118.5,402.0
2026-09-28 15:54:00,4118.67,4120.455,4118.365,4120.305,397.0
2026-09-28 15:55:00,4120.255,4122.07,4119.9,4121.525,397.0
2026-09-28 15:56:00,4121.605,4122.59,4120.395,4122.59,442.0
2026-09-28 15:57:00,4122.585,4124.475,4122.585,4123.35,501.0
2026-09-28 15:58:00,4123.34,4123.965,4122.255,4122.69,397.0
2026-09-28 15:59:00,4122.685,4124.49,4122.655,4124.2,417.0
2026-09-28 16:00:00,4124.205,4124.895,4122.22,4123.07,647.0
2026-09-28 16:01:00,4123.02,4124.33,4122.56,4123.66,589.0
2026-09-28 16:02:00,4123.65,4123.65,4121.595,4121.7,580.0
2026-09-28 16:03:00,4121.735,4122.62,4120.825,4121.135,522.0
2026-09-28 16:04:00,4121.23,4123.105,4121.17,4122.925,464.0
2026-09-28 16:05:00,4122.91,4123.91,4121.83,4123.845,539.0
2026-09-28 16:06:00,4123.805,4124.545,4122.785,4123.1,549.0
2026-09-28 16:07:00,4123.14,4123.335,4121.525,4121.58,600.0
2026-09-28 16:08:00,4121.53,4122.555,4121.205,4121.375,661.0
2026-09-28 16:09:00,4121.37,4122.455,4120.83,4122.075,554.0
2026-09-28 16:10:00,4121.885,4122.46,4120.74,4120.765,693.0
2026-09-28 16:11:00,4120.76,4120.97,4119.18,4119.365,513.0
2026-09-28 16:12:00,4119.43,4120.55,4118.805,4119.075,459.0
2026-09-28 16:13:00,4119.08,4119.14,4117.6,4117.99,439.0
2026-09-28 16:14:00,4117.97,4118.65,4117.29,4117.365,672.0
2026-09-28 16:15:00,4117.36,4117.895,4116.77,4117.42,863.0
2026-09-28 16:16:00,4117.415,4125.83,4116.575,4124.745,2433.0
2026-09-28 16:17:00,4124.76,4126.7,4123.51,4126.545,1935.0
2026-09-28 16:18:00,4126.445,4128.905,4125.27,4125.27,1167.0
2026-09-28 16:19:00,4125.275,4128.02,4123.545,4127.82,1212.0
2026-09-28 16:20:00,4127.87,4131.445,4126.4,4131.44,1792.0
2026-09-28 16:21:00,4131.49,4132.8,4129.415,4131.13,1525.0
2026-09-28 16:22:00,4131.115,4132.5,4130.695,4131.44,1455.0
2026-09-28 16:23:00,4131.43,4133.51,4129.11,4132.41,1486.0
2026-09-28 16:24:00,4132.445,4135.74,4130.325,4134.735,1819.0
2026-09-28 16:25:00,4134.7,4138.585,4134.3,4137.5,1168.0
2026-09-28 16:26:00,4137.45,4145.405,4137.15,4144.615,1882.0
2026-09-28 16:27:00,4144.525,4147.635,4143.465,4146.19,2546.0
2026-09-28 16:28:00,4146.185,4148.17,4144.55,4145.7,2321.0
2026-09-28 16:29:00,4145.655,4147.265,4141.895,4143.25,1902.0
2026-09-28 16:30:00,4143.255,4145.455,4140.69,4140.74,1815.0
2026-09-28 16:31:00,4140.73,4142.675,4139.35,4141.735,1542.0
2026-09-28 16:32:00,4141.72,4141.935,4136.955,4136.99,1732.0
2026-09-28 16:33:00,4137.025,4139.77,4135.97,4136.62,1758.0
2026-09-28 16:34:00,4136.61,4138.21,4135.355,4135.85,963.0
2026-09-28 16:35:00,4135.77,4136.625,4135.005,4135.785,1086.0
2026-09-28 16:36:00,4135.77,4139.585,4135.605,4139.525,860.0
2026-09-28 16:37:00,4139.51,4140.32,4137.175,4138.44,1278.0
2026-09-28 16:38:00,4138.49,4138.52,4135.925,4136.13,941.0
2026-09-28 16:39:00,4136.11,4136.56,4135.135,4135.77,878.0
2026-09-28 16:40:00,4135.76,4137.24,4135.225,4135.76,709.0
2026-09-28 16:41:00,4135.785,4136.285,4134.395,4134.73,619.0
2026-09-28 16:42:00,4134.68,4135.575,4133.255,4133.325,694.0
2026-09-28 16:43:00,4133.365,4134.155,4132.155,4132.635,544.0
2026-09-28 16:44:00,4132.685,4132.99,4131.43,4132.055,682.0
2026-09-28 16:45:00,4132.09,4134.925,4131.33,4131.35,1260.0
2026-09-28 16:46:00,4131.355,4131.365,4129.585,4130.45,767.0
2026-09-28 16:47:00,4130.46,4131.075,4129.34,4130.265,670.0
2026-09-28 16:48:00,4130.28,4131.86,4129.865,4130.33,653.0
2026-09-28 16:49:00,4130.355,4131.065,4129.535,4129.535,465.0
2026-09-28 16:50:00,4129.61,4131.435,4129.015,4130.475,471.0
2026-09-28 16:51:00,4130.48,4130.84,4129.275,4129.315,556.0
2026-09-28 16:52:00,4129.31,4130.515,4128.645,4130.515,559.0
2026-09-28 16:53:00,4130.52,4132.09,4129.915,4132.015,590.0
2026-09-28 16:54:00,4131.97,4133.055,4131.95,4132.205,634.0
2026-09-28 16:55:00,4132.22,4132.22,4130.185,4130.695,621.0
2026-09-28 16:56:00,4130.705,4131.005,4129.99,4130.31,695.0
2026-09-28 16:57:00,4130.3,4130.435,4128.35,4129.03,468.0
2026-09-28 16:58:00,4129.07,4129.61,4128.44,4128.52,526.0
2026-09-28 16:59:00,4128.54,4129.96,4128.54,4129.515,683.0
2026-09-28 17:00:00,4129.43,4129.585,4127.975,4128.645,654.0
2026-09-28 17:01:00,4128.635,4129.535,4128.12,4128.52,530.0
2026-09-28 17:02:00,4128.54,4128.74,4127.29,4127.59,442.0
2026-09-28 17:03:00,4127.67,4128.59,4127.39,4128.225,557.0
2026-09-28 17:04:00,4128.23,4129.005,4127.6,4127.705,567.0
2026-09-28 17:05:00,4127.735,4129.585,4127.735,4128.515,688.0
2026-09-28 17:06:00,4128.405,4128.405,4126.295,4126.435,792.0
2026-09-28 17:07:00,4126.425,4127.26,4126.29,4126.535,813.0
2026-09-28 17:08:00,4126.58,4127.475,4126.39,4126.795,748.0
2026-09-28 17:09:00,4126.87,4127.78,4126.565,4127.37,622.0
2026-09-28 17:10:00,4127.36,4127.645,4126.37,4126.6,703.0
2026-09-28 17:11:00,4126.54,4144.425,4126.215,4144.245,2985.0
2026-09-28 17:12:00,4144.24,4146.77,4138.58,4140.74,3995.0
2026-09-28 17:13:00,4140.66,4145.25,4140.465,4142.075,3065.0
2026-09-28 17:14:00,4142.025,4142.715,4137.465,4141.95,2589.0
2026-09-28 17:15:00,4141.96,4141.96,4135.71,4139.62,2132.0
2026-09-28 17:16:00,4139.63,4140.155,4136.975,4138.595,1545.0
2026-09-28 17:17:00,4138.545,4140.94,4134.265,4135.935,1918.0
2026-09-28 17:18:00,4135.97,4136.955,4135.24,4135.525,977.0
2026-09-28 17:19:00,4135.565,4135.74,4134.035,4134.035,737.0
2026-09-28 17:20:00,4134.135,4136.015,4133.675,4135.915,609.0
2026-09-28 17:21:00,4135.715,4136.91,4134.94,4135.49,619.0
2026-09-28 17:22:00,4135.395,4136.675,4134.85,4136.24,823.0
2026-09-28 17:23:00,4136.215,4137.13,4135.07,4135.175,818.0
2026-09-28 17:24:00,4135.125,4136.94,4134.39,4136.33,890.0
2026-09-28 17:25:00,4136.325,4138.16,4135.885,4137.555,742.0
2026-09-28 17:26:00,4137.605,4138.065,4135.74,4135.8,504.0
2026-09-28 17:27:00,4135.75,4137.98,4135.06,4135.295,565.0
2026-09-28 17:28:00,4135.345,4137.085,4135.25,4135.81,414.0
2026-09-28 17:29:00,4135.835,4136.67,4134.475,4135.505,728.0
2026-09-28 17:30:00,4135.515,4138.9,4135.425,4138.765,702.0
2026-09-28 17:31:00,4138.795,4139.5,4138.05,4139.33,528.0
2026-09-28 17:32:00,4139.245,4139.34,4137.745,4138.4,577.0
2026-09-28 17:33:00,4138.45,4139.035,4137.31,4137.47,429.0
2026-09-28 17:34:00,4137.46,4137.88,4136.085,4136.75,658.0
2026-09-28 17:35:00,4136.76,4137.4,4136.355,4137.32,363.0
2026-09-28 17:36:00,4137.27,4138.125,4136.785,4137.05,415.0
2026-09-28 17:37:00,4137.125,4138.485,4135.53,4135.615,447.0
2026-09-28 17:38:00,4135.59,4136.54,4135.075,4136.25,460.0
2026-09-28 17:39:00,4136.28,4136.37,4133.94,4134.0,439.0
2026-09-28 17:40:00,4134.155,4135.21,4134.155,4134.925,280.0
2026-09-28 17:41:00,4134.9,4138.185,4134.595,4138.0,406.0
2026-09-28 17:42:00,4138.045,4138.995,4136.695,4138.18,665.0
2026-09-28 17:43:00,4138.225,4138.625,4137.035,4137.515,893.0
2026-09-28 17:44:00,4137.52,4138.125,4136.93,4137.385,674.0
2026-09-28 17:45:00,4137.34,4138.44,4136.135,4136.73,583.0
2026-09-28 17:46:00,4136.735,4137.54,4136.385,4137.31,501.0
2026-09-28 17:47:00,4137.275,4137.66,4136.065,4136.105,379.0
2026-09-28 17:48:00,4136.11,4137.555,4135.505,4137.555,530.0
2026-09-28 17:49:00,4137.58,4138.84,4137.495,4138.835,439.0
2026-09-28 17:50:00,4138.885,4140.13,4138.67,4138.72,501.0
2026-09-28 17:51:00,4138.725,4139.275,4138.025,4138.77,579.0
2026-09-28 17:52:00,4138.775,4139.195,4137.505,4137.785,380.0
2026-09-28 17:53:00,4137.715,4138.47,4137.125,4137.24,547.0
2026-09-28 17:54:00,4137.25,4138.395,4137.245,4138.285,504.0
2026-09-28 17:55:00,4138.28,4138.785,4135.86,4136.695,1151.0
2026-09-28 17:56:00,4136.685,4136.71,4135.83,4136.555,668.0
2026-09-28 17:57:00,4136.59,4137.725,4136.0,4136.26,659.0
2026-09-28 17:58:00,4136.305,4136.315,4134.27,4135.325,694.0
2026-09-28 17:59:00,4135.25,4135.71,4134.255,4134.51,432.0
2026-09-28 18:00:00,4134.505,4134.88,4133.92,4134.305,531.0
2026-09-28 18:01:00,4134.445,4135.125,4133.93,4134.66,520.0
2026-09-28 18:02:00,4134.73,4135.85,4134.025,4135.305,425.0
2026-09-28 18:03:00,4135.29,4135.48,4134.52,4135.155,540.0
2026-09-28 18:04:00,4135.175,4137.17,4135.175,4136.75,617.0
2026-09-28 18:05:00,4136.77,4137.98,4136.665,4137.665,534.0
2026-09-28 18:06:00,4137.61,4138.075,4135.815,4135.865,404.0
2026-09-28 18:07:00,4135.915,4136.58,4135.4,4136.53,297.0
2026-09-28 18:08:00,4136.48,4136.48,4135.355,4135.735,281.0
2026-09-28 18:09:00,4135.685,4136.955,4135.525,4136.34,306.0
2026-09-28 18:10:00,4136.395,4138.65,4136.27,4137.495,338.0
2026-09-28 18:11:00,4137.555,4137.685,4136.075,4136.635,271.0
2026-09-28 18:12:00,4136.725,4136.775,4135.595,4135.765,240.0
2026-09-28 18:13:00,4135.725,4135.985,4134.74,4135.56,274.0
2026-09-28 18:14:00,4135.485,4136.265,4135.265,4136.03,237.0
2026-09-28 18:15:00,4135.875,4136.05,4134.665,4134.7,376.0
2026-09-28 18:16:00,4134.71,4135.165,4134.305,4135.165,330.0
2026-09-28 18:17:00,4135.12,4135.505,4134.155,4134.155,275.0
2026-09-28 18:18:00,4134.03,4134.705,4133.865,4134.18,378.0
2026-09-28 18:19:00,4134.165,4134.72,4133.975,4134.17,313.0
2026-09-28 18:20:00,4134.205,4135.255,4134.12,4135.215,261.0
2026-09-28 18:21:00,4135.155,4136.805,4135.09,4136.805,235.0
2026-09-28 18:22:00,4136.745,4137.54,4136.41,4137.2,244.0
2026-09-28 18:23:00,4137.15,4137.15,4135.08,4135.295,260.0
2026-09-28 18:24:00,4135.245,4135.33,4134.47,4135.265,292.0
2026-09-28 18:25:00,4135.215,4135.605,4134.38,4135.52,379.0
2026-09-28 18:26:00,4135.515,4136.05,4135.26,4135.965,286.0
2026-09-28 18:27:00,4135.885,4136.11,4134.815,4134.815,303.0
2026-09-28 18:28:00,4134.85,4135.585,4134.745,4135.005,481.0
2026-09-28 18:29:00,4134.905,4135.415,4134.685,4135.02,310.0
2026-09-28 18:30:00,4135.06,4136.395,4133.325,4135.725,678.0
2026-09-28 18:31:00,4135.775,4135.825,4134.205,4135.075,344.0
2026-09-28 18:32:00,4134.995,4135.185,4132.675,4133.295,548.0
2026-09-28 18:33:00,4133.27,4134.615,4132.515,4132.565,793.0
2026-09-28 18:34:00,4132.555,4133.32,4131.775,4132.225,612.0
2026-09-28 18:35:00,4132.18,4133.51,4132.13,4133.29,535.0
2026-09-28 18:36:00,4133.3,4134.075,4132.67,4134.045,446.0
2026-09-28 18:37:00,4134.035,4135.38,4133.895,4135.28,384.0
2026-09-28 18:38:00,4135.33,4135.38,4133.525,4134.495,430.0
2026-09-28 18:39:00,4134.445,4134.645,4133.465,4134.475,423.0
2026-09-28 18:40:00,4134.505,4136.93,4134.1,4136.93,557.0
2026-09-28 18:41:00,4137.0,4137.775,4136.075,4137.36,541.0
2026-09-28 18:42:00,4137.43,4138.57,4137.32,4138.39,343.0
2026-09-28 18:43:00,4138.365,4139.25,4138.22,4138.66,499.0
2026-09-28 18:44:00,4138.705,4139.23,4138.545,4138.77,291.0
2026-09-28 18:45:00,4138.815,4138.945,4137.52,4137.59,663.0
2026-09-28 18:46:00,4137.61,4137.92,4137.37,4137.86,756.0
2026-09-28 18:47:00,4137.965,4139.11,4137.69,4139.025,605.0
2026-09-28 18:48:00,4139.02,4139.765,4136.745,4139.155,1262.0
2026-09-28 18:49:00,4139.215,4139.605,4137.745,4139.26,1151.0
2026-09-28 18:50:00,4139.25,4140.305,4138.68,4139.42,977.0
2026-09-28 18:51:00,4139.43,4139.465,4138.14,4139.24,886.0
2026-09-28 18:52:00,4139.235,4140.17,4139.0,4139.665,380.0
2026-09-28 18:53:00,4139.64,4141.89,4138.415,4139.085,1065.0
2026-09-28 18:54:00,4139.105,4140.575,4138.625,4140.27,709.0
2026-09-28 18:55:00,4140.24,4140.405,4138.57,4139.105,772.0
2026-09-28 18:56:00,4139.06,4139.83,4138.83,4139.26,594.0
2026-09-28 18:57:00,4139.245,4140.065,4139.155,4139.52,499.0
2026-09-28 18:58:00,4139.53,4140.735,4139.405,4140.64,542.0
2026-09-28 18:59:00,4140.59,4140.59,4139.15,4139.25,651.0
2026-09-28 19:00:00,4139.255,4139.51,4134.985,4135.08,770.0
2026-09-28 19:01:00,4135.065,4135.07,4133.69,4133.69,840.0
2026-09-28 19:02:00,4133.68,4134.15,4131.63,4132.915,1042.0
2026-09-28 19:03:00,4132.91,4135.845,4132.85,4135.4,947.0
2026-09-28 19:04:00,4135.415,4135.52,4134.61,4135.05,462.0
2026-09-28 19:05:00,4135.05,4135.395,4134.025,4134.21,401.0
2026-09-28 19:06:00,4134.175,4134.605,4132.895,4132.895,393.0
2026-09-28 19:07:00,4132.945,4133.455,4130.95,4132.125,521.0
2026-09-28 19:08:00,4132.095,4132.475,4131.36,4131.96,508.0
2026-09-28 19:09:00,4131.965,4132.98,4131.655,4131.905,483.0
2026-09-28 19:10:00,4131.925,4132.875,4131.235,4131.815,673.0
2026-09-28 19:11:00,4131.905,4133.315,4131.71,4131.75,680.0
2026-09-28 19:12:00,4131.825,4132.775,4131.71,4132.175,593.0
2026-09-28 19:13:00,4132.155,4133.445,4131.565,4131.75,761.0
2026-09-28 19:14:00,4131.715,4132.875,4131.55,4132.78,640.0
2026-09-28 19:15:00,4132.75,4133.535,4132.19,4133.53,580.0
2026-09-28 19:16:00,4133.535,4134.795,4133.475,4134.275,572.0
2026-09-28 19:17:00,4134.265,4134.68,4133.525,4134.45,415.0
2026-09-28 19:18:00,4134.4,4134.51,4133.515,4134.185,401.0
2026-09-28 19:19:00,4134.16,4135.075,4133.965,4134.935,465.0
2026-09-28 19:20:00,4134.93,4136.52,4133.9,4134.05,861.0
2026-09-28 19:21:00,4134.02,4134.33,4133.5,4133.73,518.0
2026-09-28 19:22:00,4133.71,4134.305,4133.14,4133.685,526.0
2026-09-28 19:23:00,4133.675,4133.675,4131.81,4131.995,498.0
2026-09-28 19:24:00,4131.99,4133.065,4131.805,4132.52,387.0
2026-09-28 19:25:00,4132.455,4132.86,4130.92,4131.215,721.0
2026-09-28 19:26:00,4131.22,4133.48,4131.015,4133.245,492.0
2026-09-28 19:27:00,4133.25,4134.525,4133.105,4134.225,454.0
2026-09-28 19:28:00,4134.195,4134.865,4133.875,4134.865,424.0
2026-09-28 19:29:00,4134.815,4134.885,4132.535,4133.72,423.0
2026-09-28 19:30:00,4133.69,4134.36,4133.1,4133.8,484.0
2026-09-28 19:31:00,4133.82,4135.19,4133.375,4134.19,383.0
2026-09-28 19:32:00,4134.195,4134.83,4131.335,4132.66,628.0
2026-09-28 19:33:00,4132.71,4133.475,4129.82,4130.38,856.0
2026-09-28 19:34:00,4130.365,4131.71,4129.52,4131.22,689.0
2026-09-28 19:35:00,4131.21,4133.49,4131.185,4132.125,511.0
2026-09-28 19:36:00,4132.13,4134.62,4131.985,4133.73,318.0
2026-09-28 19:37:00,4133.685,4133.8,4133.195,4133.34,284.0
2026-09-28 19:38:00,4133.335,4133.34,4131.38,4131.6,307.0
2026-09-28 19:39:00,4131.475,4131.585,4129.125,4129.185,427.0
2026-09-28 19:40:00,4129.195,4131.165,4128.79,4131.085,679.0
2026-09-28 19:41:00,4131.09,4131.31,4130.69,4131.18,588.0
2026-09-28 19:42:00,4131.185,4131.39,4128.4,4128.94,538.0
2026-09-28 19:43:00,4128.945,4130.53,4128.945,4129.52,278.0
2026-09-28 19:44:00,4129.555,4129.73,4128.97,4129.41,291.0
2026-09-28 19:45:00,4129.44,4129.44,4127.51,4128.135,573.0
2026-09-28 19:46:00,4128.17,4129.125,4127.77,4127.79,532.0
2026-09-28 19:47:00,4127.78,4129.21,4127.54,4127.575,346.0
2026-09-28 19:48:00,4127.535,4127.535,4126.515,4127.195,422.0
2026-09-28 19:49:00,4127.21,4127.885,4125.31,4125.865,561.0
2026-09-28 19:50:00,4125.87,4126.94,4124.94,4125.28,1004.0
2026-09-28 19:51:00,4125.25,4127.085,4125.1,4126.62,713.0
2026-09-28 19:52:00,4126.575,4127.105,4125.93,4126.325,562.0
2026-09-28 19:53:00,4126.28,4126.28,4125.23,4125.83,575.0
2026-09-28 19:54:00,4125.825,4125.835,4123.485,4123.83,653.0
2026-09-28 19:55:00,4123.805,4124.415,4122.74,4122.82,601.0
2026-09-28 19:56:00,4122.81,4124.84,4122.375,4124.575,443.0
2026-09-28 19:57:00,4124.57,4124.965,4123.71,4124.74,387.0
2026-09-28 19:58:00,4124.61,4124.7,4123.205,4123.42,431.0
2026-09-28 19:59:00,4123.54,4123.65,4122.47,4123.235,1034.0
2026-09-28 20:00:00,4123.145,4123.695,4121.53,4121.6,649.0
2026-09-28 20:01:00,4121.56,4122.66,4120.365,4120.955,626.0
2026-09-28 20:02:00,4120.99,4121.87,4120.72,4121.87,307.0
2026-09-28 20:03:00,4121.74,4122.135,4121.095,4121.66,374.0
2026-09-28 20:04:00,4121.665,4122.17,4121.52,4121.875,256.0
2026-09-28 20:05:00,4121.85,4122.355,4121.01,4121.075,367.0
2026-09-28 20:06:00,4121.1,4121.13,4120.035,4120.235,354.0
2026-09-28 20:07:00,4120.27,4120.355,4118.67,4118.8,346.0
2026-09-28 20:08:00,4118.82,4119.255,4117.33,4117.795,258.0
2026-09-28 20:09:00,4117.87,4118.605,4117.58,4118.29,215.0
2026-09-28 20:10:00,4118.275,4119.285,4118.06,4118.88,157.0
2026-09-28 20:11:00,4118.83,4118.94,4118.4,4118.585,151.0
2026-09-28 20:12:00,4118.645,4119.18,4118.16,4118.72,141.0
2026-09-28 20:13:00,4119.02,4121.135,4119.02,4121.135,310.0
2026-09-28 20:14:00,4121.155,4121.96,4120.56,4121.665,264.0
2026-09-28 20:15:00,4121.615,4121.88,4121.27,4121.43,134.0
2026-09-28 20:16:00,4121.405,4122.835,4121.405,4122.65,167.0
2026-09-28 20:17:00,4122.6,4122.725,4122.015,4122.675,207.0
2026-09-28 20:18:00,4122.685,4122.965,4121.915,4122.77,165.0
2026-09-28 20:19:00,4122.74,4122.77,4122.42,4122.47,140.0
2026-09-28 20:20:00,4122.62,4122.815,4122.305,4122.5,64.0
2026-09-28 20:21:00,4122.55,4123.4,4122.35,4122.94,104.0
2026-09-28 20:22:00,4122.99,4123.27,4122.54,4123.2,105.0
2026-09-28 20:23:00,4123.15,4123.615,4122.56,4122.86,107.0
2026-09-28 20:24:00,4122.76,4122.765,4120.81,4120.81,174.0
2026-09-28 20:25:00,4120.865,4120.865,4119.225,4119.46,179.0
2026-09-28 20:26:00,4119.415,4119.93,4118.805,4119.24,116.0
2026-09-28 20:27:00,4119.315,4119.515,4117.29,4117.32,251.0
2026-09-28 20:28:00,4117.405,4117.91,4117.105,4117.375,196.0
2026-09-28 20:29:00,4117.37,4118.225,4117.275,4117.835,155.0
2026-09-28 20:30:00,4117.85,4118.595,4117.675,4118.19,173.0
2026-09-28 20:31:00,4118.31,4118.385,4117.18,4117.98,264.0
2026-09-28 20:32:00,4118.025,4118.69,4117.975,4118.215,242.0
2026-09-28 20:33:00,4118.19,4118.52,4117.695,4117.885,226.0
2026-09-28 20:34:00,4117.855,4117.855,4115.695,4116.035,261.0
2026-09-28 20:35:00,4116.065,4116.67,4115.74,4116.15,194.0
2026-09-28 20:36:00,4116.28,4116.32,4115.485,4115.6,105.0
2026-09-28 20:37:00,4115.55,4116.35,4115.55,4116.2,93.0
2026-09-28 20:38:00,4116.265,4116.34,4115.94,4116.09,55.0
2026-09-28 20:39:00,4116.04,4117.075,4115.82,4116.505,137.0
2026-09-28 20:40:00,4116.525,4117.415,4116.525,4117.3,126.0
2026-09-28 20:41:00,4117.295,4117.695,4117.29,4117.505,109.0
2026-09-28 20:42:00,4117.485,4118.025,4116.175,4116.175,216.0
2026-09-28 20:43:00,4116.075,4116.165,4113.985,4114.595,293.0
2026-09-28 20:44:00,4114.6,4114.925,4113.66,4113.78,217.0
2026-09-28 20:45:00,4113.78,4114.605,4113.205,4113.21,199.0
2026-09-28 20:46:00,4113.275,4114.36,4113.135,4114.285,159.0
2026-09-28 20:47:00,4114.335,4114.565,4112.775,4112.875,328.0
2026-09-28 20:48:00,4112.995,4113.545,4111.545,4111.91,293.0
2026-09-28 20:49:00,4112.005,4112.895,4112.005,4112.605,141.0
2026-09-28 20:50:00,4112.65,4112.85,4111.52,4112.275,202.0
2026-09-28 20:51:00,4112.245,4113.365,4111.945,4113.31,166.0
2026-09-28 20:52:00,4113.21,4113.21,4112.54,4113.085,97.0
2026-09-28 20:53:00,4113.135,4113.8,4113.01,4113.39,98.0
2026-09-28 20:54:00,4113.385,4114.745,4113.1,4114.51,142.0
2026-09-28 20:55:00,4114.485,4114.485,4112.925,4113.485,164.0
2026-09-28 20:56:00,4113.585,4115.34,4113.535,4114.64,206.0
2026-09-28 20:57:00,4114.54,4114.715,4114.01,4114.335,115.0
2026-09-28 20:58:00,4114.27,4115.495,4114.235,4115.01,103.0
2026-09-28 20:59:00,4114.99,4115.125,4114.89,4114.985,35.0
2026-09-28 22:04:00,4121.355,4121.375,4121.345,4121.355,8.0
2026-09-28 22:05:00,4121.31,4121.725,4121.145,4121.475,83.0
2026-09-28 22:06:00,4121.485,4122.77,4120.98,4122.49,202.0
2026-09-28 22:07:00,4122.5,4122.975,4121.81,4122.875,158.0
2026-09-28 22:08:00,4122.88,4122.895,4122.025,4122.475,162.0
2026-09-28 22:09:00,4122.8,4123.28,4122.08,4122.74,144.0
2026-09-28 22:10:00,4122.725,4122.725,4120.79,4120.82,166.0
2026-09-28 22:11:00,4120.735,4120.805,4120.16,4120.2,166.0
2026-09-28 22:12:00,4120.15,4121.525,4119.95,4120.935,149.0
2026-09-28 22:13:00,4120.95,4121.815,4120.83,4121.765,116.0
2026-09-28 22:14:00,4121.84,4122.74,4121.82,4122.56,164.0
2026-09-28 22:15:00,4122.59,4123.44,4122.59,4122.865,190.0
2026-09-28 22:16:00,4122.855,4123.3,4122.38,4123.29,115.0
2026-09-28 22:17:00,4123.26,4123.78,4122.915,4123.775,195.0
2026-09-28 22:18:00,4123.765,4123.875,4122.765,4122.81,172.0
2026-09-28 22:19:00,4122.865,4123.41,4122.595,4123.185,98.0
2026-09-28 22:20:00,4123.355,4123.84,4123.265,4123.84,86.0
2026-09-28 22:21:00,4123.75,4124.5,4123.73,4124.39,145.0
2026-09-28 22:22:00,4124.43,4125.73,4124.33,4125.525,134.0
2026-09-28 22:23:00,4125.54,4126.865,4125.525,4126.025,191.0
2026-09-28 22:24:00,4126.055,4126.055,4125.13,4125.39,120.0
2026-09-28 22:25:00,4125.405,4125.425,4124.335,4124.48,123.0
2026-09-28 22:26:00,4124.47,4124.95,4124.19,4124.895,203.0
2026-09-28 22:27:00,4124.75,4125.655,4124.33,4125.645,130.0
2026-09-28 22:28:00,4125.655,4126.74,4125.415,4126.065,157.0
2026-09-28 22:29:00,4126.06,4126.06,4125.42,4125.56,101.0
2026-09-28 22:30:00,4125.545,4125.55,4122.15,4122.165,370.0
2026-09-28 22:31:00,4122.215,4122.57,4121.75,4121.82,169.0
2026-09-28 22:32:00,4121.795,4122.945,4121.435,4122.57,218.0
2026-09-28 22:33:00,4122.575,4123.06,4122.27,4122.915,165.0
2026-09-28 22:34:00,4122.895,4123.095,4122.75,4123.095,105.0
2026-09-28 22:35:00,4123.035,4123.24,4122.745,4123.205,76.0
2026-09-28 22:36:00,4123.255,4124.1,4122.68,4122.825,158.0
2026-09-28 22:37:00,4123.03,4123.52,4122.78,4123.485,172.0
2026-09-28 22:38:00,4123.455,4123.955,4123.435,4123.62,103.0
2026-09-28 22:39:00,4123.61,4123.625,4122.2,4122.265,124.0
2026-09-28 22:40:00,4122.315,4124.965,4122.27,4124.965,158.0
2026-09-28 22:41:00,4124.945,4125.505,4124.94,4125.065,119.0
2026-09-28 22:42:00,4125.22,4125.535,4124.935,4125.02,115.0
2026-09-28 22:43:00,4124.995,4124.995,4124.54,4124.71,121.0
2026-09-28 22:44:00,4124.66,4124.735,4123.85,4123.94,115.0
2026-09-28 22:45:00,4123.93,4124.965,4123.86,4124.945,162.0
2026-09-28 22:46:00,4125.0,4125.215,4124.415,4124.705,134.0
2026-09-28 22:47:00,4124.645,4124.645,4124.18,4124.21,77.0
2026-09-28 22:48:00,4124.37,4124.435,4123.955,4124.37,124.0
2026-09-28 22:49:00,4124.39,4124.72,4124.235,4124.25,78.0
2026-09-28 22:50:00,4124.25,4124.355,4123.435,4123.46,83.0
2026-09-28 22:51:00,4123.44,4123.855,4121.855,4121.855,185.0
2026-09-28 22:52:00,4121.955,4122.03,4120.815,4120.835,144.0
2026-09-28 22:53:00,4120.845,4121.325,4120.495,4121.055,158.0
2026-09-28 22:54:00,4121.065,4122.08,4121.065,4121.725,186.0
2026-09-28 22:55:00,4121.72,4121.91,4121.24,4121.885,181.0
2026-09-28 22:56:00,4121.94,4121.985,4121.54,4121.98,114.0
2026-09-28 22:57:00,4121.91,4122.045,4121.68,4121.955,116.0
2026-09-28 22:58:00,4121.935,4121.965,4121.465,4121.475,104.0
2026-09-28 22:59:00,4121.47,4122.045,4121.445,4121.695,170.0
2026-09-28 23:00:00,4121.795,4123.32,4121.42,4123.32,263.0
2026-09-28 23:01:00,4123.345,4123.505,4122.58,4122.965,157.0
2026-09-28 23:02:00,4122.955,4123.01,4122.16,4122.415,182.0
2026-09-28 23:03:00,4122.365,4122.925,4122.185,4122.74,84.0
2026-09-28 23:04:00,4122.745,4122.76,4121.875,4122.06,131.0
2026-09-28 23:05:00,4122.055,4123.43,4122.04,4123.115,174.0
2026-09-28 23:06:00,4123.12,4123.605,4123.115,4123.415,185.0
2026-09-28 23:07:00,4123.41,4123.41,4122.64,4122.76,130.0
2026-09-28 23:08:00,4122.765,4123.155,4122.755,4123.125,116.0
2026-09-28 23:09:00,4123.1,4123.1,4122.92,4122.93,90.0
2026-09-28 23:10:00,4123.01,4123.725,4122.57,4123.535,164.0
2026-09-28 23:11:00,4123.55,4125.07,4123.55,4124.68,187.0
2026-09-28 23:12:00,4124.665,4125.225,4124.475,4124.865,181.0
2026-09-28 23:13:00,4124.85,4124.855,4123.625,4124.025,210.0
2026-09-28 23:14:00,4123.995,4125.605,4123.54,4125.505,203.0
2026-09-28 23:15:00,4125.515,4125.515,4124.4,4124.56,104.0
2026-09-28 23:16:00,4124.565,4125.93,4124.465,4125.725,115.0
2026-09-28 23:17:00,4125.675,4125.725,4124.295,4124.71,130.0
2026-09-28 23:18:00,4124.555,4125.02,4124.395,4124.86,70.0
2026-09-28 23:19:00,4124.72,4125.34,4124.06,4125.085,92.0
2026-09-28 23:20:00,4125.015,4125.325,4124.58,4125.215,93.0
2026-09-28 23:21:00,4125.165,4125.215,4124.345,4124.695,64.0
2026-09-28 23:22:00,4124.645,4125.265,4124.645,4125.035,68.0
2026-09-28 23:23:00,4124.985,4126.225,4124.985,4126.165,112.0
2026-09-28 23:24:00,4126.155,4126.545,4125.975,4126.545,111.0
2026-09-28 23:25:00,4126.56,4128.12,4126.545,4128.12,111.0
2026-09-28 23:26:00,4128.225,4129.065,4127.835,4128.65,124.0
2026-09-28 23:27:00,4128.615,4129.07,4128.09,4128.325,108.0
2026-09-28 23:28:00,4128.285,4128.45,4128.14,4128.25,46.0
2026-09-28 23:29:00,4128.2,4128.75,4128.2,4128.44,66.0
2026-09-28 23:30:00,4128.39,4129.065,4127.995,4128.625,154.0
2026-09-28 23:31:00,4128.435,4128.53,4127.945,4128.075,79.0
2026-09-28 23:32:00,4128.025,4128.69,4127.59,4128.685,72.0
2026-09-28 23:33:00,4128.895,4129.035,4127.685,4127.795,71.0
2026-09-28 23:34:00,4127.785,4128.08,4127.23,4127.26,133.0
2026-09-28 23:35:00,4127.34,4127.595,4125.88,4125.88,110.0
2026-09-28 23:36:00,4125.965,4126.45,4125.76,4125.97,71.0
2026-09-28 23:37:00,4126.01,4127.255,4126.0,4127.255,104.0
2026-09-28 23:38:00,4127.235,4127.63,4126.99,4127.415,64.0
2026-09-28 23:39:00,4127.41,4128.22,4127.36,4128.17,83.0
2026-09-28 23:40:00,4128.145,4128.225,4127.23,4127.3,94.0
2026-09-28 23:41:00,4127.305,4128.07,4125.865,4128.07,147.0
2026-09-28 23:42:00,4128.02,4128.085,4126.87,4127.35,122.0
2026-09-28 23:43:00,4127.29,4127.91,4127.29,4127.605,79.0
2026-09-28 23:44:00,4127.56,4127.56,4126.37,4126.47,67.0
2026-09-28 23:45:00,4126.495,4126.83,4124.52,4124.52,263.0
2026-09-28 23:46:00,4124.62,4124.645,4122.13,4122.8,250.0
2026-09-28 23:47:00,4122.92,4124.06,4122.92,4123.335,139.0
2026-09-28 23:48:00,4123.43,4123.715,4122.33,4122.355,154.0
2026-09-28 23:49:00,4122.405,4123.68,4122.25,4123.59,161.0
2026-09-28 23:50:00,4123.69,4123.99,4123.18,4123.555,255.0
2026-09-28 23:51:00,4123.56,4124.755,4123.23,4124.215,181.0
2026-09-28 23:52:00,4124.16,4124.685,4124.03,4124.17,169.0
2026-09-28 23:53:00,4124.185,4125.23,4124.185,4124.85,176.0
2026-09-28 23:54:00,4124.865,4124.865,4123.525,4124.765,188.0
2026-09-28 23:55:00,4124.8,4125.405,4124.1,4124.4,213.0
2026-09-28 23:56:00,4124.405,4125.03,4123.94,4124.395,171.0
2026-09-28 23:57:00,4124.39,4126.35,4124.055,4126.255,226.0
2026-09-28 23:58:00,4126.205,4126.985,4125.415,4126.915,215.0
2026-09-28 23:59:00,4126.88,4127.72,4126.46,4127.485,254.0
2026-09-29 00:00:00,4127.515,4128.09,4125.93,4126.385,685.0
2026-09-29 00:01:00,4126.36,4126.65,4124.91,4126.645,643.0
2026-09-29 00:02:00,4126.665,4127.48,4125.475,4127.04,421.0
2026-09-29 00:03:00,4126.94,4126.94,4123.61,4124.445,580.0
2026-09-29 00:04:00,4124.47,4125.49,4123.385,4124.285,576.0
2026-09-29 00:05:00,4124.3,4125.37,4123.48,4123.7,453.0
2026-09-29 00:06:00,4123.72,4126.38,4122.995,4124.76,691.0
2026-09-29 00:07:00,4124.75,4125.945,4124.4,4124.455,411.0
2026-09-29 00:08:00,4124.46,4124.92,4123.835,4124.675,352.0
2026-09-29 00:09:00,4124.64,4124.83,4122.66,4122.66,562.0
2026-09-29 00:10:00,4122.665,4123.64,4120.53,4121.415,902.0
2026-09-29 00:11:00,4121.275,4121.735,4120.415,4120.88,698.0
2026-09-29 00:12:00,4120.9,4122.24,4120.375,4121.735,567.0
2026-09-29 00:13:00,4121.79,4123.525,4120.855,4122.935,589.0
2026-09-29 00:14:00,4122.97,4123.065,4122.075,4122.545,550.0
2026-09-29 00:15:00,4122.54,4122.76,4119.875,4120.055,1141.0
2026-09-29 00:16:00,4120.05,4120.37,4118.545,4118.78,478.0
2026-09-29 00:17:00,4118.83,4119.44,4115.505,4116.72,774.0
2026-09-29 00:18:00,4116.71,4116.82,4114.54,4115.95,805.0
2026-09-29 00:19:00,4115.855,4118.405,4115.34,4117.835,557.0
2026-09-29 00:20:00,4117.85,4118.645,4116.51,4118.34,948.0
2026-09-29 00:21:00,4118.315,4119.775,4116.45,4117.08,806.0
2026-09-29 00:22:00,4117.13,4118.695,4116.22,4116.52,528.0
2026-09-29 00:23:00,4116.605,4117.14,4114.91,4115.185,575.0
2026-09-29 00:24:00,4115.235,4118.105,4115.07,4117.465,379.0
2026-09-29 00:25:00,4117.325,4118.465,4115.715,4115.715,462.0
2026-09-29 00:26:00,4115.76,4119.13,4115.37,4119.03,530.0
2026-09-29 00:27:00,4119.05,4119.365,4116.16,4119.18,631.0
2026-09-29 00:28:00,4119.185,4122.535,4118.99,4122.225,998.0
2026-09-29 00:29:00,4122.18,4122.845,4120.99,4121.455,833.0
2026-09-29 00:30:00,4121.405,4122.585,4120.955,4121.125,789.0
2026-09-29 00:31:00,4121.155,4121.875,4119.405,4119.755,963.0
2026-09-29 00:32:00,4119.76,4122.6,4119.675,4122.2,804.0
2026-09-29 00:33:00,4122.22,4123.565,4121.505,4123.565,688.0
2026-09-29 00:34:00,4123.485,4126.61,4122.325,4125.54,1040.0
2026-09-29 00:35:00,4125.51,4126.78,4125.34,4125.44,772.0
2026-09-29 00:36:00,4125.405,4126.04,4124.31,4125.225,645.0
2026-09-29 00:37:00,4125.23,4125.23,4123.74,4124.675,506.0
2026-09-29 00:38:00,4124.55,4124.585,4123.005,4123.485,743.0
2026-09-29 00:39:00,4123.49,4124.335,4122.605,4122.68,728.0
2026-09-29 00:40:00,4122.65,4122.9,4121.775,4121.775,424.0
2026-09-29 00:41:00,4121.79,4124.14,4121.62,4122.91,406.0
2026-09-29 00:42:00,4122.87,4123.195,4122.11,4122.495,511.0
2026-09-29 00:43:00,4122.545,4122.56,4121.475,4121.605,411.0
2026-09-29 00:44:00,4121.585,4121.805,4119.88,4120.4,504.0
2026-09-29 00:45:00,4120.36,4120.54,4116.905,4117.685,830.0
2026-09-29 00:46:00,4117.675,4119.485,4117.26,4117.465,691.0
2026-09-29 00:47:00,4117.46,4117.935,4116.05,4117.635,677.0
2026-09-29 00:48:00,4117.66,4117.85,4114.68,4117.32,654.0
2026-09-29 00:49:00,4117.29,4120.165,4116.935,4117.93,710.0
2026-09-29 00:50:00,4117.94,4119.855,4117.51,4119.755,730.0
2026-09-29 00:51:00,4119.715,4120.41,4115.55,4115.675,894.0
2026-09-29 00:52:00,4115.65,4116.21,4114.44,4115.82,682.0
2026-09-29 00:53:00,4115.86,4116.8,4115.765,4116.74,408.0
2026-09-29 00:54:00,4116.73,4117.29,4115.71,4117.275,554.0
2026-09-29 00:55:00,4117.22,4119.98,4116.705,4117.505,842.0
2026-09-29 00:56:00,4117.51,4119.11,4117.46,4118.83,641.0
2026-09-29 00:57:00,4118.79,4119.02,4116.665,4117.25,599.0
2026-09-29 00:58:00,4117.215,4122.14,4117.065,4121.69,720.0
2026-09-29 00:59:00,4121.645,4122.305,4117.935,4117.945,1096.0
2026-09-29 01:00:00,4117.86,4118.845,4113.485,4116.26,1901.0
2026-09-29 01:01:00,4116.35,4122.405,4113.97,4121.02,1771.0
2026-09-29 01:02:00,4121.015,4124.72,4120.79,4121.58,1511.0
2026-09-29 01:03:00,4121.59,4124.265,4119.295,4123.825,1794.0
2026-09-29 01:04:00,4123.68,4123.685,4118.41,4118.58,1585.0
2026-09-29 01:05:00,4118.53,4122.655,4117.575,4122.135,796.0
2026-09-29 01:06:00,4122.13,4123.545,4118.115,4118.395,807.0
2026-09-29 01:07:00,4118.365,4119.18,4114.415,4115.48,1018.0
2026-09-29 01:08:00,4115.53,4121.4,4115.48,4119.5,944.0
2026-09-29 01:09:00,4119.495,4121.005,4119.195,4121.005,1203.0
2026-09-29 01:10:00,4120.995,4121.985,4119.615,4121.395,1229.0
2026-09-29 01:11:00,4121.42,4121.945,4117.69,4118.04,774.0
2026-09-29 01:12:00,4117.99,4124.55,4117.84,4123.485,1286.0
2026-09-29 01:13:00,4123.47,4124.34,4121.75,4123.07,1255.0
2026-09-29 01:14:00,4123.0,4125.39,4122.825,4124.54,916.0
2026-09-29 01:15:00,4124.44,4126.945,4122.88,4126.775,898.0
2026-09-29 01:16:00,4126.825,4127.965,4124.39,4124.39,602.0
2026-09-29 01:17:00,4124.375,4125.025,4119.395,4120.1,1159.0
2026-09-29 01:18:00,4119.94,4120.81,4116.75,4120.26,812.0
2026-09-29 01:19:00,4120.305,4125.365,4119.895,4124.26,760.0
2026-09-29 01:20:00,4124.29,4126.205,4124.09,4125.455,993.0
2026-09-29 01:21:00,4125.535,4129.625,4124.73,4129.33,1018.0
2026-09-29 01:22:00,4129.385,4130.12,4125.095,4126.37,687.0
2026-09-29 01:23:00,4126.445,4129.465,4126.41,4129.075,810.0
2026-09-29 01:24:00,4129.055,4130.975,4128.415,4130.315,550.0
2026-09-29 01:25:00,4130.305,4131.29,4129.745,4130.635,895.0
2026-09-29 01:26:00,4130.78,4131.525,4126.9,4127.81,723.0
2026-09-29 01:27:00,4127.83,4129.96,4127.37,4128.925,1003.0
2026-09-29 01:28:00,4128.85,4131.16,4128.85,4130.795,541.0
2026-09-29 01:29:00,4130.805,4131.935,4129.84,4129.985,786.0
2026-09-29 01:30:00,4130.025,4131.575,4128.72,4131.575,953.0
2026-09-29 01:31:00,4131.545,4131.545,4128.385,4128.385,798.0
2026-09-29 01:32:00,4128.435,4129.305,4127.015,4129.12,940.0
2026-09-29 01:33:00,4129.07,4131.605,4128.035,4128.185,659.0
2026-09-29 01:34:00,4128.135,4131.075,4127.92,4130.985,575.0
2026-09-29 01:35:00,4130.935,4131.125,4127.04,4128.055,572.0
2026-09-29 01:36:00,4128.065,4129.085,4125.915,4127.825,821.0
2026-09-29 01:37:00,4127.825,4130.155,4126.825,4126.97,780.0
2026-09-29 01:38:00,4127.01,4128.16,4125.835,4125.94,780.0
2026-09-29 01:39:00,4125.895,4127.115,4125.02,4125.6,720.0
2026-09-29 01:40:00,4125.745,4127.18,4124.53,4126.41,955.0
2026-09-29 01:41:00,4126.495,4129.775,4125.845,4129.72,613.0
2026-09-29 01:42:00,4129.91,4133.51,4129.705,4131.015,676.0
2026-09-29 01:43:00,4131.0,4132.2,4130.385,4131.33,689.0
2026-09-29 01:44:00,4131.28,4134.12,4130.7,4134.12,593.0
2026-09-29 01:45:00,4134.085,4135.285,4132.89,4134.66,584.0
2026-09-29 01:46:00,4134.645,4135.13,4132.95,4133.595,403.0
2026-09-29 01:47:00,4133.615,4135.575,4133.615,4135.295,638.0
2026-09-29 01:48:00,4135.345,4136.955,4135.13,4136.545,606.0
2026-09-29 01:49:00,4136.525,4137.21,4134.905,4135.175,777.0
2026-09-29 01:50:00,4135.255,4136.2,4132.525,4132.965,876.0
2026-09-29 01:51:00,4133.005,4133.62,4130.695,4130.695,696.0
2026-09-29 01:52:00,4130.685,4135.1,4130.35,4135.095,795.0
2026-09-29 01:53:00,4135.135,4135.3,4132.765,4132.765,540.0
2026-09-29 01:54:00,4132.73,4136.06,4132.565,4135.775,477.0
2026-09-29 01:55:00,4135.79,4135.835,4134.72,4135.295,360.0
2026-09-29 01:56:00,4135.32,4135.42,4133.905,4134.81,437.0
2026-09-29 01:57:00,4134.83,4135.84,4134.83,4135.405,345.0
2026-09-29 01:58:00,4135.265,4136.235,4135.115,4135.3,230.0
2026-09-29 01:59:00,4135.535,4135.535,4134.395,4135.435,271.0
2026-09-29 02:00:00,4135.365,4136.39,4134.29,4134.795,590.0
2026-09-29 02:01:00,4134.735,4135.635,4131.465,4132.61,568.0
2026-09-29 02:02:00,4132.62,4134.075,4131.62,4131.745,514.0
2026-09-29 02:03:00,4131.675,4132.535,4130.56,4130.635,510.0
2026-09-29 02:04:00,4130.6,4131.69,4130.065,4131.285,572.0
2026-09-29 02:05:00,4131.27,4131.985,4130.3,4130.48,612.0
2026-09-29 02:06:00,4130.49,4131.14,4128.94,4130.225,455.0
2026-09-29 02:07:00,4130.23,4131.07,4127.665,4127.85,509.0
2026-09-29 02:08:00,4127.835,4128.375,4126.64,4128.375,598.0
2026-09-29 02:09:00,4128.36,4128.93,4127.105,4127.21,428.0
2026-09-29 02:10:00,4127.245,4129.89,4127.245,4129.715,625.0
2026-09-29 02:11:00,4129.72,4131.62,4129.435,4131.18,363.0
2026-09-29 02:12:00,4131.23,4133.07,4130.365,4132.025,450.0
2026-09-29 02:13:00,4132.035,4132.88,4130.755,4132.485,441.0
2026-09-29 02:14:00,4132.52,4133.02,4131.77,4132.055,357.0
2026-09-29 02:15:00,4132.16,4133.06,4131.19,4132.06,359.0
2026-09-29 02:16:00,4132.015,4132.63,4131.085,4132.17,386.0
2026-09-29 02:17:00,4132.12,4132.29,4131.315,4131.41,321.0
2026-09-29 02:18:00,4131.39,4134.405,4131.25,4133.915,337.0
2026-09-29 02:19:00,4133.97,4135.185,4133.915,4135.07,428.0
2026-09-29 02:20:00,4135.02,4135.355,4133.14,4134.075,650.0
2026-09-29 02:21:00,4134.1,4134.1,4131.42,4131.78,555.0
2026-09-29 02:22:00,4131.91,4133.105,4130.935,4132.15,686.0
2026-09-29 02:23:00,4132.165,4135.62,4132.165,4134.79,529.0
2026-09-29 02:24:00,4134.78,4136.205,4133.41,4133.6,450.0
2026-09-29 02:25:00,4133.595,4134.965,4132.42,4134.965,466.0
2026-09-29 02:26:00,4134.975,4135.025,4132.18,4132.665,475.0
2026-09-29 02:27:00,4132.595,4133.83,4132.355,4133.24,338.0
2026-09-29 02:28:00,4133.325,4134.045,4132.605,4133.225,416.0
2026-09-29 02:29:00,4133.26,4135.335,4133.09,4135.05,361.0
2026-09-29 02:30:00,4135.08,4137.195,4135.08,4135.285,824.0
2026-09-29 02:31:00,4135.29,4137.985,4135.07,4137.275,534.0
2026-09-29 02:32:00,4137.165,4138.105,4136.28,4136.3,540.0
2026-09-29 02:33:00,4136.265,4136.335,4135.105,4135.88,669.0
2026-09-29 02:34:00,4135.89,4137.835,4135.685,4137.245,594.0
2026-09-29 02:35:00,4137.29,4137.5,4133.645,4133.655,607.0
2026-09-29 02:36:00,4133.63,4135.2,4133.405,4134.22,609.0
2026-09-29 02:37:00,4134.175,4135.725,4134.085,4135.645,391.0
2026-09-29 02:38:00,4135.66,4137.135,4135.08,4136.585,405.0
2026-09-29 02:39:00,4136.605,4137.58,4135.88,4136.4,389.0
2026-09-29 02:40:00,4136.41,4136.54,4133.665,4133.915,572.0
2026-09-29 02:41:00,4133.865,4134.695,4133.05,4133.22,526.0
2026-09-29 02:42:00,4133.185,4134.73,4133.15,4134.03,349.0
2026-09-29 02:43:00,4134.005,4138.175,4133.935,4137.62,449.0
2026-09-29 02:44:00,4137.47,4137.77,4135.775,4136.56,358.0
2026-09-29 02:45:00,4136.57,4137.795,4135.71,4137.655,450.0
2026-09-29 02:46:00,4137.64,4138.25,4136.89,4137.135,375.0
2026-09-29 02:47:00,4137.055,4138.08,4136.545,4137.255,299.0
2026-09-29 02:48:00,4137.385,4138.76,4136.825,4138.76,414.0
2026-09-29 02:49:00,4138.78,4138.78,4137.01,4138.165,360.0
2026-09-29 02:50:00,4138.155,4138.74,4137.67,4137.945,344.0
2026-09-29 02:51:00,4137.925,4138.345,4136.11,4136.51,401.0
2026-09-29 02:52:00,4136.495,4137.935,4136.36,4136.63,481.0
2026-09-29 02:53:00,4136.6,4137.345,4136.255,4137.105,397.0
2026-09-29 02:54:00,4137.19,4137.765,4136.66,4137.335,232.0
2026-09-29 02:55:00,4137.34,4138.685,4136.14,4137.665,331.0
2026-09-29 02:56:00,4137.71,4138.295,4136.64,4136.75,279.0
2026-09-29 02:57:00,4136.795,4139.32,4136.645,4138.555,265.0
2026-09-29 02:58:00,4138.49,4139.41,4138.085,4138.915,317.0
2026-09-29 02:59:00,4138.9,4138.915,4137.27,4137.65,495.0
2026-09-29 03:00:00,4137.615,4138.36,4136.665,4137.48,535.0
2026-09-29 03:01:00,4137.51,4138.815,4137.3,4137.98,343.0
2026-09-29 03:02:00,4138.0,4138.745,4136.42,4138.42,487.0
2026-09-29 03:03:00,4138.4,4139.35,4136.895,4136.895,472.0
2026-09-29 03:04:00,4136.87,4136.88,4134.98,4135.0,631.0
2026-09-29 03:05:00,4135.095,4135.96,4134.265,4135.96,524.0
2026-09-29 03:06:00,4135.965,4137.385,4135.685,4137.36,464.0
2026-09-29 03:07:00,4137.34,4138.975,4136.5,4138.465,304.0
2026-09-29 03:08:00,4138.44,4138.45,4135.645,4135.885,571.0
2026-09-29 03:09:00,4135.89,4136.21,4134.775,4135.915,612.0
2026-09-29 03:10:00,4135.895,4136.18,4134.045,4135.59,562.0
2026-09-29 03:11:00,4135.595,4135.96,4134.01,4134.305,460.0
2026-09-29 03:12:00,4134.29,4134.935,4134.01,4134.42,440.0
2026-09-29 03:13:00,4134.485,4135.37,4134.265,4134.33,387.0
2026-09-29 03:14:00,4134.335,4134.935,4133.75,4134.925,501.0
2026-09-29 03:15:00,4134.91,4135.9,4134.76,4135.825,457.0
2026-09-29 03:16:00,4135.805,4136.305,4135.21,4135.765,377.0
2026-09-29 03:17:00,4135.73,4136.075,4134.76,4134.9,381.0
2026-09-29 03:18:00,4134.895,4135.77,4133.795,4134.235,446.0
2026-09-29 03:19:00,4134.215,4135.16,4133.82,4134.635,457.0
2026-09-29 03:20:00,4134.69,4135.875,4134.355,4135.665,312.0
2026-09-29 03:21:00,4135.5,4137.195,4135.175,4136.015,337.0
2026-09-29 03:22:00,4135.94,4136.16,4135.05,4135.175,246.0
2026-09-29 03:23:00,4135.125,4137.26,4135.11,4136.47,333.0
2026-09-29 03:24:00,4136.435,4137.545,4136.02,4137.525,226.0
2026-09-29 03:25:00,4137.42,4138.125,4135.93,4137.815,339.0
2026-09-29 03:26:00,4137.845,4138.545,4136.485,4136.485,214.0
2026-09-29 03:27:00,4136.535,4137.565,4136.48,4137.165,231.0
2026-09-29 03:28:00,4137.24,4139.755,4137.24,4139.5,298.0
2026-09-29 03:29:00,4139.565,4139.925,4138.82,4139.51,383.0
2026-09-29 03:30:00,4139.415,4140.29,4138.42,4139.9,393.0
2026-09-29 03:31:00,4139.95,4140.275,4139.205,4139.29,242.0
2026-09-29 03:32:00,4139.28,4139.28,4138.42,4138.95,224.0
2026-09-29 03:33:00,4138.855,4138.94,4137.615,4138.68,192.0
2026-09-29 03:34:00,4138.695,4138.76,4138.07,4138.635,183.0
2026-09-29 03:35:00,4138.64,4139.055,4136.385,4136.955,267.0
2026-09-29 03:36:00,4136.92,4137.82,4136.705,4137.47,266.0
2026-09-29 03:37:00,4137.45,4137.825,4136.395,4137.08,246.0
2026-09-29 03:38:00,4137.135,4139.385,4137.08,4138.255,185.0
2026-09-29 03:39:00,4138.23,4139.99,4137.685,4139.685,245.0
2026-09-29 03:40:00,4139.675,4140.12,4138.49,4140.1,406.0
2026-09-29 03:41:00,4140.125,4140.31,4139.82,4139.985,263.0
2026-09-29 03:42:00,4140.005,4140.385,4139.33,4139.33,280.0
2026-09-29 03:43:00,4139.345,4140.09,4138.77,4138.775,339.0
2026-09-29 03:44:00,4138.83,4139.08,4136.595,4136.755,334.0
2026-09-29 03:45:00,4136.74,4137.03,4135.61,4135.685,491.0
2026-09-29 03:46:00,4135.675,4136.295,4134.56,4134.615,281.0
2026-09-29 03:47:00,4134.565,4136.865,4134.265,4136.77,231.0
2026-09-29 03:48:00,4136.65,4137.02,4136.02,4136.895,212.0
2026-09-29 03:49:00,4136.84,4137.41,4136.625,4137.025,144.0
2026-09-29 03:50:00,4137.095,4137.1,4136.195,4136.34,219.0
2026-09-29 03:51:00,4136.305,4137.255,4135.385,4135.4,326.0
2026-09-29 03:52:00,4135.41,4135.755,4134.76,4135.635,290.0
2026-09-29 03:53:00,4135.615,4135.97,4134.37,4134.37,319.0
2026-09-29 03:54:00,4134.385,4135.58,4134.315,4135.58,293.0
2026-09-29 03:55:00,4135.575,4136.05,4133.37,4133.53,440.0
2026-09-29 03:56:00,4133.475,4133.655,4131.76,4132.67,347.0
2026-09-29 03:57:00,4132.72,4133.31,4131.53,4132.8,284.0
2026-09-29 03:58:00,4132.8,4133.195,4131.975,4132.95,325.0
2026-09-29 03:59:00,4132.955,4134.25,4132.895,4134.05,214.0
2026-09-29 04:00:00,4133.965,4134.265,4132.615,4132.92,304.0
2026-09-29 04:01:00,4132.8,4132.99,4131.62,4131.725,260.0
2026-09-29 04:02:00,4131.695,4132.38,4131.29,4132.205,217.0
2026-09-29 04:03:00,4132.19,4132.385,4131.205,4132.13,195.0
2026-09-29 04:04:00,4132.115,4132.425,4131.48,4132.065,205.0
2026-09-29 04:05:00,4132.145,4132.205,4130.495,4130.83,206.0
2026-09-29 04:06:00,4130.865,4131.66,4130.865,4131.04,174.0
2026-09-29 04:07:00,4131.0,4131.355,4130.66,4130.67,154.0
2026-09-29 04:08:00,4130.715,4131.445,4130.42,4131.08,165.0
2026-09-29 04:09:00,4131.065,4132.235,4130.72,4132.235,123.0
2026-09-29 04:10:00,4132.2,4132.335,4131.07,4131.1,205.0
2026-09-29 04:11:00,4131.095,4131.68,4130.635,4130.655,156.0
2026-09-29 04:12:00,4130.645,4132.335,4129.94,4131.075,286.0
2026-09-29 04:13:00,4131.05,4131.575,4130.87,4131.25,210.0
2026-09-29 04:14:00,4131.24,4131.76,4130.475,4131.29,140.0
2026-09-29 04:15:00,4131.25,4131.565,4129.855,4130.1,425.0
2026-09-29 04:16:00,4130.02,4132.12,4129.975,4131.29,211.0
2026-09-29 04:17:00,4131.285,4132.07,4130.92,4131.02,215.0
2026-09-29 04:18:00,4131.005,4131.64,4130.945,4131.47,183.0
2026-09-29 04:19:00,4131.58,4131.59,4130.745,4130.745,246.0
2026-09-29 04:20:00,4130.725,4130.785,4129.695,4130.59,370.0
2026-09-29 04:21:00,4130.57,4131.24,4130.475,4131.24,254.0
2026-09-29 04:22:00,4131.17,4131.17,4129.55,4129.715,240.0
2026-09-29 04:23:00,4129.92,4130.14,4129.415,4129.525,182.0
2026-09-29 04:24:00,4129.49,4130.105,4129.25,4129.995,207.0
2026-09-29 04:25:00,4129.985,4130.37,4129.54,4129.91,267.0
2026-09-29 04:26:00,4129.95,4130.035,4128.98,4128.98,128.0
2026-09-29 04:27:00,4128.93,4129.705,4128.58,4129.125,123.0
2026-09-29 04:28:00,4129.175,4129.72,4128.98,4129.03,132.0
2026-09-29 04:29:00,4129.02,4129.965,4128.97,4129.74,209.0
2026-09-29 04:30:00,4129.83,4131.98,4129.39,4131.365,485.0
2026-09-29 04:31:00,4131.375,4131.985,4129.825,4130.0,516.0
2026-09-29 04:32:00,4129.98,4130.92,4129.78,4130.1,365.0
2026-09-29 04:33:00,4130.05,4130.05,4127.89,4128.055,221.0
2026-09-29 04:34:00,4128.105,4128.35,4126.315,4126.395,236.0
2026-09-29 04:35:00,4126.545,4127.03,4126.065,4126.085,233.0
2026-09-29 04:36:00,4126.09,4126.625,4125.78,4125.92,259.0
2026-09-29 04:37:00,4126.02,4126.455,4125.255,4125.255,291.0
2026-09-29 04:38:00,4125.165,4126.025,4124.745,4125.86,282.0
2026-09-29 04:39:00,4125.91,4126.57,4125.055,4126.135,184.0
2026-09-29 04:40:00,4126.335,4127.07,4125.785,4126.04,215.0
2026-09-29 04:41:00,4125.99,4126.495,4125.515,4125.625,181.0
2026-09-29 04:42:00,4125.525,4127.08,4125.18,4126.765,230.0
2026-09-29 04:43:00,4126.69,4127.765,4126.39,4126.39,174.0
2026-09-29 04:44:00,4126.49,4127.285,4126.19,4127.085,144.0
2026-09-29 04:45:00,4127.12,4127.545,4126.8,4127.0,172.0
2026-09-29 04:46:00,4127.015,4127.765,4126.705,4127.435,160.0
2026-09-29 04:47:00,4127.265,4127.435,4126.215,4126.605,142.0
2026-09-29 04:48:00,4126.6,4126.885,4126.245,4126.785,82.0
2026-09-29 04:49:00,4126.735,4127.225,4125.96,4126.73,136.0
2026-09-29 04:50:00,4126.63,4127.07,4126.25,4127.03,96.0
2026-09-29 04:51:00,4126.93,4127.39,4126.565,4127.34,128.0
2026-09-29 04:52:00,4127.29,4128.785,4127.24,4127.81,136.0
2026-09-29 04:53:00,4127.765,4128.31,4127.54,4128.31,142.0
2026-09-29 04:54:00,4128.36,4128.785,4127.605,4128.01,121.0
2026-09-29 04:55:00,4128.015,4128.015,4127.16,4127.685,138.0
2026-09-29 04:56:00,4127.655,4127.76,4126.195,4126.375,191.0
2026-09-29 04:57:00,4126.38,4127.325,4126.295,4126.85,180.0
2026-09-29 04:58:00,4126.83,4127.71,4126.62,4127.645,160.0
2026-09-29 04:59:00,4127.695,4127.715,4126.4,4126.875,145.0
2026-09-29 05:00:00,4126.845,4127.485,4126.09,4127.44,262.0
2026-09-29 05:01:00,4127.445,4128.65,4127.015,4128.55,303.0
2026-09-29 05:02:00,4128.575,4128.8,4127.85,4127.95,267.0
2026-09-29 05:03:00,4128.1,4128.53,4127.77,4128.08,144.0
2026-09-29 05:04:00,4128.07,4129.18,4127.69,4128.665,177.0
2026-09-29 05:05:00,4128.615,4128.615,4125.915,4126.0,317.0
2026-09-29 05:06:00,4126.015,4127.61,4125.785,4126.665,310.0
2026-09-29 05:07:00,4126.675,4127.705,4126.63,4127.06,328.0
2026-09-29 05:08:00,4127.22,4129.63,4127.22,4129.205,256.0
2026-09-29 05:09:00,4129.155,4130.485,4129.105,4130.01,207.0
2026-09-29 05:10:00,4129.995,4130.1,4126.755,4127.385,415.0
2026-09-29 05:11:00,4127.435,4129.18,4127.31,4129.13,252.0
2026-09-29 05:12:00,4129.1,4129.455,4127.525,4128.54,310.0
2026-09-29 05:13:00,4128.56,4129.605,4128.355,4129.19,305.0
2026-09-29 05:14:00,4129.185,4129.2,4128.475,4128.63,276.0
2026-09-29 05:15:00,4128.715,4129.045,4127.215,4127.345,278.0
2026-09-29 05:16:00,4127.335,4128.225,4127.035,4128.015,269.0
2026-09-29 05:17:00,4127.985,4130.33,4127.105,4130.33,309.0
2026-09-29 05:18:00,4130.38,4131.555,4129.91,4131.45,318.0
2026-09-29 05:19:00,4131.325,4131.715,4130.31,4130.62,240.0
2026-09-29 05:20:00,4130.67,4130.89,4129.36,4130.805,291.0
2026-09-29 05:21:00,4130.705,4131.34,4129.285,4130.51,260.0
2026-09-29 05:22:00,4130.505,4131.905,4130.19,4131.86,308.0
2026-09-29 05:23:00,4131.85,4132.595,4131.48,4132.3,351.0
2026-09-29 05:24:00,4132.295,4133.155,4131.565,4131.9,393.0
2026-09-29 05:25:00,4131.98,4132.27,4131.47,4131.695,225.0
2026-09-29 05:26:00,4131.63,4132.71,4131.02,4131.12,285.0
2026-09-29 05:27:00,4131.22,4131.805,4130.24,4130.635,181.0
2026-09-29 05:28:00,4130.565,4131.465,4128.58,4131.395,438.0
2026-09-29 05:29:00,4131.29,4131.365,4130.4,4130.41,260.0
2026-09-29 05:30:00,4130.39,4130.455,4126.36,4127.205,1309.0
2026-09-29 05:31:00,4127.215,4128.285,4125.935,4126.325,912.0
2026-09-29 05:32:00,4126.33,4126.34,4124.325,4124.535,722.0
2026-09-29 05:33:00,4124.53,4124.78,4122.21,4122.28,734.0
2026-09-29 05:34:00,4122.37,4124.99,4122.165,4124.345,583.0
2026-09-29 05:35:00,4124.395,4125.735,4123.18,4125.485,861.0
2026-09-29 05:36:00,4125.505,4126.13,4124.435,4125.605,1095.0
2026-09-29 05:37:00,4125.715,4126.49,4124.89,4125.52,578.0
2026-09-29 05:38:00,4125.475,4130.46,4125.26,4130.235,589.0
2026-09-29 05:39:00,4130.365,4135.795,4130.275,4135.365,842.0
2026-09-29 05:40:00,4135.36,4136.635,4134.495,4135.37,825.0
2026-09-29 05:41:00,4135.385,4135.57,4134.12,4134.935,470.0
2026-09-29 05:42:00,4134.84,4134.89,4132.955,4133.685,550.0
2026-09-29 05:43:00,4133.855,4137.45,4132.945,4137.3,473.0
2026-09-29 05:44:00,4137.245,4140.655,4137.1,4138.51,677.0
2026-09-29 05:45:00,4138.515,4139.23,4134.12,4134.14,757.0
2026-09-29 05:46:00,4134.18,4135.75,4134.175,4135.67,515.0
2026-09-29 05:47:00,4135.615,4136.585,4134.53,4136.095,398.0
2026-09-29 05:48:00,4136.045,4137.11,4135.78,4136.325,333.0
2026-09-29 05:49:00,4136.205,4137.05,4135.745,4136.71,380.0
2026-09-29 05:50:00,4136.645,4137.99,4136.235,4137.99,499.0
2026-09-29 05:51:00,4138.085,4138.92,4136.35,4137.725,388.0
2026-09-29 05:52:00,4137.72,4139.91,4137.225,4138.955,490.0
2026-09-29 05:53:00,4138.97,4145.085,4138.595,4145.085,784.0
2026-09-29 05:54:00,4145.115,4145.255,4142.32,4142.455,762.0
2026-09-29 05:55:00,4142.365,4143.69,4142.29,4142.935,713.0
2026-09-29 05:56:00,4142.93,4143.71,4141.075,4141.075,569.0
2026-09-29 05:57:00,4141.025,4141.345,4138.705,4138.705,525.0
2026-09-29 05:58:00,4138.78,4138.785,4136.945,4138.53,475.0
2026-09-29 05:59:00,4138.525,4140.02,4137.535,4139.09,506.0
2026-09-29 06:00:00,4139.085,4143.615,4138.77,4140.47,874.0
2026-09-29 06:01:00,4140.5,4141.285,4139.15,4139.2,833.0
2026-09-29 06:02:00,4139.22,4140.915,4139.16,4140.915,699.0
2026-09-29 06:03:00,4140.965,4143.205,4139.98,4143.015,696.0
2026-09-29 06:04:00,4143.01,4143.41,4141.53,4142.43,658.0
2026-09-29 06:05:00,4142.47,4143.89,4141.96,4142.795,557.0
2026-09-29 06:06:00,4142.67,4143.145,4141.39,4142.49,560.0
2026-09-29 06:07:00,4142.515,4142.84,4141.17,4141.945,673.0
2026-09-29 06:08:00,4141.9,4145.76,4141.9,4144.8,740.0
2026-09-29 06:09:00,4144.76,4145.005,4143.72,4144.115,638.0
2026-09-29 06:10:00,4144.085,4145.42,4143.355,4145.29,668.0
2026-09-29 06:11:00,4145.255,4146.03,4144.785,4145.71,782.0
2026-09-29 06:12:00,4145.705,4145.92,4144.685,4145.74,610.0
2026-09-29 06:13:00,4145.765,4147.995,4145.53,4147.61,733.0
2026-09-29 06:14:00,4147.69,4148.155,4146.835,4146.86,538.0
2026-09-29 06:15:00,4146.85,4148.03,4145.225,4145.54,666.0
2026-09-29 06:16:00,4145.525,4145.525,4143.945,4144.89,793.0
2026-09-29 06:17:00,4144.805,4144.805,4141.155,4141.705,763.0
2026-09-29 06:18:00,4141.7,4142.55,4140.44,4141.965,910.0
2026-09-29 06:19:00,4142.005,4143.995,4141.665,4142.105,560.0
2026-09-29 06:20:00,4142.185,4142.865,4141.565,4142.825,643.0
2026-09-29 06:21:00,4142.82,4143.985,4142.74,4143.635,598.0
2026-09-29 06:22:00,4143.605,4146.34,4142.89,4144.875,1008.0
2026-09-29 06:23:00,4144.88,4145.19,4143.855,4144.38,537.0
2026-09-29 06:24:00,4144.345,4144.795,4143.01,4143.845,668.0
2026-09-29 06:25:00,4143.84,4144.375,4141.82,4141.82,621.0
2026-09-29 06:26:00,4141.81,4143.095,4141.81,4142.65,322.0
2026-09-29 06:27:00,4142.655,4143.78,4142.245,4142.82,346.0
2026-09-29 06:28:00,4142.84,4144.65,4142.83,4142.85,626.0
2026-09-29 06:29:00,4142.86,4144.475,4142.86,4143.325,806.0
2026-09-29 06:30:00,4143.33,4143.94,4142.905,4143.48,1112.0
2026-09-29 06:31:00,4143.53,4144.645,4142.88,4143.72,848.0
2026-09-29 06:32:00,4143.665,4145.46,4142.67,4144.93,452.0
2026-09-29 06:33:00,4144.935,4145.71,4143.97,4144.68,306.0
2026-09-29 06:34:00,4144.565,4144.67,4143.655,4143.855,275.0
2026-09-29 06:35:00,4143.77,4144.06,4142.705,4143.09,394.0
2026-09-29 06:36:00,4143.095,4143.445,4142.54,4143.41,426.0
2026-09-29 06:37:00,4143.435,4143.9,4142.235,4143.125,487.0
2026-09-29 06:38:00,4143.175,4144.185,4142.755,4143.635,537.0
2026-09-29 06:39:00,4143.63,4144.545,4143.43,4143.43,505.0
2026-09-29 06:40:00,4143.475,4143.805,4142.63,4143.49,435.0
2026-09-29 06:41:00,4143.48,4144.515,4142.92,4144.345,371.0
2026-09-29 06:42:00,4144.4,4145.5,4144.4,4144.885,385.0
2026-09-29 06:43:00,4144.85,4145.3,4143.905,4144.38,279.0
2026-09-29 06:44:00,4144.29,4144.355,4141.805,4143.79,501.0
2026-09-29 06:45:00,4143.685,4143.685,4142.78,4143.285,451.0
2026-09-29 06:46:00,4143.275,4143.725,4142.06,4142.16,379.0
2026-09-29 06:47:00,4142.155,4142.965,4141.905,4142.295,376.0
2026-09-29 06:48:00,4142.245,4142.755,4142.18,4142.35,84.0
